Statistic,Year,Sex,Citizenship,value
Estimated Immigration (Persons in April),1996,Both sexes,All Countries,39.2
Estimated Immigration (Persons in April),1996,Both sexes,EU14 excl Irl (countries in the EU pre 2004 excluding UK & Ireland),5.0
Estimated Immigration (Persons in April),1996,Both sexes,United Kingdom,8.3
Estimated Immigration (Persons in April),1996,Both sexes,Ireland,17.7
Estimated Immigration (Persons in April),1996,Both sexes,"All countries excluding Ireland,United Kingdom and EU272020",8.2
Estimated Immigration (Persons in April),1996,Male,All Countries,18.8
Estimated Immigration (Persons in April),1996,Male,EU14 excl Irl (countries in the EU pre 2004 excluding UK & Ireland),2.2
Estimated Immigration (Persons in April),1996,Male,United Kingdom,4.3
Estimated Immigration (Persons in April),1996,Male,Ireland,8.2
Estimated Immigration (Persons in April),1996,Male,"All countries excluding Ireland,United Kingdom and EU272020",4.0
Estimated Immigration (Persons in April),1996,Female,All Countries,20.4
Estimated Immigration (Persons in April),1996,Female,EU14 excl Irl (countries in the EU pre 2004 excluding UK & Ireland),2.8
Estimated Immigration (Persons in April),1996,Female,United Kingdom,3.9
Estimated Immigration (Persons in April),1996,Female,Ireland,9.5
Estimated Immigration (Persons in April),1996,Female,"All countries excluding Ireland,United Kingdom and EU272020",4.2
Estimated Immigration (Persons in April),1997,Both sexes,All Countries,44.5
Estimated Immigration (Persons in April),1997,Both sexes,EU14 excl Irl (countries in the EU pre 2004 excluding UK & Ireland),5.5
Estimated Immigration (Persons in April),1997,Both sexes,United Kingdom,8.4
Estimated Immigration (Persons in April),1997,Both sexes,Ireland,20.8
Estimated Immigration (Persons in April),1997,Both sexes,"All countries excluding Ireland,United Kingdom and EU272020",9.7
Estimated Immigration (Persons in April),1997,Male,All Countries,22.0
Estimated Immigration (Persons in April),1997,Male,EU14 excl Irl (countries in the EU pre 2004 excluding UK & Ireland),2.5
Estimated Immigration (Persons in April),1997,Male,United Kingdom,4.6
Estimated Immigration (Persons in April),1997,Male,Ireland,10.2
Estimated Immigration (Persons in April),1997,Male,"All countries excluding Ireland,United Kingdom and EU272020",4.7
Estimated Immigration (Persons in April),1997,Female,All Countries,22.6
Estimated Immigration (Persons in April),1997,Female,EU14 excl Irl (countries in the EU pre 2004 excluding UK & Ireland),3.1
Estimated Immigration (Persons in April),1997,Female,United Kingdom,3.8
Estimated Immigration (Persons in April),1997,Female,Ireland,10.7
Estimated Immigration (Persons in April),1997,Female,"All countries excluding Ireland,United Kingdom and EU272020",5.1
Estimated Immigration (Persons in April),1998,Both sexes,All Countries,46.0
Estimated Immigration (Persons in April),1998,Both sexes,EU14 excl Irl (countries in the EU pre 2004 excluding UK & Ireland),6.1
Estimated Immigration (Persons in April),1998,Both sexes,United Kingdom,8.6
Estimated Immigration (Persons in April),1998,Both sexes,Ireland,24.3
Estimated Immigration (Persons in April),1998,Both sexes,"All countries excluding Ireland,United Kingdom and EU272020",7.0
Estimated Immigration (Persons in April),1998,Male,All Countries,22.7
Estimated Immigration (Persons in April),1998,Male,EU14 excl Irl (countries in the EU pre 2004 excluding UK & Ireland),2.3
Estimated Immigration (Persons in April),1998,Male,United Kingdom,4.3
Estimated Immigration (Persons in April),1998,Male,Ireland,12.3
Estimated Immigration (Persons in April),1998,Male,"All countries excluding Ireland,United Kingdom and EU272020",3.7
Estimated Immigration (Persons in April),1998,Female,All Countries,23.3
Estimated Immigration (Persons in April),1998,Female,EU14 excl Irl (countries in the EU pre 2004 excluding UK & Ireland),3.8
Estimated Immigration (Persons in April),1998,Female,United Kingdom,4.4
Estimated Immigration (Persons in April),1998,Female,Ireland,11.9
Estimated Immigration (Persons in April),1998,Female,"All countries excluding Ireland,United Kingdom and EU272020",3.3
Estimated Immigration (Persons in April),1999,Both sexes,All Countries,48.9
Estimated Immigration (Persons in April),1999,Both sexes,EU14 excl Irl (countries in the EU pre 2004 excluding UK & Ireland),6.9
Estimated Immigration (Persons in April),1999,Both sexes,United Kingdom,8.2
Estimated Immigration (Persons in April),1999,Both sexes,Ireland,26.7
Estimated Immigration (Persons in April),1999,Both sexes,"All countries excluding Ireland,United Kingdom and EU272020",7.0
Estimated Immigration (Persons in April),1999,Male,All Countries,24.5
Estimated Immigration (Persons in April),1999,Male,EU14 excl Irl (countries in the EU pre 2004 excluding UK & Ireland),3.0
Estimated Immigration (Persons in April),1999,Male,United Kingdom,4.3
Estimated Immigration (Persons in April),1999,Male,Ireland,13.7
Estimated Immigration (Persons in April),1999,Male,"All countries excluding Ireland,United Kingdom and EU272020",3.6
Estimated Immigration (Persons in April),1999,Female,All Countries,24.4
Estimated Immigration (Persons in April),1999,Female,EU14 excl Irl (countries in the EU pre 2004 excluding UK & Ireland),3.9
Estimated Immigration (Persons in April),1999,Female,United Kingdom,3.9
Estimated Immigration (Persons in April),1999,Female,Ireland,13.0
Estimated Immigration (Persons in April),1999,Female,"All countries excluding Ireland,United Kingdom and EU272020",3.5
Estimated Immigration (Persons in April),2000,Both sexes,All Countries,52.6
Estimated Immigration (Persons in April),2000,Both sexes,EU14 excl Irl (countries in the EU pre 2004 excluding UK & Ireland),8.2
Estimated Immigration (Persons in April),2000,Both sexes,United Kingdom,8.4
Estimated Immigration (Persons in April),2000,Both sexes,Ireland,24.8
Estimated Immigration (Persons in April),2000,Both sexes,"All countries excluding Ireland,United Kingdom and EU272020",11.1
Estimated Immigration (Persons in April),2000,Male,All Countries,26.2
Estimated Immigration (Persons in April),2000,Male,EU14 excl Irl (countries in the EU pre 2004 excluding UK & Ireland),3.9
Estimated Immigration (Persons in April),2000,Male,United Kingdom,4.1
Estimated Immigration (Persons in April),2000,Male,Ireland,11.8
Estimated Immigration (Persons in April),2000,Male,"All countries excluding Ireland,United Kingdom and EU272020",6.4
Estimated Immigration (Persons in April),2000,Female,All Countries,26.4
Estimated Immigration (Persons in April),2000,Female,EU14 excl Irl (countries in the EU pre 2004 excluding UK & Ireland),4.4
Estimated Immigration (Persons in April),2000,Female,United Kingdom,4.3
Estimated Immigration (Persons in April),2000,Female,Ireland,13.0
Estimated Immigration (Persons in April),2000,Female,"All countries excluding Ireland,United Kingdom and EU272020",4.8
Estimated Immigration (Persons in April),2001,Both sexes,All Countries,59.0
Estimated Immigration (Persons in April),2001,Both sexes,EU14 excl Irl (countries in the EU pre 2004 excluding UK & Ireland),6.5
Estimated Immigration (Persons in April),2001,Both sexes,United Kingdom,9.0
Estimated Immigration (Persons in April),2001,Both sexes,Ireland,26.3
Estimated Immigration (Persons in April),2001,Both sexes,"All countries excluding Ireland,United Kingdom and EU272020",17.3
Estimated Immigration (Persons in April),2001,Male,All Countries,30.1
Estimated Immigration (Persons in April),2001,Male,EU14 excl Irl (countries in the EU pre 2004 excluding UK & Ireland),3.1
Estimated Immigration (Persons in April),2001,Male,United Kingdom,4.5
Estimated Immigration (Persons in April),2001,Male,Ireland,13.2
Estimated Immigration (Persons in April),2001,Male,"All countries excluding Ireland,United Kingdom and EU272020",9.3
Estimated Immigration (Persons in April),2001,Female,All Countries,29.0
Estimated Immigration (Persons in April),2001,Female,EU14 excl Irl (countries in the EU pre 2004 excluding UK & Ireland),3.5
Estimated Immigration (Persons in April),2001,Female,United Kingdom,4.5
Estimated Immigration (Persons in April),2001,Female,Ireland,13.1
Estimated Immigration (Persons in April),2001,Female,"All countries excluding Ireland,United Kingdom and EU272020",7.9
Estimated Immigration (Persons in April),2002,Both sexes,All Countries,66.9
Estimated Immigration (Persons in April),2002,Both sexes,EU14 excl Irl (countries in the EU pre 2004 excluding UK & Ireland),8.1
Estimated Immigration (Persons in April),2002,Both sexes,United Kingdom,7.4
Estimated Immigration (Persons in April),2002,Both sexes,Ireland,27.0
Estimated Immigration (Persons in April),2002,Both sexes,"All countries excluding Ireland,United Kingdom and EU272020",24.4
Estimated Immigration (Persons in April),2002,Male,All Countries,31.3
Estimated Immigration (Persons in April),2002,Male,EU14 excl Irl (countries in the EU pre 2004 excluding UK & Ireland),3.1
Estimated Immigration (Persons in April),2002,Male,United Kingdom,4.1
Estimated Immigration (Persons in April),2002,Male,Ireland,12.4
Estimated Immigration (Persons in April),2002,Male,"All countries excluding Ireland,United Kingdom and EU272020",11.7
Estimated Immigration (Persons in April),2002,Female,All Countries,35.6
Estimated Immigration (Persons in April),2002,Female,EU14 excl Irl (countries in the EU pre 2004 excluding UK & Ireland),4.9
Estimated Immigration (Persons in April),2002,Female,United Kingdom,3.3
Estimated Immigration (Persons in April),2002,Female,Ireland,14.6
Estimated Immigration (Persons in April),2002,Female,"All countries excluding Ireland,United Kingdom and EU272020",12.8
Estimated Immigration (Persons in April),2003,Both sexes,All Countries,60.0
Estimated Immigration (Persons in April),2003,Both sexes,EU14 excl Irl (countries in the EU pre 2004 excluding UK & Ireland),8.8
Estimated Immigration (Persons in April),2003,Both sexes,United Kingdom,9.1
Estimated Immigration (Persons in April),2003,Both sexes,Ireland,17.6
Estimated Immigration (Persons in April),2003,Both sexes,"All countries excluding Ireland,United Kingdom and EU272020",24.5
Estimated Immigration (Persons in April),2003,Male,All Countries,31.4
Estimated Immigration (Persons in April),2003,Male,EU14 excl Irl (countries in the EU pre 2004 excluding UK & Ireland),4.1
Estimated Immigration (Persons in April),2003,Male,United Kingdom,5.0
Estimated Immigration (Persons in April),2003,Male,Ireland,9.7
Estimated Immigration (Persons in April),2003,Male,"All countries excluding Ireland,United Kingdom and EU272020",12.6
Estimated Immigration (Persons in April),2003,Female,All Countries,28.6
Estimated Immigration (Persons in April),2003,Female,EU14 excl Irl (countries in the EU pre 2004 excluding UK & Ireland),4.7
Estimated Immigration (Persons in April),2003,Female,United Kingdom,4.0
Estimated Immigration (Persons in April),2003,Female,Ireland,7.9
Estimated Immigration (Persons in April),2003,Female,"All countries excluding Ireland,United Kingdom and EU272020",11.9
Estimated Immigration (Persons in April),2004,Both sexes,All Countries,58.5
Estimated Immigration (Persons in April),2004,Both sexes,EU14 excl Irl (countries in the EU pre 2004 excluding UK & Ireland),13.3
Estimated Immigration (Persons in April),2004,Both sexes,United Kingdom,7.4
Estimated Immigration (Persons in April),2004,Both sexes,Ireland,16.7
Estimated Immigration (Persons in April),2004,Both sexes,"All countries excluding Ireland,United Kingdom and EU272020",21.1
Estimated Immigration (Persons in April),2004,Male,All Countries,30.5
Estimated Immigration (Persons in April),2004,Male,EU14 excl Irl (countries in the EU pre 2004 excluding UK & Ireland),6.9
Estimated Immigration (Persons in April),2004,Male,United Kingdom,4.5
Estimated Immigration (Persons in April),2004,Male,Ireland,8.4
Estimated Immigration (Persons in April),2004,Male,"All countries excluding Ireland,United Kingdom and EU272020",10.7
Estimated Immigration (Persons in April),2004,Female,All Countries,28.0
Estimated Immigration (Persons in April),2004,Female,EU14 excl Irl (countries in the EU pre 2004 excluding UK & Ireland),6.4
Estimated Immigration (Persons in April),2004,Female,United Kingdom,2.9
Estimated Immigration (Persons in April),2004,Female,Ireland,8.2
Estimated Immigration (Persons in April),2004,Female,"All countries excluding Ireland,United Kingdom and EU272020",10.4
Estimated Immigration (Persons in April),2005,Both sexes,All Countries,84.6
Estimated Immigration (Persons in April),2005,Both sexes,EU14 excl Irl (countries in the EU pre 2004 excluding UK & Ireland),9.3
Estimated Immigration (Persons in April),2005,Both sexes,EU15 to EU27 (accession countries joined post 2004),34.1
Estimated Immigration (Persons in April),2005,Both sexes,United Kingdom,8.9
Estimated Immigration (Persons in April),2005,Both sexes,Ireland,18.5
Estimated Immigration (Persons in April),2005,Both sexes,"All countries excluding Ireland,United Kingdom and EU272020",13.7
Estimated Immigration (Persons in April),2005,Male,All Countries,47.5
Estimated Immigration (Persons in April),2005,Male,EU14 excl Irl (countries in the EU pre 2004 excluding UK & Ireland),3.8
Estimated Immigration (Persons in April),2005,Male,EU15 to EU27 (accession countries joined post 2004),22.9
Estimated Immigration (Persons in April),2005,Male,United Kingdom,5.2
Estimated Immigration (Persons in April),2005,Male,Ireland,9.4
Estimated Immigration (Persons in April),2005,Male,"All countries excluding Ireland,United Kingdom and EU272020",6.1
Estimated Immigration (Persons in April),2005,Female,All Countries,37.1
Estimated Immigration (Persons in April),2005,Female,EU14 excl Irl (countries in the EU pre 2004 excluding UK & Ireland),5.5
Estimated Immigration (Persons in April),2005,Female,EU15 to EU27 (accession countries joined post 2004),11.2
Estimated Immigration (Persons in April),2005,Female,United Kingdom,3.7
Estimated Immigration (Persons in April),2005,Female,Ireland,9.1
Estimated Immigration (Persons in April),2005,Female,"All countries excluding Ireland,United Kingdom and EU272020",7.6
Estimated Immigration (Persons in April),2006,Both sexes,All Countries,107.8
Estimated Immigration (Persons in April),2006,Both sexes,EU14 excl Irl (countries in the EU pre 2004 excluding UK & Ireland),12.7
Estimated Immigration (Persons in April),2006,Both sexes,EU15 to EU27 (accession countries joined post 2004),49.9
Estimated Immigration (Persons in April),2006,Both sexes,United Kingdom,9.9
Estimated Immigration (Persons in April),2006,Both sexes,Ireland,18.9
Estimated Immigration (Persons in April),2006,Both sexes,"All countries excluding Ireland,United Kingdom and EU272020",16.4
Estimated Immigration (Persons in April),2006,Male,All Countries,60.3
Estimated Immigration (Persons in April),2006,Male,EU14 excl Irl (countries in the EU pre 2004 excluding UK & Ireland),6.4
Estimated Immigration (Persons in April),2006,Male,EU15 to EU27 (accession countries joined post 2004),30.7
Estimated Immigration (Persons in April),2006,Male,United Kingdom,5.7
Estimated Immigration (Persons in April),2006,Male,Ireland,9.5
Estimated Immigration (Persons in April),2006,Male,"All countries excluding Ireland,United Kingdom and EU272020",8.0
Estimated Immigration (Persons in April),2006,Female,All Countries,47.5
Estimated Immigration (Persons in April),2006,Female,EU14 excl Irl (countries in the EU pre 2004 excluding UK & Ireland),6.2
Estimated Immigration (Persons in April),2006,Female,EU15 to EU27 (accession countries joined post 2004),19.2
Estimated Immigration (Persons in April),2006,Female,United Kingdom,4.2
Estimated Immigration (Persons in April),2006,Female,Ireland,9.4
Estimated Immigration (Persons in April),2006,Female,"All countries excluding Ireland,United Kingdom and EU272020",8.5
Estimated Immigration (Persons in April),2007,Both sexes,All Countries,151.1
Estimated Immigration (Persons in April),2007,Both sexes,EU14 excl Irl (countries in the EU pre 2004 excluding UK & Ireland),11.8
Estimated Immigration (Persons in April),2007,Both sexes,EU15 to EU27 (accession countries joined post 2004),85.3
Estimated Immigration (Persons in April),2007,Both sexes,United Kingdom,4.3
Estimated Immigration (Persons in April),2007,Both sexes,Ireland,30.7
Estimated Immigration (Persons in April),2007,Both sexes,"All countries excluding Ireland,United Kingdom and EU272020",19.0
Estimated Immigration (Persons in April),2007,Male,All Countries,80.0
Estimated Immigration (Persons in April),2007,Male,EU14 excl Irl (countries in the EU pre 2004 excluding UK & Ireland),4.7
Estimated Immigration (Persons in April),2007,Male,EU15 to EU27 (accession countries joined post 2004),47.5
Estimated Immigration (Persons in April),2007,Male,United Kingdom,2.4
Estimated Immigration (Persons in April),2007,Male,Ireland,15.7
Estimated Immigration (Persons in April),2007,Male,"All countries excluding Ireland,United Kingdom and EU272020",9.6
Estimated Immigration (Persons in April),2007,Female,All Countries,71.1
Estimated Immigration (Persons in April),2007,Female,EU14 excl Irl (countries in the EU pre 2004 excluding UK & Ireland),7.1
Estimated Immigration (Persons in April),2007,Female,EU15 to EU27 (accession countries joined post 2004),37.8
Estimated Immigration (Persons in April),2007,Female,United Kingdom,1.9
Estimated Immigration (Persons in April),2007,Female,Ireland,15.0
Estimated Immigration (Persons in April),2007,Female,"All countries excluding Ireland,United Kingdom and EU272020",9.4
Estimated Immigration (Persons in April),2008,Both sexes,All Countries,113.5
Estimated Immigration (Persons in April),2008,Both sexes,EU14 excl Irl (countries in the EU pre 2004 excluding UK & Ireland),9.6
Estimated Immigration (Persons in April),2008,Both sexes,EU15 to EU27 (accession countries joined post 2004),54.7
Estimated Immigration (Persons in April),2008,Both sexes,United Kingdom,6.8
Estimated Immigration (Persons in April),2008,Both sexes,Ireland,23.8
Estimated Immigration (Persons in April),2008,Both sexes,"All countries excluding Ireland,United Kingdom and EU272020",18.6
Estimated Immigration (Persons in April),2008,Male,All Countries,53.9
Estimated Immigration (Persons in April),2008,Male,EU14 excl Irl (countries in the EU pre 2004 excluding UK & Ireland),3.9
Estimated Immigration (Persons in April),2008,Male,EU15 to EU27 (accession countries joined post 2004),24.8
Estimated Immigration (Persons in April),2008,Male,United Kingdom,4.1
Estimated Immigration (Persons in April),2008,Male,Ireland,11.8
Estimated Immigration (Persons in April),2008,Male,"All countries excluding Ireland,United Kingdom and EU272020",9.4
Estimated Immigration (Persons in April),2008,Female,All Countries,59.5
Estimated Immigration (Persons in April),2008,Female,EU14 excl Irl (countries in the EU pre 2004 excluding UK & Ireland),5.7
Estimated Immigration (Persons in April),2008,Female,EU15 to EU27 (accession countries joined post 2004),29.9
Estimated Immigration (Persons in April),2008,Female,United Kingdom,2.7
Estimated Immigration (Persons in April),2008,Female,Ireland,12.0
Estimated Immigration (Persons in April),2008,Female,"All countries excluding Ireland,United Kingdom and EU272020",9.2
Estimated Immigration (Persons in April),2009,Both sexes,All Countries,73.7
Estimated Immigration (Persons in April),2009,Both sexes,EU14 excl Irl (countries in the EU pre 2004 excluding UK & Ireland),11.5
Estimated Immigration (Persons in April),2009,Both sexes,EU15 to EU27 (accession countries joined post 2004),21.1
Estimated Immigration (Persons in April),2009,Both sexes,United Kingdom,3.9
Estimated Immigration (Persons in April),2009,Both sexes,Ireland,23.0
Estimated Immigration (Persons in April),2009,Both sexes,"All countries excluding Ireland,United Kingdom and EU272020",14.1
Estimated Immigration (Persons in April),2009,Male,All Countries,36.8
Estimated Immigration (Persons in April),2009,Male,EU14 excl Irl (countries in the EU pre 2004 excluding UK & Ireland),3.7
Estimated Immigration (Persons in April),2009,Male,EU15 to EU27 (accession countries joined post 2004),10.8
Estimated Immigration (Persons in April),2009,Male,United Kingdom,2.3
Estimated Immigration (Persons in April),2009,Male,Ireland,13.0
Estimated Immigration (Persons in April),2009,Male,"All countries excluding Ireland,United Kingdom and EU272020",7.0
Estimated Immigration (Persons in April),2009,Female,All Countries,36.8
Estimated Immigration (Persons in April),2009,Female,EU14 excl Irl (countries in the EU pre 2004 excluding UK & Ireland),7.9
Estimated Immigration (Persons in April),2009,Female,EU15 to EU27 (accession countries joined post 2004),10.3
Estimated Immigration (Persons in April),2009,Female,United Kingdom,1.7
Estimated Immigration (Persons in April),2009,Female,Ireland,10.0
Estimated Immigration (Persons in April),2009,Female,"All countries excluding Ireland,United Kingdom and EU272020",7.1
Estimated Immigration (Persons in April),2010,Both sexes,All Countries,41.8
Estimated Immigration (Persons in April),2010,Both sexes,EU14 excl Irl (countries in the EU pre 2004 excluding UK & Ireland),6.2
Estimated Immigration (Persons in April),2010,Both sexes,EU15 to EU27 (accession countries joined post 2004),9.3
Estimated Immigration (Persons in April),2010,Both sexes,United Kingdom,2.5
Estimated Immigration (Persons in April),2010,Both sexes,Ireland,17.9
Estimated Immigration (Persons in April),2010,Both sexes,"All countries excluding Ireland,United Kingdom and EU272020",6.0
Estimated Immigration (Persons in April),2010,Male,All Countries,20.4
Estimated Immigration (Persons in April),2010,Male,EU14 excl Irl (countries in the EU pre 2004 excluding UK & Ireland),2.6
Estimated Immigration (Persons in April),2010,Male,EU15 to EU27 (accession countries joined post 2004),4.6
Estimated Immigration (Persons in April),2010,Male,United Kingdom,1.4
Estimated Immigration (Persons in April),2010,Male,Ireland,9.0
Estimated Immigration (Persons in April),2010,Male,"All countries excluding Ireland,United Kingdom and EU272020",2.8
Estimated Immigration (Persons in April),2010,Female,All Countries,21.4
Estimated Immigration (Persons in April),2010,Female,EU14 excl Irl (countries in the EU pre 2004 excluding UK & Ireland),3.6
Estimated Immigration (Persons in April),2010,Female,EU15 to EU27 (accession countries joined post 2004),4.6
Estimated Immigration (Persons in April),2010,Female,United Kingdom,1.1
Estimated Immigration (Persons in April),2010,Female,Ireland,8.9
Estimated Immigration (Persons in April),2010,Female,"All countries excluding Ireland,United Kingdom and EU272020",3.2
Estimated Immigration (Persons in April),2011,Both sexes,All Countries,53.3
Estimated Immigration (Persons in April),2011,Both sexes,EU14 excl Irl (countries in the EU pre 2004 excluding UK & Ireland),7.1
Estimated Immigration (Persons in April),2011,Both sexes,EU15 to EU27 (accession countries joined post 2004),10.1
Estimated Immigration (Persons in April),2011,Both sexes,United Kingdom,4.1
Estimated Immigration (Persons in April),2011,Both sexes,Ireland,19.6
Estimated Immigration (Persons in April),2011,Both sexes,"All countries excluding Ireland,United Kingdom and EU272020",12.4
Estimated Immigration (Persons in April),2011,Male,All Countries,26.0
Estimated Immigration (Persons in April),2011,Male,EU14 excl Irl (countries in the EU pre 2004 excluding UK & Ireland),3.4
Estimated Immigration (Persons in April),2011,Male,EU15 to EU27 (accession countries joined post 2004),4.6
Estimated Immigration (Persons in April),2011,Male,United Kingdom,2.2
Estimated Immigration (Persons in April),2011,Male,Ireland,9.9
Estimated Immigration (Persons in April),2011,Male,"All countries excluding Ireland,United Kingdom and EU272020",5.9
Estimated Immigration (Persons in April),2011,Female,All Countries,27.2
Estimated Immigration (Persons in April),2011,Female,EU14 excl Irl (countries in the EU pre 2004 excluding UK & Ireland),3.7
Estimated Immigration (Persons in April),2011,Female,EU15 to EU27 (accession countries joined post 2004),5.5
Estimated Immigration (Persons in April),2011,Female,United Kingdom,1.9
Estimated Immigration (Persons in April),2011,Female,Ireland,9.7
Estimated Immigration (Persons in April),2011,Female,"All countries excluding Ireland,United Kingdom and EU272020",6.5
Estimated Immigration (Persons in April),2012,Both sexes,All Countries,57.3
Estimated Immigration (Persons in April),2012,Both sexes,EU14 excl Irl (countries in the EU pre 2004 excluding UK & Ireland),7.9
Estimated Immigration (Persons in April),2012,Both sexes,EU15 to EU27 (accession countries joined post 2004),7.7
Estimated Immigration (Persons in April),2012,Both sexes,United Kingdom,3.9
Estimated Immigration (Persons in April),2012,Both sexes,Ireland,20.1
Estimated Immigration (Persons in April),2012,Both sexes,"All countries excluding Ireland,United Kingdom and EU272020",17.7
Estimated Immigration (Persons in April),2012,Male,All Countries,27.5
Estimated Immigration (Persons in April),2012,Male,EU14 excl Irl (countries in the EU pre 2004 excluding UK & Ireland),3.6
Estimated Immigration (Persons in April),2012,Male,EU15 to EU27 (accession countries joined post 2004),3.2
Estimated Immigration (Persons in April),2012,Male,United Kingdom,2.0
Estimated Immigration (Persons in April),2012,Male,Ireland,9.1
Estimated Immigration (Persons in April),2012,Male,"All countries excluding Ireland,United Kingdom and EU272020",9.6
Estimated Immigration (Persons in April),2012,Female,All Countries,29.7
Estimated Immigration (Persons in April),2012,Female,EU14 excl Irl (countries in the EU pre 2004 excluding UK & Ireland),4.3
Estimated Immigration (Persons in April),2012,Female,EU15 to EU27 (accession countries joined post 2004),4.5
Estimated Immigration (Persons in April),2012,Female,United Kingdom,1.8
Estimated Immigration (Persons in April),2012,Female,Ireland,11.0
Estimated Immigration (Persons in April),2012,Female,"All countries excluding Ireland,United Kingdom and EU272020",8.2
Estimated Immigration (Persons in April),2013,Both sexes,All Countries,62.7
Estimated Immigration (Persons in April),2013,Both sexes,EU14 excl Irl (countries in the EU pre 2004 excluding UK & Ireland),8.8
Estimated Immigration (Persons in April),2013,Both sexes,EU15 to EU27 (accession countries joined post 2004),8.3
Estimated Immigration (Persons in April),2013,Both sexes,United Kingdom,4.1
Estimated Immigration (Persons in April),2013,Both sexes,Ireland,21.7
Estimated Immigration (Persons in April),2013,Both sexes,"All countries excluding Ireland,United Kingdom and EU272020",19.8
Estimated Immigration (Persons in April),2013,Male,All Countries,32.3
Estimated Immigration (Persons in April),2013,Male,EU14 excl Irl (countries in the EU pre 2004 excluding UK & Ireland),4.4
Estimated Immigration (Persons in April),2013,Male,EU15 to EU27 (accession countries joined post 2004),3.8
Estimated Immigration (Persons in April),2013,Male,United Kingdom,2.3
Estimated Immigration (Persons in April),2013,Male,Ireland,10.5
Estimated Immigration (Persons in April),2013,Male,"All countries excluding Ireland,United Kingdom and EU272020",11.3
Estimated Immigration (Persons in April),2013,Female,All Countries,30.4
Estimated Immigration (Persons in April),2013,Female,EU14 excl Irl (countries in the EU pre 2004 excluding UK & Ireland),4.3
Estimated Immigration (Persons in April),2013,Female,EU15 to EU27 (accession countries joined post 2004),4.6
Estimated Immigration (Persons in April),2013,Female,United Kingdom,1.9
Estimated Immigration (Persons in April),2013,Female,Ireland,11.2
Estimated Immigration (Persons in April),2013,Female,"All countries excluding Ireland,United Kingdom and EU272020",8.4
Estimated Immigration (Persons in April),2014,Both sexes,All Countries,66.5
Estimated Immigration (Persons in April),2014,Both sexes,EU14 excl Irl (countries in the EU pre 2004 excluding UK & Ireland),9.4
Estimated Immigration (Persons in April),2014,Both sexes,EU15 to EU27 (accession countries joined post 2004),11.1
Estimated Immigration (Persons in April),2014,Both sexes,United Kingdom,4.2
Estimated Immigration (Persons in April),2014,Both sexes,Ireland,22.8
Estimated Immigration (Persons in April),2014,Both sexes,"All countries excluding Ireland,United Kingdom and EU272020",19.0
Estimated Immigration (Persons in April),2014,Male,All Countries,30.9
Estimated Immigration (Persons in April),2014,Male,EU14 excl Irl (countries in the EU pre 2004 excluding UK & Ireland),4.3
Estimated Immigration (Persons in April),2014,Male,EU15 to EU27 (accession countries joined post 2004),4.9
Estimated Immigration (Persons in April),2014,Male,United Kingdom,2.0
Estimated Immigration (Persons in April),2014,Male,Ireland,9.9
Estimated Immigration (Persons in April),2014,Male,"All countries excluding Ireland,United Kingdom and EU272020",9.7
Estimated Immigration (Persons in April),2014,Female,All Countries,35.6
Estimated Immigration (Persons in April),2014,Female,EU14 excl Irl (countries in the EU pre 2004 excluding UK & Ireland),5.1
Estimated Immigration (Persons in April),2014,Female,EU15 to EU27 (accession countries joined post 2004),6.1
Estimated Immigration (Persons in April),2014,Female,United Kingdom,2.2
Estimated Immigration (Persons in April),2014,Female,Ireland,12.9
Estimated Immigration (Persons in April),2014,Female,"All countries excluding Ireland,United Kingdom and EU272020",9.3
Estimated Immigration (Persons in April),2015,Both sexes,All Countries,75.9
Estimated Immigration (Persons in April),2015,Both sexes,EU14 excl Irl (countries in the EU pre 2004 excluding UK & Ireland),10.2
Estimated Immigration (Persons in April),2015,Both sexes,EU15 to EU27 (accession countries joined post 2004),12.2
Estimated Immigration (Persons in April),2015,Both sexes,United Kingdom,5.0
Estimated Immigration (Persons in April),2015,Both sexes,Ireland,26.6
Estimated Immigration (Persons in April),2015,Both sexes,"All countries excluding Ireland,United Kingdom and EU272020",21.9
Estimated Immigration (Persons in April),2015,Male,All Countries,35.7
Estimated Immigration (Persons in April),2015,Male,EU14 excl Irl (countries in the EU pre 2004 excluding UK & Ireland),4.6
Estimated Immigration (Persons in April),2015,Male,EU15 to EU27 (accession countries joined post 2004),5.5
Estimated Immigration (Persons in April),2015,Male,United Kingdom,2.5
Estimated Immigration (Persons in April),2015,Male,Ireland,11.9
Estimated Immigration (Persons in April),2015,Male,"All countries excluding Ireland,United Kingdom and EU272020",11.2
Estimated Immigration (Persons in April),2015,Female,All Countries,40.2
Estimated Immigration (Persons in April),2015,Female,EU14 excl Irl (countries in the EU pre 2004 excluding UK & Ireland),5.6
Estimated Immigration (Persons in April),2015,Female,EU15 to EU27 (accession countries joined post 2004),6.7
Estimated Immigration (Persons in April),2015,Female,United Kingdom,2.5
Estimated Immigration (Persons in April),2015,Female,Ireland,14.7
Estimated Immigration (Persons in April),2015,Female,"All countries excluding Ireland,United Kingdom and EU272020",10.7
Estimated Immigration (Persons in April),2016,Both sexes,All Countries,82.3
Estimated Immigration (Persons in April),2016,Both sexes,EU14 excl Irl (countries in the EU pre 2004 excluding UK & Ireland),11.4
Estimated Immigration (Persons in April),2016,Both sexes,EU15 to EU27 (accession countries joined post 2004),13.2
Estimated Immigration (Persons in April),2016,Both sexes,United Kingdom,5.9
Estimated Immigration (Persons in April),2016,Both sexes,Ireland,28.4
Estimated Immigration (Persons in April),2016,Both sexes,"All countries excluding Ireland,United Kingdom and EU272020",23.6
Estimated Immigration (Persons in April),2016,Male,All Countries,41.2
Estimated Immigration (Persons in April),2016,Male,EU14 excl Irl (countries in the EU pre 2004 excluding UK & Ireland),5.2
Estimated Immigration (Persons in April),2016,Male,EU15 to EU27 (accession countries joined post 2004),6.8
Estimated Immigration (Persons in April),2016,Male,United Kingdom,3.3
Estimated Immigration (Persons in April),2016,Male,Ireland,14.4
Estimated Immigration (Persons in April),2016,Male,"All countries excluding Ireland,United Kingdom and EU272020",11.5
Estimated Immigration (Persons in April),2016,Female,All Countries,41.2
Estimated Immigration (Persons in April),2016,Female,EU14 excl Irl (countries in the EU pre 2004 excluding UK & Ireland),6.2
Estimated Immigration (Persons in April),2016,Female,EU15 to EU27 (accession countries joined post 2004),6.4
Estimated Immigration (Persons in April),2016,Female,United Kingdom,2.6
Estimated Immigration (Persons in April),2016,Female,Ireland,13.9
Estimated Immigration (Persons in April),2016,Female,"All countries excluding Ireland,United Kingdom and EU272020",12.1
Estimated Immigration (Persons in April),2017,Both sexes,All Countries,95.3
Estimated Immigration (Persons in April),2017,Both sexes,EU14 excl Irl (countries in the EU pre 2004 excluding UK & Ireland),11.4
Estimated Immigration (Persons in April),2017,Both sexes,EU15 to EU27 (accession countries joined post 2004),11.0
Estimated Immigration (Persons in April),2017,Both sexes,United Kingdom,6.4
Estimated Immigration (Persons in April),2017,Both sexes,Ireland,31.0
Estimated Immigration (Persons in April),2017,Both sexes,"All countries excluding Ireland,United Kingdom and EU272020",35.5
Estimated Immigration (Persons in April),2017,Male,All Countries,47.3
Estimated Immigration (Persons in April),2017,Male,EU14 excl Irl (countries in the EU pre 2004 excluding UK & Ireland),5.4
Estimated Immigration (Persons in April),2017,Male,EU15 to EU27 (accession countries joined post 2004),5.5
Estimated Immigration (Persons in April),2017,Male,United Kingdom,3.5
Estimated Immigration (Persons in April),2017,Male,Ireland,15.3
Estimated Immigration (Persons in April),2017,Male,"All countries excluding Ireland,United Kingdom and EU272020",17.6
Estimated Immigration (Persons in April),2017,Female,All Countries,48.0
Estimated Immigration (Persons in April),2017,Female,EU14 excl Irl (countries in the EU pre 2004 excluding UK & Ireland),6.0
Estimated Immigration (Persons in April),2017,Female,EU15 to EU27 (accession countries joined post 2004),5.5
Estimated Immigration (Persons in April),2017,Female,United Kingdom,2.9
Estimated Immigration (Persons in April),2017,Female,Ireland,15.6
Estimated Immigration (Persons in April),2017,Female,"All countries excluding Ireland,United Kingdom and EU272020",18.0
Estimated Immigration (Persons in April),2018,Both sexes,All Countries,96.0
Estimated Immigration (Persons in April),2018,Both sexes,EU14 excl Irl (countries in the EU pre 2004 excluding UK & Ireland),11.6
Estimated Immigration (Persons in April),2018,Both sexes,EU15 to EU27 (accession countries joined post 2004),11.1
Estimated Immigration (Persons in April),2018,Both sexes,United Kingdom,6.3
Estimated Immigration (Persons in April),2018,Both sexes,Ireland,30.1
Estimated Immigration (Persons in April),2018,Both sexes,"All countries excluding Ireland,United Kingdom and EU272020",36.9
Estimated Immigration (Persons in April),2018,Male,All Countries,47.3
Estimated Immigration (Persons in April),2018,Male,EU14 excl Irl (countries in the EU pre 2004 excluding UK & Ireland),5.4
Estimated Immigration (Persons in April),2018,Male,EU15 to EU27 (accession countries joined post 2004),5.3
Estimated Immigration (Persons in April),2018,Male,United Kingdom,3.4
Estimated Immigration (Persons in April),2018,Male,Ireland,15.2
Estimated Immigration (Persons in April),2018,Male,"All countries excluding Ireland,United Kingdom and EU272020",18.1
Estimated Immigration (Persons in April),2018,Female,All Countries,48.7
Estimated Immigration (Persons in April),2018,Female,EU14 excl Irl (countries in the EU pre 2004 excluding UK & Ireland),6.2
Estimated Immigration (Persons in April),2018,Female,EU15 to EU27 (accession countries joined post 2004),5.8
Estimated Immigration (Persons in April),2018,Female,United Kingdom,3.0
Estimated Immigration (Persons in April),2018,Female,Ireland,14.9
Estimated Immigration (Persons in April),2018,Female,"All countries excluding Ireland,United Kingdom and EU272020",18.7
Estimated Immigration (Persons in April),2019,Both sexes,All Countries,97.1
Estimated Immigration (Persons in April),2019,Both sexes,EU14 excl Irl (countries in the EU pre 2004 excluding UK & Ireland),11.6
Estimated Immigration (Persons in April),2019,Both sexes,EU15 to EU27 (accession countries joined post 2004),11.1
Estimated Immigration (Persons in April),2019,Both sexes,United Kingdom,6.4
Estimated Immigration (Persons in April),2019,Both sexes,Ireland,31.0
Estimated Immigration (Persons in April),2019,Both sexes,"All countries excluding Ireland,United Kingdom and EU272020",37.1
Estimated Immigration (Persons in April),2019,Male,All Countries,49.0
Estimated Immigration (Persons in April),2019,Male,EU14 excl Irl (countries in the EU pre 2004 excluding UK & Ireland),5.6
Estimated Immigration (Persons in April),2019,Male,EU15 to EU27 (accession countries joined post 2004),5.4
Estimated Immigration (Persons in April),2019,Male,United Kingdom,3.1
Estimated Immigration (Persons in April),2019,Male,Ireland,15.4
Estimated Immigration (Persons in April),2019,Male,"All countries excluding Ireland,United Kingdom and EU272020",19.5
Estimated Immigration (Persons in April),2019,Female,All Countries,48.1
Estimated Immigration (Persons in April),2019,Female,EU14 excl Irl (countries in the EU pre 2004 excluding UK & Ireland),5.9
Estimated Immigration (Persons in April),2019,Female,EU15 to EU27 (accession countries joined post 2004),5.7
Estimated Immigration (Persons in April),2019,Female,United Kingdom,3.4
Estimated Immigration (Persons in April),2019,Female,Ireland,15.5
Estimated Immigration (Persons in April),2019,Female,"All countries excluding Ireland,United Kingdom and EU272020",17.6
Estimated Immigration (Persons in April),2020,Both sexes,All Countries,95.6
Estimated Immigration (Persons in April),2020,Both sexes,EU14 excl Irl (countries in the EU pre 2004 excluding UK & Ireland),9.2
Estimated Immigration (Persons in April),2020,Both sexes,EU15 to EU27 (accession countries joined post 2004),9.9
Estimated Immigration (Persons in April),2020,Both sexes,United Kingdom,5.5
Estimated Immigration (Persons in April),2020,Both sexes,Ireland,33.6
Estimated Immigration (Persons in April),2020,Both sexes,"All countries excluding Ireland,United Kingdom and EU272020",37.4
Estimated Immigration (Persons in April),2020,Male,All Countries,46.9
Estimated Immigration (Persons in April),2020,Male,EU14 excl Irl (countries in the EU pre 2004 excluding UK & Ireland),4.1
Estimated Immigration (Persons in April),2020,Male,EU15 to EU27 (accession countries joined post 2004),4.5
Estimated Immigration (Persons in April),2020,Male,United Kingdom,3.1
Estimated Immigration (Persons in April),2020,Male,Ireland,16.6
Estimated Immigration (Persons in April),2020,Male,"All countries excluding Ireland,United Kingdom and EU272020",18.6
Estimated Immigration (Persons in April),2020,Female,All Countries,48.7
Estimated Immigration (Persons in April),2020,Female,EU14 excl Irl (countries in the EU pre 2004 excluding UK & Ireland),5.1
Estimated Immigration (Persons in April),2020,Female,EU15 to EU27 (accession countries joined post 2004),5.4
Estimated Immigration (Persons in April),2020,Female,United Kingdom,2.4
Estimated Immigration (Persons in April),2020,Female,Ireland,17.0
Estimated Immigration (Persons in April),2020,Female,"All countries excluding Ireland,United Kingdom and EU272020",18.8
Estimated Immigration (Persons in April),2021,Both sexes,All Countries,74.1
Estimated Immigration (Persons in April),2021,Both sexes,EU14 excl Irl (countries in the EU pre 2004 excluding UK & Ireland),7.5
Estimated Immigration (Persons in April),2021,Both sexes,EU15 to EU27 (accession countries joined post 2004),9.0
Estimated Immigration (Persons in April),2021,Both sexes,United Kingdom,5.0
Estimated Immigration (Persons in April),2021,Both sexes,Ireland,36.4
Estimated Immigration (Persons in April),2021,Both sexes,"All countries excluding Ireland,United Kingdom and EU272020",16.1
Estimated Immigration (Persons in April),2021,Male,All Countries,36.2
Estimated Immigration (Persons in April),2021,Male,EU14 excl Irl (countries in the EU pre 2004 excluding UK & Ireland),3.4
Estimated Immigration (Persons in April),2021,Male,EU15 to EU27 (accession countries joined post 2004),3.9
Estimated Immigration (Persons in April),2021,Male,United Kingdom,2.5
Estimated Immigration (Persons in April),2021,Male,Ireland,19.1
Estimated Immigration (Persons in April),2021,Male,"All countries excluding Ireland,United Kingdom and EU272020",7.4
Estimated Immigration (Persons in April),2021,Female,All Countries,37.9
Estimated Immigration (Persons in April),2021,Female,EU14 excl Irl (countries in the EU pre 2004 excluding UK & Ireland),4.2
Estimated Immigration (Persons in April),2021,Female,EU15 to EU27 (accession countries joined post 2004),5.1
Estimated Immigration (Persons in April),2021,Female,United Kingdom,2.5
Estimated Immigration (Persons in April),2021,Female,Ireland,17.3
Estimated Immigration (Persons in April),2021,Female,"All countries excluding Ireland,United Kingdom and EU272020",8.8
Estimated Immigration (Persons in April),2022,Both sexes,All Countries,107.8
Estimated Immigration (Persons in April),2022,Both sexes,EU14 excl Irl (countries in the EU pre 2004 excluding UK & Ireland),13.2
Estimated Immigration (Persons in April),2022,Both sexes,EU15 to EU27 (accession countries joined post 2004),8.6
Estimated Immigration (Persons in April),2022,Both sexes,United Kingdom,3.8
Estimated Immigration (Persons in April),2022,Both sexes,Ireland,23.5
Estimated Immigration (Persons in April),2022,Both sexes,"All countries excluding Ireland,United Kingdom and EU272020",58.8
Estimated Immigration (Persons in April),2022,Male,All Countries,49.2
Estimated Immigration (Persons in April),2022,Male,EU14 excl Irl (countries in the EU pre 2004 excluding UK & Ireland),6.3
Estimated Immigration (Persons in April),2022,Male,EU15 to EU27 (accession countries joined post 2004),4.7
Estimated Immigration (Persons in April),2022,Male,United Kingdom,2.1
Estimated Immigration (Persons in April),2022,Male,Ireland,11.8
Estimated Immigration (Persons in April),2022,Male,"All countries excluding Ireland,United Kingdom and EU272020",24.4
Estimated Immigration (Persons in April),2022,Female,All Countries,58.6
Estimated Immigration (Persons in April),2022,Female,EU14 excl Irl (countries in the EU pre 2004 excluding UK & Ireland),6.9
Estimated Immigration (Persons in April),2022,Female,EU15 to EU27 (accession countries joined post 2004),3.9
Estimated Immigration (Persons in April),2022,Female,United Kingdom,1.7
Estimated Immigration (Persons in April),2022,Female,Ireland,11.7
Estimated Immigration (Persons in April),2022,Female,"All countries excluding Ireland,United Kingdom and EU272020",34.4
Estimated Immigration (Persons in April),2023,Both sexes,All Countries,141.6
Estimated Immigration (Persons in April),2023,Both sexes,EU14 excl Irl (countries in the EU pre 2004 excluding UK & Ireland),15.0
Estimated Immigration (Persons in April),2023,Both sexes,EU15 to EU27 (accession countries joined post 2004),11.1
Estimated Immigration (Persons in April),2023,Both sexes,United Kingdom,4.8
Estimated Immigration (Persons in April),2023,Both sexes,Ireland,29.6
Estimated Immigration (Persons in April),2023,Both sexes,"All countries excluding Ireland,United Kingdom and EU272020",81.1
Estimated Immigration (Persons in April),2023,Male,All Countries,66.1
Estimated Immigration (Persons in April),2023,Male,EU14 excl Irl (countries in the EU pre 2004 excluding UK & Ireland),7.4
Estimated Immigration (Persons in April),2023,Male,EU15 to EU27 (accession countries joined post 2004),5.4
Estimated Immigration (Persons in April),2023,Male,United Kingdom,2.3
Estimated Immigration (Persons in April),2023,Male,Ireland,15.3
Estimated Immigration (Persons in April),2023,Male,"All countries excluding Ireland,United Kingdom and EU272020",35.7
Estimated Immigration (Persons in April),2023,Female,All Countries,75.5
Estimated Immigration (Persons in April),2023,Female,EU14 excl Irl (countries in the EU pre 2004 excluding UK & Ireland),7.7
Estimated Immigration (Persons in April),2023,Female,EU15 to EU27 (accession countries joined post 2004),5.8
Estimated Immigration (Persons in April),2023,Female,United Kingdom,2.5
Estimated Immigration (Persons in April),2023,Female,Ireland,14.3
Estimated Immigration (Persons in April),2023,Female,"All countries excluding Ireland,United Kingdom and EU272020",45.3
Estimated Immigration (Persons in April),2024,Both sexes,All Countries,149.2
Estimated Immigration (Persons in April),2024,Both sexes,EU14 excl Irl (countries in the EU pre 2004 excluding UK & Ireland),14.0
Estimated Immigration (Persons in April),2024,Both sexes,EU15 to EU27 (accession countries joined post 2004),13.0
Estimated Immigration (Persons in April),2024,Both sexes,United Kingdom,5.4
Estimated Immigration (Persons in April),2024,Both sexes,Ireland,30.0
Estimated Immigration (Persons in April),2024,Both sexes,"All countries excluding Ireland,United Kingdom and EU272020",86.8
Estimated Immigration (Persons in April),2024,Male,All Countries,71.4
Estimated Immigration (Persons in April),2024,Male,EU14 excl Irl (countries in the EU pre 2004 excluding UK & Ireland),6.9
Estimated Immigration (Persons in April),2024,Male,EU15 to EU27 (accession countries joined post 2004),5.8
Estimated Immigration (Persons in April),2024,Male,United Kingdom,2.1
Estimated Immigration (Persons in April),2024,Male,Ireland,16.7
Estimated Immigration (Persons in April),2024,Male,"All countries excluding Ireland,United Kingdom and EU272020",39.9
Estimated Immigration (Persons in April),2024,Female,All Countries,77.8
Estimated Immigration (Persons in April),2024,Female,EU14 excl Irl (countries in the EU pre 2004 excluding UK & Ireland),7.0
Estimated Immigration (Persons in April),2024,Female,EU15 to EU27 (accession countries joined post 2004),7.1
Estimated Immigration (Persons in April),2024,Female,United Kingdom,3.3
Estimated Immigration (Persons in April),2024,Female,Ireland,13.4
Estimated Immigration (Persons in April),2024,Female,"All countries excluding Ireland,United Kingdom and EU272020",46.9
Estimated Immigration (Persons in April),2025,Both sexes,All Countries,125.3
Estimated Immigration (Persons in April),2025,Both sexes,EU14 excl Irl (countries in the EU pre 2004 excluding UK & Ireland),12.9
Estimated Immigration (Persons in April),2025,Both sexes,EU15 to EU27 (accession countries joined post 2004),12.4
Estimated Immigration (Persons in April),2025,Both sexes,United Kingdom,4.9
Estimated Immigration (Persons in April),2025,Both sexes,Ireland,31.5
Estimated Immigration (Persons in April),2025,Both sexes,"All countries excluding Ireland,United Kingdom and EU272020",63.6
Estimated Immigration (Persons in April),2025,Male,All Countries,68.0
Estimated Immigration (Persons in April),2025,Male,EU14 excl Irl (countries in the EU pre 2004 excluding UK & Ireland),7.9
Estimated Immigration (Persons in April),2025,Male,EU15 to EU27 (accession countries joined post 2004),6.0
Estimated Immigration (Persons in April),2025,Male,United Kingdom,2.7
Estimated Immigration (Persons in April),2025,Male,Ireland,16.1
Estimated Immigration (Persons in April),2025,Male,"All countries excluding Ireland,United Kingdom and EU272020",35.4
Estimated Immigration (Persons in April),2025,Female,All Countries,57.3
Estimated Immigration (Persons in April),2025,Female,EU14 excl Irl (countries in the EU pre 2004 excluding UK & Ireland),5.0
Estimated Immigration (Persons in April),2025,Female,EU15 to EU27 (accession countries joined post 2004),6.4
Estimated Immigration (Persons in April),2025,Female,United Kingdom,2.3
Estimated Immigration (Persons in April),2025,Female,Ireland,15.4
Estimated Immigration (Persons in April),2025,Female,"All countries excluding Ireland,United Kingdom and EU272020",28.3
Estimated Immigration (Persons in April),2026,Both sexes,All Countries,110.6
Estimated Immigration (Persons in April),2026,Both sexes,EU14 excl Irl (countries in the EU pre 2004 excluding UK & Ireland),11.5
Estimated Immigration (Persons in April),2026,Both sexes,EU15 to EU27 (accession countries joined post 2004),9.2
Estimated Immigration (Persons in April),2026,Both sexes,United Kingdom,4.3
Estimated Immigration (Persons in April),2026,Both sexes,Ireland,30.2
Estimated Immigration (Persons in April),2026,Both sexes,"All countries excluding Ireland,United Kingdom and EU272020",55.5
Estimated Immigration (Persons in April),2026,Male,All Countries,58.4
Estimated Immigration (Persons in April),2026,Male,EU14 excl Irl (countries in the EU pre 2004 excluding UK & Ireland),5.3
Estimated Immigration (Persons in April),2026,Male,EU15 to EU27 (accession countries joined post 2004),4.2
Estimated Immigration (Persons in April),2026,Male,United Kingdom,2.0
Estimated Immigration (Persons in April),2026,Male,Ireland,15.3
Estimated Immigration (Persons in April),2026,Male,"All countries excluding Ireland,United Kingdom and EU272020",31.6
Estimated Immigration (Persons in April),2026,Female,All Countries,52.2
Estimated Immigration (Persons in April),2026,Female,EU14 excl Irl (countries in the EU pre 2004 excluding UK & Ireland),6.2
Estimated Immigration (Persons in April),2026,Female,EU15 to EU27 (accession countries joined post 2004),5.0
Estimated Immigration (Persons in April),2026,Female,United Kingdom,2.2
Estimated Immigration (Persons in April),2026,Female,Ireland,14.8
Estimated Immigration (Persons in April),2026,Female,"All countries excluding Ireland,United Kingdom and EU272020",23.9
