Statistic,Year Daily Expense Allowance Activity Started,Country of Nationality,Age Group,value
International Protection Persons,2022,Afghanistan,0 - 14 years,21.0
International Protection Persons,2022,Afghanistan,15 - 24 years,355.0
International Protection Persons,2022,Afghanistan,25 - 44 years,295.0
International Protection Persons,2022,Afghanistan,45 years and over,13.0
International Protection Persons,2022,Albania,0 - 14 years,18.0
International Protection Persons,2022,Albania,15 - 24 years,24.0
International Protection Persons,2022,Albania,25 - 44 years,46.0
International Protection Persons,2022,Albania,45 years and over,11.0
International Protection Persons,2022,Algeria,0 - 14 years,134.0
International Protection Persons,2022,Algeria,15 - 24 years,173.0
International Protection Persons,2022,Algeria,25 - 44 years,1101.0
International Protection Persons,2022,Algeria,45 years and over,65.0
International Protection Persons,2022,Bangladesh,0 - 14 years,14.0
International Protection Persons,2022,Bangladesh,15 - 24 years,29.0
International Protection Persons,2022,Bangladesh,25 - 44 years,52.0
International Protection Persons,2022,Bangladesh,45 years and over,7.0
International Protection Persons,2022,Botswana,0 - 14 years,72.0
International Protection Persons,2022,Botswana,15 - 24 years,58.0
International Protection Persons,2022,Botswana,25 - 44 years,220.0
International Protection Persons,2022,Botswana,45 years and over,45.0
International Protection Persons,2022,Congo (the Democratic Republic of the),0 - 14 years,37.0
International Protection Persons,2022,Congo (the Democratic Republic of the),15 - 24 years,42.0
International Protection Persons,2022,Congo (the Democratic Republic of the),25 - 44 years,76.0
International Protection Persons,2022,Congo (the Democratic Republic of the),45 years and over,11.0
International Protection Persons,2022,Egypt,0 - 14 years,7.0
International Protection Persons,2022,Egypt,15 - 24 years,59.0
International Protection Persons,2022,Egypt,25 - 44 years,108.0
International Protection Persons,2022,Egypt,45 years and over,17.0
International Protection Persons,2022,El Salvador,0 - 14 years,34.0
International Protection Persons,2022,El Salvador,15 - 24 years,27.0
International Protection Persons,2022,El Salvador,25 - 44 years,72.0
International Protection Persons,2022,El Salvador,45 years and over,11.0
International Protection Persons,2022,Georgia,0 - 14 years,217.0
International Protection Persons,2022,Georgia,15 - 24 years,305.0
International Protection Persons,2022,Georgia,25 - 44 years,1642.0
International Protection Persons,2022,Georgia,45 years and over,295.0
International Protection Persons,2022,Ghana,0 - 14 years,8.0
International Protection Persons,2022,Ghana,25 - 44 years,46.0
International Protection Persons,2022,Iraq,0 - 14 years,16.0
International Protection Persons,2022,Iraq,15 - 24 years,10.0
International Protection Persons,2022,Iraq,25 - 44 years,39.0
International Protection Persons,2022,Iraq,45 years and over,6.0
International Protection Persons,2022,Jordan,0 - 14 years,5.0
International Protection Persons,2022,Jordan,25 - 44 years,11.0
International Protection Persons,2022,Malawi,0 - 14 years,17.0
International Protection Persons,2022,Malawi,15 - 24 years,7.0
International Protection Persons,2022,Malawi,25 - 44 years,48.0
International Protection Persons,2022,Malawi,45 years and over,8.0
International Protection Persons,2022,Morocco,0 - 14 years,17.0
International Protection Persons,2022,Morocco,15 - 24 years,21.0
International Protection Persons,2022,Morocco,25 - 44 years,130.0
International Protection Persons,2022,Morocco,45 years and over,6.0
International Protection Persons,2022,Nigeria,0 - 14 years,368.0
International Protection Persons,2022,Nigeria,15 - 24 years,85.0
International Protection Persons,2022,Nigeria,25 - 44 years,499.0
International Protection Persons,2022,Nigeria,45 years and over,138.0
International Protection Persons,2022,Pakistan,0 - 14 years,28.0
International Protection Persons,2022,Pakistan,15 - 24 years,39.0
International Protection Persons,2022,Pakistan,25 - 44 years,76.0
International Protection Persons,2022,Pakistan,45 years and over,19.0
International Protection Persons,2022,"Palestine, State of",0 - 14 years,11.0
International Protection Persons,2022,"Palestine, State of",25 - 44 years,25.0
International Protection Persons,2022,Somalia,0 - 14 years,138.0
International Protection Persons,2022,Somalia,15 - 24 years,645.0
International Protection Persons,2022,Somalia,25 - 44 years,782.0
International Protection Persons,2022,Somalia,45 years and over,70.0
International Protection Persons,2022,South Africa,0 - 14 years,117.0
International Protection Persons,2022,South Africa,15 - 24 years,73.0
International Protection Persons,2022,South Africa,25 - 44 years,131.0
International Protection Persons,2022,South Africa,45 years and over,91.0
International Protection Persons,2022,Sudan (the),0 - 14 years,17.0
International Protection Persons,2022,Sudan (the),15 - 24 years,10.0
International Protection Persons,2022,Sudan (the),25 - 44 years,62.0
International Protection Persons,2022,Sudan (the),45 years and over,6.0
International Protection Persons,2022,Eswatini,0 - 14 years,18.0
International Protection Persons,2022,Eswatini,25 - 44 years,31.0
International Protection Persons,2022,Syrian Arab Republic (the),0 - 14 years,23.0
International Protection Persons,2022,Syrian Arab Republic (the),15 - 24 years,18.0
International Protection Persons,2022,Syrian Arab Republic (the),25 - 44 years,38.0
International Protection Persons,2022,Syrian Arab Republic (the),45 years and over,11.0
International Protection Persons,2022,Uganda,0 - 14 years,6.0
International Protection Persons,2022,Uganda,25 - 44 years,24.0
International Protection Persons,2022,Ukraine,0 - 14 years,12.0
International Protection Persons,2022,Ukraine,15 - 24 years,15.0
International Protection Persons,2022,Ukraine,25 - 44 years,60.0
International Protection Persons,2022,Ukraine,45 years and over,40.0
International Protection Persons,2022,Zimbabwe,0 - 14 years,215.0
International Protection Persons,2022,Zimbabwe,15 - 24 years,159.0
International Protection Persons,2022,Zimbabwe,25 - 44 years,500.0
International Protection Persons,2022,Zimbabwe,45 years and over,85.0
International Protection Persons,2022,Africa(3),0 - 14 years,68.0
International Protection Persons,2022,Africa(3),15 - 24 years,83.0
International Protection Persons,2022,Africa(3),25 - 44 years,265.0
International Protection Persons,2022,Africa(3),45 years and over,34.0
International Protection Persons,2022,Selected European Countries(2),0 - 14 years,19.0
International Protection Persons,2022,Selected European Countries(2),25 - 44 years,23.0
International Protection Persons,2022,Asia(2),0 - 14 years,20.0
International Protection Persons,2022,Asia(2),15 - 24 years,35.0
International Protection Persons,2022,Asia(2),25 - 44 years,98.0
International Protection Persons,2022,Asia(2),45 years and over,26.0
International Protection Persons,2022,America(3),0 - 14 years,45.0
International Protection Persons,2022,America(3),15 - 24 years,16.0
International Protection Persons,2022,America(3),25 - 44 years,96.0
International Protection Persons,2022,America(3),45 years and over,15.0
International Protection Persons,2022,Other Countries(6),0 - 14 years,14.0
International Protection Persons,2022,Other Countries(6),25 - 44 years,32.0
International Protection Persons,2022,All citizenships,0 - 14 years,1736.0
International Protection Persons,2022,All citizenships,15 - 24 years,2321.0
International Protection Persons,2022,All citizenships,25 - 44 years,6628.0
International Protection Persons,2022,All citizenships,45 years and over,1065.0
International Protection Persons,2023,Afghanistan,0 - 14 years,48.0
International Protection Persons,2023,Afghanistan,15 - 24 years,415.0
International Protection Persons,2023,Afghanistan,25 - 44 years,462.0
International Protection Persons,2023,Afghanistan,45 years and over,21.0
International Protection Persons,2023,Albania,0 - 14 years,16.0
International Protection Persons,2023,Albania,15 - 24 years,23.0
International Protection Persons,2023,Albania,25 - 44 years,43.0
International Protection Persons,2023,Albania,45 years and over,5.0
International Protection Persons,2023,Algeria,0 - 14 years,115.0
International Protection Persons,2023,Algeria,15 - 24 years,175.0
International Protection Persons,2023,Algeria,25 - 44 years,974.0
International Protection Persons,2023,Algeria,45 years and over,78.0
International Protection Persons,2023,Bangladesh,0 - 14 years,52.0
International Protection Persons,2023,Bangladesh,15 - 24 years,65.0
International Protection Persons,2023,Bangladesh,25 - 44 years,145.0
International Protection Persons,2023,Bangladesh,45 years and over,9.0
International Protection Persons,2023,Botswana,0 - 14 years,29.0
International Protection Persons,2023,Botswana,15 - 24 years,55.0
International Protection Persons,2023,Botswana,25 - 44 years,182.0
International Protection Persons,2023,Botswana,45 years and over,40.0
International Protection Persons,2023,Congo (the Democratic Republic of the),0 - 14 years,34.0
International Protection Persons,2023,Congo (the Democratic Republic of the),15 - 24 years,29.0
International Protection Persons,2023,Congo (the Democratic Republic of the),25 - 44 years,71.0
International Protection Persons,2023,Congo (the Democratic Republic of the),45 years and over,17.0
International Protection Persons,2023,Egypt,0 - 14 years,0.0
International Protection Persons,2023,Egypt,15 - 24 years,61.0
International Protection Persons,2023,Egypt,25 - 44 years,182.0
International Protection Persons,2023,Egypt,45 years and over,28.0
International Protection Persons,2023,El Salvador,0 - 14 years,27.0
International Protection Persons,2023,El Salvador,15 - 24 years,31.0
International Protection Persons,2023,El Salvador,25 - 44 years,54.0
International Protection Persons,2023,El Salvador,45 years and over,13.0
International Protection Persons,2023,Georgia,0 - 14 years,120.0
International Protection Persons,2023,Georgia,15 - 24 years,124.0
International Protection Persons,2023,Georgia,25 - 44 years,574.0
International Protection Persons,2023,Georgia,45 years and over,150.0
International Protection Persons,2023,Ghana,25 - 44 years,50.0
International Protection Persons,2023,Ghana,45 years and over,14.0
International Protection Persons,2023,Iraq,0 - 14 years,11.0
International Protection Persons,2023,Iraq,15 - 24 years,20.0
International Protection Persons,2023,Iraq,25 - 44 years,35.0
International Protection Persons,2023,Iraq,45 years and over,11.0
International Protection Persons,2023,Jordan,0 - 14 years,9.0
International Protection Persons,2023,Jordan,15 - 24 years,7.0
International Protection Persons,2023,Jordan,25 - 44 years,39.0
International Protection Persons,2023,Jordan,45 years and over,6.0
International Protection Persons,2023,Malawi,0 - 14 years,11.0
International Protection Persons,2023,Malawi,15 - 24 years,7.0
International Protection Persons,2023,Malawi,25 - 44 years,34.0
International Protection Persons,2023,Malawi,45 years and over,11.0
International Protection Persons,2023,Morocco,0 - 14 years,22.0
International Protection Persons,2023,Morocco,15 - 24 years,21.0
International Protection Persons,2023,Morocco,25 - 44 years,89.0
International Protection Persons,2023,Morocco,45 years and over,11.0
International Protection Persons,2023,Nigeria,0 - 14 years,480.0
International Protection Persons,2023,Nigeria,15 - 24 years,143.0
International Protection Persons,2023,Nigeria,25 - 44 years,770.0
International Protection Persons,2023,Nigeria,45 years and over,220.0
International Protection Persons,2023,Pakistan,0 - 14 years,59.0
International Protection Persons,2023,Pakistan,15 - 24 years,115.0
International Protection Persons,2023,Pakistan,25 - 44 years,208.0
International Protection Persons,2023,Pakistan,45 years and over,34.0
International Protection Persons,2023,"Palestine, State of",0 - 14 years,15.0
International Protection Persons,2023,"Palestine, State of",15 - 24 years,15.0
International Protection Persons,2023,"Palestine, State of",25 - 44 years,46.0
International Protection Persons,2023,"Palestine, State of",45 years and over,6.0
International Protection Persons,2023,Somalia,0 - 14 years,71.0
International Protection Persons,2023,Somalia,15 - 24 years,341.0
International Protection Persons,2023,Somalia,25 - 44 years,426.0
International Protection Persons,2023,Somalia,45 years and over,37.0
International Protection Persons,2023,South Africa,0 - 14 years,95.0
International Protection Persons,2023,South Africa,15 - 24 years,83.0
International Protection Persons,2023,South Africa,25 - 44 years,123.0
International Protection Persons,2023,South Africa,45 years and over,87.0
International Protection Persons,2023,Sudan (the),0 - 14 years,13.0
International Protection Persons,2023,Sudan (the),15 - 24 years,11.0
International Protection Persons,2023,Sudan (the),25 - 44 years,62.0
International Protection Persons,2023,Sudan (the),45 years and over,15.0
International Protection Persons,2023,Eswatini,0 - 14 years,22.0
International Protection Persons,2023,Eswatini,15 - 24 years,10.0
International Protection Persons,2023,Eswatini,25 - 44 years,46.0
International Protection Persons,2023,Eswatini,45 years and over,17.0
International Protection Persons,2023,Syrian Arab Republic (the),0 - 14 years,12.0
International Protection Persons,2023,Syrian Arab Republic (the),15 - 24 years,22.0
International Protection Persons,2023,Syrian Arab Republic (the),25 - 44 years,66.0
International Protection Persons,2023,Syrian Arab Republic (the),45 years and over,16.0
International Protection Persons,2023,Uganda,25 - 44 years,20.0
International Protection Persons,2023,Ukraine,0 - 14 years,12.0
International Protection Persons,2023,Ukraine,15 - 24 years,6.0
International Protection Persons,2023,Ukraine,25 - 44 years,36.0
International Protection Persons,2023,Ukraine,45 years and over,50.0
International Protection Persons,2023,Zimbabwe,0 - 14 years,110.0
International Protection Persons,2023,Zimbabwe,15 - 24 years,95.0
International Protection Persons,2023,Zimbabwe,25 - 44 years,367.0
International Protection Persons,2023,Zimbabwe,45 years and over,92.0
International Protection Persons,2023,Africa(3),0 - 14 years,57.0
International Protection Persons,2023,Africa(3),15 - 24 years,44.0
International Protection Persons,2023,Africa(3),25 - 44 years,192.0
International Protection Persons,2023,Africa(3),45 years and over,41.0
International Protection Persons,2023,Selected European Countries(2),0 - 14 years,19.0
International Protection Persons,2023,Selected European Countries(2),15 - 24 years,7.0
International Protection Persons,2023,Selected European Countries(2),25 - 44 years,21.0
International Protection Persons,2023,Selected European Countries(2),45 years and over,11.0
International Protection Persons,2023,Asia(2),0 - 14 years,19.0
International Protection Persons,2023,Asia(2),15 - 24 years,41.0
International Protection Persons,2023,Asia(2),25 - 44 years,104.0
International Protection Persons,2023,Asia(2),45 years and over,24.0
International Protection Persons,2023,America(3),0 - 14 years,78.0
International Protection Persons,2023,America(3),15 - 24 years,31.0
International Protection Persons,2023,America(3),25 - 44 years,137.0
International Protection Persons,2023,America(3),45 years and over,21.0
International Protection Persons,2023,Other Countries(6),25 - 44 years,18.0
International Protection Persons,2023,Other Countries(6),45 years and over,6.0
International Protection Persons,2023,All citizenships,0 - 14 years,1577.0
International Protection Persons,2023,All citizenships,15 - 24 years,2007.0
International Protection Persons,2023,All citizenships,25 - 44 years,5576.0
International Protection Persons,2023,All citizenships,45 years and over,1092.0
International Protection Persons,2024,Afghanistan,0 - 14 years,50.0
International Protection Persons,2024,Afghanistan,15 - 24 years,326.0
International Protection Persons,2024,Afghanistan,25 - 44 years,396.0
International Protection Persons,2024,Afghanistan,45 years and over,39.0
International Protection Persons,2024,Albania,0 - 14 years,8.0
International Protection Persons,2024,Albania,15 - 24 years,8.0
International Protection Persons,2024,Albania,25 - 44 years,37.0
International Protection Persons,2024,Albania,45 years and over,5.0
International Protection Persons,2024,Algeria,0 - 14 years,72.0
International Protection Persons,2024,Algeria,15 - 24 years,32.0
International Protection Persons,2024,Algeria,25 - 44 years,239.0
International Protection Persons,2024,Algeria,45 years and over,31.0
International Protection Persons,2024,Bangladesh,0 - 14 years,225.0
International Protection Persons,2024,Bangladesh,15 - 24 years,176.0
International Protection Persons,2024,Bangladesh,25 - 44 years,553.0
International Protection Persons,2024,Bangladesh,45 years and over,29.0
International Protection Persons,2024,Botswana,0 - 14 years,29.0
International Protection Persons,2024,Botswana,15 - 24 years,28.0
International Protection Persons,2024,Botswana,25 - 44 years,82.0
International Protection Persons,2024,Botswana,45 years and over,23.0
International Protection Persons,2024,Congo (the Democratic Republic of the),0 - 14 years,59.0
International Protection Persons,2024,Congo (the Democratic Republic of the),15 - 24 years,25.0
International Protection Persons,2024,Congo (the Democratic Republic of the),25 - 44 years,71.0
International Protection Persons,2024,Congo (the Democratic Republic of the),45 years and over,22.0
International Protection Persons,2024,Egypt,0 - 14 years,7.0
International Protection Persons,2024,Egypt,15 - 24 years,36.0
International Protection Persons,2024,Egypt,25 - 44 years,104.0
International Protection Persons,2024,Egypt,45 years and over,14.0
International Protection Persons,2024,El Salvador,0 - 14 years,18.0
International Protection Persons,2024,El Salvador,15 - 24 years,16.0
International Protection Persons,2024,El Salvador,25 - 44 years,52.0
International Protection Persons,2024,El Salvador,45 years and over,14.0
International Protection Persons,2024,Georgia,0 - 14 years,75.0
International Protection Persons,2024,Georgia,15 - 24 years,88.0
International Protection Persons,2024,Georgia,25 - 44 years,390.0
International Protection Persons,2024,Georgia,45 years and over,85.0
International Protection Persons,2024,Ghana,0 - 14 years,9.0
International Protection Persons,2024,Ghana,15 - 24 years,7.0
International Protection Persons,2024,Ghana,25 - 44 years,62.0
International Protection Persons,2024,Ghana,45 years and over,8.0
International Protection Persons,2024,Iraq,25 - 44 years,24.0
International Protection Persons,2024,Jordan,0 - 14 years,769.0
International Protection Persons,2024,Jordan,15 - 24 years,617.0
International Protection Persons,2024,Jordan,25 - 44 years,1161.0
International Protection Persons,2024,Jordan,45 years and over,219.0
International Protection Persons,2024,Malawi,0 - 14 years,11.0
International Protection Persons,2024,Malawi,15 - 24 years,12.0
International Protection Persons,2024,Malawi,25 - 44 years,64.0
International Protection Persons,2024,Malawi,45 years and over,16.0
International Protection Persons,2024,Morocco,0 - 14 years,12.0
International Protection Persons,2024,Morocco,15 - 24 years,16.0
International Protection Persons,2024,Morocco,25 - 44 years,55.0
International Protection Persons,2024,Morocco,45 years and over,0.0
International Protection Persons,2024,Nigeria,0 - 14 years,1420.0
International Protection Persons,2024,Nigeria,15 - 24 years,392.0
International Protection Persons,2024,Nigeria,25 - 44 years,1819.0
International Protection Persons,2024,Nigeria,45 years and over,545.0
International Protection Persons,2024,Pakistan,0 - 14 years,309.0
International Protection Persons,2024,Pakistan,15 - 24 years,222.0
International Protection Persons,2024,Pakistan,25 - 44 years,638.0
International Protection Persons,2024,Pakistan,45 years and over,92.0
International Protection Persons,2024,"Palestine, State of",0 - 14 years,187.0
International Protection Persons,2024,"Palestine, State of",15 - 24 years,249.0
International Protection Persons,2024,"Palestine, State of",25 - 44 years,375.0
International Protection Persons,2024,"Palestine, State of",45 years and over,66.0
International Protection Persons,2024,Somalia,0 - 14 years,74.0
International Protection Persons,2024,Somalia,15 - 24 years,394.0
International Protection Persons,2024,Somalia,25 - 44 years,768.0
International Protection Persons,2024,Somalia,45 years and over,48.0
International Protection Persons,2024,South Africa,0 - 14 years,136.0
International Protection Persons,2024,South Africa,15 - 24 years,84.0
International Protection Persons,2024,South Africa,25 - 44 years,128.0
International Protection Persons,2024,South Africa,45 years and over,80.0
International Protection Persons,2024,Sudan (the),0 - 14 years,11.0
International Protection Persons,2024,Sudan (the),15 - 24 years,32.0
International Protection Persons,2024,Sudan (the),25 - 44 years,82.0
International Protection Persons,2024,Sudan (the),45 years and over,23.0
International Protection Persons,2024,Eswatini,0 - 14 years,33.0
International Protection Persons,2024,Eswatini,15 - 24 years,24.0
International Protection Persons,2024,Eswatini,25 - 44 years,111.0
International Protection Persons,2024,Eswatini,45 years and over,51.0
International Protection Persons,2024,Syrian Arab Republic (the),0 - 14 years,59.0
International Protection Persons,2024,Syrian Arab Republic (the),15 - 24 years,72.0
International Protection Persons,2024,Syrian Arab Republic (the),25 - 44 years,118.0
International Protection Persons,2024,Syrian Arab Republic (the),45 years and over,21.0
International Protection Persons,2024,Uganda,25 - 44 years,25.0
International Protection Persons,2024,Ukraine,0 - 14 years,86.0
International Protection Persons,2024,Ukraine,15 - 24 years,73.0
International Protection Persons,2024,Ukraine,25 - 44 years,132.0
International Protection Persons,2024,Ukraine,45 years and over,107.0
International Protection Persons,2024,Zimbabwe,0 - 14 years,111.0
International Protection Persons,2024,Zimbabwe,15 - 24 years,74.0
International Protection Persons,2024,Zimbabwe,25 - 44 years,265.0
International Protection Persons,2024,Zimbabwe,45 years and over,96.0
International Protection Persons,2024,Africa(3),0 - 14 years,42.0
International Protection Persons,2024,Africa(3),15 - 24 years,53.0
International Protection Persons,2024,Africa(3),25 - 44 years,209.0
International Protection Persons,2024,Africa(3),45 years and over,50.0
International Protection Persons,2024,Selected European Countries(2),0 - 14 years,18.0
International Protection Persons,2024,Selected European Countries(2),25 - 44 years,6.0
International Protection Persons,2024,Asia(2),0 - 14 years,30.0
International Protection Persons,2024,Asia(2),15 - 24 years,65.0
International Protection Persons,2024,Asia(2),25 - 44 years,199.0
International Protection Persons,2024,Asia(2),45 years and over,29.0
International Protection Persons,2024,America(3),0 - 14 years,90.0
International Protection Persons,2024,America(3),15 - 24 years,39.0
International Protection Persons,2024,America(3),25 - 44 years,127.0
International Protection Persons,2024,America(3),45 years and over,37.0
International Protection Persons,2024,Other Countries(6),0 - 14 years,11.0
International Protection Persons,2024,Other Countries(6),15 - 24 years,9.0
International Protection Persons,2024,Other Countries(6),25 - 44 years,26.0
International Protection Persons,2024,Other Countries(6),45 years and over,10.0
International Protection Persons,2024,All citizenships,0 - 14 years,3968.0
International Protection Persons,2024,All citizenships,15 - 24 years,3184.0
International Protection Persons,2024,All citizenships,25 - 44 years,8318.0
International Protection Persons,2024,All citizenships,45 years and over,1780.0
