year,permit_type,issued,source_file,pq_date,preferred_for_year
2020,Contract for Services Employment Permit,105,data/raw/pq_attachments/2025-05-20_pq381-20-05-25_en.xlsx,2025-05-20,True
2020,Critical Skills Employment Permit,8199,data/raw/pq_attachments/2025-05-20_pq381-20-05-25_en.xlsx,2025-05-20,True
2020,Dependant/Partner/Spouse Employment Permit,15,data/raw/pq_attachments/2025-05-20_pq381-20-05-25_en.xlsx,2025-05-20,True
2020,Exchange Agreement Employment Permit,8,data/raw/pq_attachments/2025-05-20_pq381-20-05-25_en.xlsx,2025-05-20,True
2020,General Employment Permit,6958,data/raw/pq_attachments/2025-05-20_pq381-20-05-25_en.xlsx,2025-05-20,True
2020,Internship Employment Permit,20,data/raw/pq_attachments/2025-05-20_pq381-20-05-25_en.xlsx,2025-05-20,True
2020,Intra-Company Transfer (Training) Employment Permi,37,data/raw/pq_attachments/2025-05-20_pq381-20-05-25_en.xlsx,2025-05-20,True
2020,Intra-Company Transfer Employment Permit,899,data/raw/pq_attachments/2025-05-20_pq381-20-05-25_en.xlsx,2025-05-20,True
2020,Reactivation Employment Permit,29,data/raw/pq_attachments/2025-05-20_pq381-20-05-25_en.xlsx,2025-05-20,True
2020,Sport and Cultural Employment Permit,93,data/raw/pq_attachments/2025-05-20_pq381-20-05-25_en.xlsx,2025-05-20,True
2021,Contract for Services Employment Permit,58,data/raw/pq_attachments/2025-05-20_pq381-20-05-25_en.xlsx,2025-05-20,True
2021,Critical Skills Employment Permit,9435,data/raw/pq_attachments/2025-05-20_pq381-20-05-25_en.xlsx,2025-05-20,True
2021,Dependant/Partner/Spouse Employment Permit,6,data/raw/pq_attachments/2025-05-20_pq381-20-05-25_en.xlsx,2025-05-20,True
2021,Exchange Agreement Employment Permit,7,data/raw/pq_attachments/2025-05-20_pq381-20-05-25_en.xlsx,2025-05-20,True
2021,General Employment Permit,5899,data/raw/pq_attachments/2025-05-20_pq381-20-05-25_en.xlsx,2025-05-20,True
2021,Internship Employment Permit,25,data/raw/pq_attachments/2025-05-20_pq381-20-05-25_en.xlsx,2025-05-20,True
2021,Intra-Company Transfer (Training) Employment Permi,1,data/raw/pq_attachments/2025-05-20_pq381-20-05-25_en.xlsx,2025-05-20,True
2021,Intra-Company Transfer Employment Permit,663,data/raw/pq_attachments/2025-05-20_pq381-20-05-25_en.xlsx,2025-05-20,True
2021,Reactivation Employment Permit,24,data/raw/pq_attachments/2025-05-20_pq381-20-05-25_en.xlsx,2025-05-20,True
2021,Sport and Cultural Employment Permit,165,data/raw/pq_attachments/2025-05-20_pq381-20-05-25_en.xlsx,2025-05-20,True
2022,Contract for Services Employment Permit,60,data/raw/pq_attachments/2025-05-20_pq381-20-05-25_en.xlsx,2025-05-20,True
2022,Critical Skills Employment Permit,21448,data/raw/pq_attachments/2025-05-20_pq381-20-05-25_en.xlsx,2025-05-20,True
2022,Dependant/Partner/Spouse Employment Permit,23,data/raw/pq_attachments/2025-05-20_pq381-20-05-25_en.xlsx,2025-05-20,True
2022,Exchange Agreement Employment Permit,20,data/raw/pq_attachments/2025-05-20_pq381-20-05-25_en.xlsx,2025-05-20,True
2022,General Employment Permit,16184,data/raw/pq_attachments/2025-05-20_pq381-20-05-25_en.xlsx,2025-05-20,True
2022,Internship Employment Permit,43,data/raw/pq_attachments/2025-05-20_pq381-20-05-25_en.xlsx,2025-05-20,True
2022,Intra-Company Transfer (Training) Employment Permi,74,data/raw/pq_attachments/2025-05-20_pq381-20-05-25_en.xlsx,2025-05-20,True
2022,Intra-Company Transfer Employment Permit,1876,data/raw/pq_attachments/2025-05-20_pq381-20-05-25_en.xlsx,2025-05-20,True
2022,Reactivation Employment Permit,69,data/raw/pq_attachments/2025-05-20_pq381-20-05-25_en.xlsx,2025-05-20,True
2022,Sport and Cultural Employment Permit,164,data/raw/pq_attachments/2025-05-20_pq381-20-05-25_en.xlsx,2025-05-20,True
2023,Contract for Services Employment Permit,86,data/raw/pq_attachments/2025-05-20_pq381-20-05-25_en.xlsx,2025-05-20,True
2023,Critical Skills Employment Permit,15673,data/raw/pq_attachments/2025-05-20_pq381-20-05-25_en.xlsx,2025-05-20,True
2023,Dependant/Partner/Spouse Employment Permit,23,data/raw/pq_attachments/2025-05-20_pq381-20-05-25_en.xlsx,2025-05-20,True
2023,Exchange Agreement Employment Permit,1,data/raw/pq_attachments/2025-05-20_pq381-20-05-25_en.xlsx,2025-05-20,True
2023,General Employment Permit,12903,data/raw/pq_attachments/2025-05-20_pq381-20-05-25_en.xlsx,2025-05-20,True
2023,Internship Employment Permit,55,data/raw/pq_attachments/2025-05-20_pq381-20-05-25_en.xlsx,2025-05-20,True
2023,Intra-Company Transfer (Training) Employment Permi,32,data/raw/pq_attachments/2025-05-20_pq381-20-05-25_en.xlsx,2025-05-20,True
2023,Intra-Company Transfer Employment Permit,1924,data/raw/pq_attachments/2025-05-20_pq381-20-05-25_en.xlsx,2025-05-20,True
2023,Reactivation Employment Permit,98,data/raw/pq_attachments/2025-05-20_pq381-20-05-25_en.xlsx,2025-05-20,True
2023,Sport and Cultural Employment Permit,184,data/raw/pq_attachments/2025-05-20_pq381-20-05-25_en.xlsx,2025-05-20,True
2024,Contract for Services Employment Permit,74,data/raw/pq_attachments/2025-05-20_pq381-20-05-25_en.xlsx,2025-05-20,True
2024,Critical Skills Employment Permit,17168,data/raw/pq_attachments/2025-05-20_pq381-20-05-25_en.xlsx,2025-05-20,True
2024,Dependant/Partner/Spouse Employment Permit,30,data/raw/pq_attachments/2025-05-20_pq381-20-05-25_en.xlsx,2025-05-20,True
2024,Exchange Agreement Employment Permit,1,data/raw/pq_attachments/2025-05-20_pq381-20-05-25_en.xlsx,2025-05-20,True
2024,General Employment Permit,19478,data/raw/pq_attachments/2025-05-20_pq381-20-05-25_en.xlsx,2025-05-20,True
2024,Internship Employment Permit,42,data/raw/pq_attachments/2025-05-20_pq381-20-05-25_en.xlsx,2025-05-20,True
2024,Intra-Company Transfer (Training) Employment Permi,42,data/raw/pq_attachments/2025-05-20_pq381-20-05-25_en.xlsx,2025-05-20,True
2024,Intra-Company Transfer Employment Permit,1911,data/raw/pq_attachments/2025-05-20_pq381-20-05-25_en.xlsx,2025-05-20,True
2024,Reactivation Employment Permit,170,data/raw/pq_attachments/2025-05-20_pq381-20-05-25_en.xlsx,2025-05-20,True
2024,Sport and Cultural Employment Permit,482,data/raw/pq_attachments/2025-05-20_pq381-20-05-25_en.xlsx,2025-05-20,True
