year,permit_type,soc_code,soc_title,issued,source_file,source_url,pq_url
2024,Critical Skills Employment Permit,1115,Chief executives and senior officials,54,data/raw/pq_attachments/2025-03-26_pq56-26-03-2025_en.docx,https://data.oireachtas.ie/ie/oireachtas/debates/questions/supportingDocumentation/2025-03-26_pq56-26-03-2025_en.docx,https://www.oireachtas.ie/en/debates/question/2025-03-26/56/
2024,Critical Skills Employment Permit,1121,Production managers and directors in manufacturing,37,data/raw/pq_attachments/2025-03-26_pq56-26-03-2025_en.docx,https://data.oireachtas.ie/ie/oireachtas/debates/questions/supportingDocumentation/2025-03-26_pq56-26-03-2025_en.docx,https://www.oireachtas.ie/en/debates/question/2025-03-26/56/
2024,Critical Skills Employment Permit,1122,Production managers and directors in construction,54,data/raw/pq_attachments/2025-03-26_pq56-26-03-2025_en.docx,https://data.oireachtas.ie/ie/oireachtas/debates/questions/supportingDocumentation/2025-03-26_pq56-26-03-2025_en.docx,https://www.oireachtas.ie/en/debates/question/2025-03-26/56/
2024,Critical Skills Employment Permit,1123,Production managers and directors in mining and energy,2,data/raw/pq_attachments/2025-03-26_pq56-26-03-2025_en.docx,https://data.oireachtas.ie/ie/oireachtas/debates/questions/supportingDocumentation/2025-03-26_pq56-26-03-2025_en.docx,https://www.oireachtas.ie/en/debates/question/2025-03-26/56/
2024,Critical Skills Employment Permit,1131,Financial managers and directors,52,data/raw/pq_attachments/2025-03-26_pq56-26-03-2025_en.docx,https://data.oireachtas.ie/ie/oireachtas/debates/questions/supportingDocumentation/2025-03-26_pq56-26-03-2025_en.docx,https://www.oireachtas.ie/en/debates/question/2025-03-26/56/
2024,Critical Skills Employment Permit,1132,Marketing and sales directors,36,data/raw/pq_attachments/2025-03-26_pq56-26-03-2025_en.docx,https://data.oireachtas.ie/ie/oireachtas/debates/questions/supportingDocumentation/2025-03-26_pq56-26-03-2025_en.docx,https://www.oireachtas.ie/en/debates/question/2025-03-26/56/
2024,Critical Skills Employment Permit,1133,Purchasing managers and directors,24,data/raw/pq_attachments/2025-03-26_pq56-26-03-2025_en.docx,https://data.oireachtas.ie/ie/oireachtas/debates/questions/supportingDocumentation/2025-03-26_pq56-26-03-2025_en.docx,https://www.oireachtas.ie/en/debates/question/2025-03-26/56/
2024,Critical Skills Employment Permit,1134,Advertising and public relations directors,1,data/raw/pq_attachments/2025-03-26_pq56-26-03-2025_en.docx,https://data.oireachtas.ie/ie/oireachtas/debates/questions/supportingDocumentation/2025-03-26_pq56-26-03-2025_en.docx,https://www.oireachtas.ie/en/debates/question/2025-03-26/56/
2024,Critical Skills Employment Permit,1135,Human resource managers and directors,29,data/raw/pq_attachments/2025-03-26_pq56-26-03-2025_en.docx,https://data.oireachtas.ie/ie/oireachtas/debates/questions/supportingDocumentation/2025-03-26_pq56-26-03-2025_en.docx,https://www.oireachtas.ie/en/debates/question/2025-03-26/56/
2024,Critical Skills Employment Permit,1136,Information technology and telecommunications directors,30,data/raw/pq_attachments/2025-03-26_pq56-26-03-2025_en.docx,https://data.oireachtas.ie/ie/oireachtas/debates/questions/supportingDocumentation/2025-03-26_pq56-26-03-2025_en.docx,https://www.oireachtas.ie/en/debates/question/2025-03-26/56/
2024,Critical Skills Employment Permit,1139,Functional managers and directors n.e.c.,10,data/raw/pq_attachments/2025-03-26_pq56-26-03-2025_en.docx,https://data.oireachtas.ie/ie/oireachtas/debates/questions/supportingDocumentation/2025-03-26_pq56-26-03-2025_en.docx,https://www.oireachtas.ie/en/debates/question/2025-03-26/56/
2024,Critical Skills Employment Permit,1150,Financial institution managers and directors,3,data/raw/pq_attachments/2025-03-26_pq56-26-03-2025_en.docx,https://data.oireachtas.ie/ie/oireachtas/debates/questions/supportingDocumentation/2025-03-26_pq56-26-03-2025_en.docx,https://www.oireachtas.ie/en/debates/question/2025-03-26/56/
2024,Critical Skills Employment Permit,1161,Managers and directors in transport and distribution,8,data/raw/pq_attachments/2025-03-26_pq56-26-03-2025_en.docx,https://data.oireachtas.ie/ie/oireachtas/debates/questions/supportingDocumentation/2025-03-26_pq56-26-03-2025_en.docx,https://www.oireachtas.ie/en/debates/question/2025-03-26/56/
2024,Critical Skills Employment Permit,1162,Managers and directors in storage and warehousing,5,data/raw/pq_attachments/2025-03-26_pq56-26-03-2025_en.docx,https://data.oireachtas.ie/ie/oireachtas/debates/questions/supportingDocumentation/2025-03-26_pq56-26-03-2025_en.docx,https://www.oireachtas.ie/en/debates/question/2025-03-26/56/
2024,Critical Skills Employment Permit,1181,Health services and public health managers and directors,6,data/raw/pq_attachments/2025-03-26_pq56-26-03-2025_en.docx,https://data.oireachtas.ie/ie/oireachtas/debates/questions/supportingDocumentation/2025-03-26_pq56-26-03-2025_en.docx,https://www.oireachtas.ie/en/debates/question/2025-03-26/56/
2024,Critical Skills Employment Permit,1190,Managers and directors in retail and wholesale,6,data/raw/pq_attachments/2025-03-26_pq56-26-03-2025_en.docx,https://data.oireachtas.ie/ie/oireachtas/debates/questions/supportingDocumentation/2025-03-26_pq56-26-03-2025_en.docx,https://www.oireachtas.ie/en/debates/question/2025-03-26/56/
2024,Critical Skills Employment Permit,1213,"Managers and proprietors in forestry, fishing and related services",5,data/raw/pq_attachments/2025-03-26_pq56-26-03-2025_en.docx,https://data.oireachtas.ie/ie/oireachtas/debates/questions/supportingDocumentation/2025-03-26_pq56-26-03-2025_en.docx,https://www.oireachtas.ie/en/debates/question/2025-03-26/56/
2024,Critical Skills Employment Permit,1221,Hotel and accommodation managers and proprietors,1,data/raw/pq_attachments/2025-03-26_pq56-26-03-2025_en.docx,https://data.oireachtas.ie/ie/oireachtas/debates/questions/supportingDocumentation/2025-03-26_pq56-26-03-2025_en.docx,https://www.oireachtas.ie/en/debates/question/2025-03-26/56/
2024,Critical Skills Employment Permit,1223,Restaurant and catering establishment managers and proprietors,1,data/raw/pq_attachments/2025-03-26_pq56-26-03-2025_en.docx,https://data.oireachtas.ie/ie/oireachtas/debates/questions/supportingDocumentation/2025-03-26_pq56-26-03-2025_en.docx,https://www.oireachtas.ie/en/debates/question/2025-03-26/56/
2024,Critical Skills Employment Permit,1241,Health care practice managers,2,data/raw/pq_attachments/2025-03-26_pq56-26-03-2025_en.docx,https://data.oireachtas.ie/ie/oireachtas/debates/questions/supportingDocumentation/2025-03-26_pq56-26-03-2025_en.docx,https://www.oireachtas.ie/en/debates/question/2025-03-26/56/
2024,Critical Skills Employment Permit,1259,Managers and proprietors in other services n.e.c.,2,data/raw/pq_attachments/2025-03-26_pq56-26-03-2025_en.docx,https://data.oireachtas.ie/ie/oireachtas/debates/questions/supportingDocumentation/2025-03-26_pq56-26-03-2025_en.docx,https://www.oireachtas.ie/en/debates/question/2025-03-26/56/
2024,Critical Skills Employment Permit,2111,Chemical scientists,128,data/raw/pq_attachments/2025-03-26_pq56-26-03-2025_en.docx,https://data.oireachtas.ie/ie/oireachtas/debates/questions/supportingDocumentation/2025-03-26_pq56-26-03-2025_en.docx,https://www.oireachtas.ie/en/debates/question/2025-03-26/56/
2024,Critical Skills Employment Permit,2112,Biological scientists and biochemists,181,data/raw/pq_attachments/2025-03-26_pq56-26-03-2025_en.docx,https://data.oireachtas.ie/ie/oireachtas/debates/questions/supportingDocumentation/2025-03-26_pq56-26-03-2025_en.docx,https://www.oireachtas.ie/en/debates/question/2025-03-26/56/
2024,Critical Skills Employment Permit,2113,Physical scientists,21,data/raw/pq_attachments/2025-03-26_pq56-26-03-2025_en.docx,https://data.oireachtas.ie/ie/oireachtas/debates/questions/supportingDocumentation/2025-03-26_pq56-26-03-2025_en.docx,https://www.oireachtas.ie/en/debates/question/2025-03-26/56/
2024,Critical Skills Employment Permit,2114,Social and humanities scientists,3,data/raw/pq_attachments/2025-03-26_pq56-26-03-2025_en.docx,https://data.oireachtas.ie/ie/oireachtas/debates/questions/supportingDocumentation/2025-03-26_pq56-26-03-2025_en.docx,https://www.oireachtas.ie/en/debates/question/2025-03-26/56/
2024,Critical Skills Employment Permit,2119,Natural and social science professionals n.e.c.,11,data/raw/pq_attachments/2025-03-26_pq56-26-03-2025_en.docx,https://data.oireachtas.ie/ie/oireachtas/debates/questions/supportingDocumentation/2025-03-26_pq56-26-03-2025_en.docx,https://www.oireachtas.ie/en/debates/question/2025-03-26/56/
2024,Critical Skills Employment Permit,2121,Civil engineers,417,data/raw/pq_attachments/2025-03-26_pq56-26-03-2025_en.docx,https://data.oireachtas.ie/ie/oireachtas/debates/questions/supportingDocumentation/2025-03-26_pq56-26-03-2025_en.docx,https://www.oireachtas.ie/en/debates/question/2025-03-26/56/
2024,Critical Skills Employment Permit,2122,Mechanical engineers,251,data/raw/pq_attachments/2025-03-26_pq56-26-03-2025_en.docx,https://data.oireachtas.ie/ie/oireachtas/debates/questions/supportingDocumentation/2025-03-26_pq56-26-03-2025_en.docx,https://www.oireachtas.ie/en/debates/question/2025-03-26/56/
2024,Critical Skills Employment Permit,2123,Electrical engineers,311,data/raw/pq_attachments/2025-03-26_pq56-26-03-2025_en.docx,https://data.oireachtas.ie/ie/oireachtas/debates/questions/supportingDocumentation/2025-03-26_pq56-26-03-2025_en.docx,https://www.oireachtas.ie/en/debates/question/2025-03-26/56/
2024,Critical Skills Employment Permit,2124,Electronics engineers,131,data/raw/pq_attachments/2025-03-26_pq56-26-03-2025_en.docx,https://data.oireachtas.ie/ie/oireachtas/debates/questions/supportingDocumentation/2025-03-26_pq56-26-03-2025_en.docx,https://www.oireachtas.ie/en/debates/question/2025-03-26/56/
2024,Critical Skills Employment Permit,2126,Design and development engineers,511,data/raw/pq_attachments/2025-03-26_pq56-26-03-2025_en.docx,https://data.oireachtas.ie/ie/oireachtas/debates/questions/supportingDocumentation/2025-03-26_pq56-26-03-2025_en.docx,https://www.oireachtas.ie/en/debates/question/2025-03-26/56/
2024,Critical Skills Employment Permit,2127,Production and process engineers,307,data/raw/pq_attachments/2025-03-26_pq56-26-03-2025_en.docx,https://data.oireachtas.ie/ie/oireachtas/debates/questions/supportingDocumentation/2025-03-26_pq56-26-03-2025_en.docx,https://www.oireachtas.ie/en/debates/question/2025-03-26/56/
2024,Critical Skills Employment Permit,2129,Engineering professionals n.e.c.,195,data/raw/pq_attachments/2025-03-26_pq56-26-03-2025_en.docx,https://data.oireachtas.ie/ie/oireachtas/debates/questions/supportingDocumentation/2025-03-26_pq56-26-03-2025_en.docx,https://www.oireachtas.ie/en/debates/question/2025-03-26/56/
2024,Critical Skills Employment Permit,2133,IT specialist managers,232,data/raw/pq_attachments/2025-03-26_pq56-26-03-2025_en.docx,https://data.oireachtas.ie/ie/oireachtas/debates/questions/supportingDocumentation/2025-03-26_pq56-26-03-2025_en.docx,https://www.oireachtas.ie/en/debates/question/2025-03-26/56/
2024,Critical Skills Employment Permit,2134,IT project and programme managers,209,data/raw/pq_attachments/2025-03-26_pq56-26-03-2025_en.docx,https://data.oireachtas.ie/ie/oireachtas/debates/questions/supportingDocumentation/2025-03-26_pq56-26-03-2025_en.docx,https://www.oireachtas.ie/en/debates/question/2025-03-26/56/
2024,Critical Skills Employment Permit,2135,"IT business analysts, architects and systems designers",936,data/raw/pq_attachments/2025-03-26_pq56-26-03-2025_en.docx,https://data.oireachtas.ie/ie/oireachtas/debates/questions/supportingDocumentation/2025-03-26_pq56-26-03-2025_en.docx,https://www.oireachtas.ie/en/debates/question/2025-03-26/56/
2024,Critical Skills Employment Permit,2136,Programmers and software development professionals,2247,data/raw/pq_attachments/2025-03-26_pq56-26-03-2025_en.docx,https://data.oireachtas.ie/ie/oireachtas/debates/questions/supportingDocumentation/2025-03-26_pq56-26-03-2025_en.docx,https://www.oireachtas.ie/en/debates/question/2025-03-26/56/
2024,Critical Skills Employment Permit,2137,Web design and development professionals,85,data/raw/pq_attachments/2025-03-26_pq56-26-03-2025_en.docx,https://data.oireachtas.ie/ie/oireachtas/debates/questions/supportingDocumentation/2025-03-26_pq56-26-03-2025_en.docx,https://www.oireachtas.ie/en/debates/question/2025-03-26/56/
2024,Critical Skills Employment Permit,2139,Information technology and telecommunications professionals n.e.c.,615,data/raw/pq_attachments/2025-03-26_pq56-26-03-2025_en.docx,https://data.oireachtas.ie/ie/oireachtas/debates/questions/supportingDocumentation/2025-03-26_pq56-26-03-2025_en.docx,https://www.oireachtas.ie/en/debates/question/2025-03-26/56/
2024,Critical Skills Employment Permit,2141,Conservation professionals,1,data/raw/pq_attachments/2025-03-26_pq56-26-03-2025_en.docx,https://data.oireachtas.ie/ie/oireachtas/debates/questions/supportingDocumentation/2025-03-26_pq56-26-03-2025_en.docx,https://www.oireachtas.ie/en/debates/question/2025-03-26/56/
2024,Critical Skills Employment Permit,2142,Environment professionals,12,data/raw/pq_attachments/2025-03-26_pq56-26-03-2025_en.docx,https://data.oireachtas.ie/ie/oireachtas/debates/questions/supportingDocumentation/2025-03-26_pq56-26-03-2025_en.docx,https://www.oireachtas.ie/en/debates/question/2025-03-26/56/
2024,Critical Skills Employment Permit,2150,Research and development managers,12,data/raw/pq_attachments/2025-03-26_pq56-26-03-2025_en.docx,https://data.oireachtas.ie/ie/oireachtas/debates/questions/supportingDocumentation/2025-03-26_pq56-26-03-2025_en.docx,https://www.oireachtas.ie/en/debates/question/2025-03-26/56/
2024,Critical Skills Employment Permit,2211,Medical practitioners,254,data/raw/pq_attachments/2025-03-26_pq56-26-03-2025_en.docx,https://data.oireachtas.ie/ie/oireachtas/debates/questions/supportingDocumentation/2025-03-26_pq56-26-03-2025_en.docx,https://www.oireachtas.ie/en/debates/question/2025-03-26/56/
2024,Critical Skills Employment Permit,2212,Psychologists,19,data/raw/pq_attachments/2025-03-26_pq56-26-03-2025_en.docx,https://data.oireachtas.ie/ie/oireachtas/debates/questions/supportingDocumentation/2025-03-26_pq56-26-03-2025_en.docx,https://www.oireachtas.ie/en/debates/question/2025-03-26/56/
2024,Critical Skills Employment Permit,2213,Pharmacists,48,data/raw/pq_attachments/2025-03-26_pq56-26-03-2025_en.docx,https://data.oireachtas.ie/ie/oireachtas/debates/questions/supportingDocumentation/2025-03-26_pq56-26-03-2025_en.docx,https://www.oireachtas.ie/en/debates/question/2025-03-26/56/
2024,Critical Skills Employment Permit,2214,Ophthalmic opticians,20,data/raw/pq_attachments/2025-03-26_pq56-26-03-2025_en.docx,https://data.oireachtas.ie/ie/oireachtas/debates/questions/supportingDocumentation/2025-03-26_pq56-26-03-2025_en.docx,https://www.oireachtas.ie/en/debates/question/2025-03-26/56/
2024,Critical Skills Employment Permit,2215,Dental practitioners,35,data/raw/pq_attachments/2025-03-26_pq56-26-03-2025_en.docx,https://data.oireachtas.ie/ie/oireachtas/debates/questions/supportingDocumentation/2025-03-26_pq56-26-03-2025_en.docx,https://www.oireachtas.ie/en/debates/question/2025-03-26/56/
2024,Critical Skills Employment Permit,2216,Veterinarians,2,data/raw/pq_attachments/2025-03-26_pq56-26-03-2025_en.docx,https://data.oireachtas.ie/ie/oireachtas/debates/questions/supportingDocumentation/2025-03-26_pq56-26-03-2025_en.docx,https://www.oireachtas.ie/en/debates/question/2025-03-26/56/
2024,Critical Skills Employment Permit,2217,Medical radiographers,121,data/raw/pq_attachments/2025-03-26_pq56-26-03-2025_en.docx,https://data.oireachtas.ie/ie/oireachtas/debates/questions/supportingDocumentation/2025-03-26_pq56-26-03-2025_en.docx,https://www.oireachtas.ie/en/debates/question/2025-03-26/56/
2024,Critical Skills Employment Permit,2218,Podiatrists,1,data/raw/pq_attachments/2025-03-26_pq56-26-03-2025_en.docx,https://data.oireachtas.ie/ie/oireachtas/debates/questions/supportingDocumentation/2025-03-26_pq56-26-03-2025_en.docx,https://www.oireachtas.ie/en/debates/question/2025-03-26/56/
2024,Critical Skills Employment Permit,2219,Health professionals n.e.c.,53,data/raw/pq_attachments/2025-03-26_pq56-26-03-2025_en.docx,https://data.oireachtas.ie/ie/oireachtas/debates/questions/supportingDocumentation/2025-03-26_pq56-26-03-2025_en.docx,https://www.oireachtas.ie/en/debates/question/2025-03-26/56/
2024,Critical Skills Employment Permit,2221,Physiotherapists,63,data/raw/pq_attachments/2025-03-26_pq56-26-03-2025_en.docx,https://data.oireachtas.ie/ie/oireachtas/debates/questions/supportingDocumentation/2025-03-26_pq56-26-03-2025_en.docx,https://www.oireachtas.ie/en/debates/question/2025-03-26/56/
2024,Critical Skills Employment Permit,2222,Occupational therapists,31,data/raw/pq_attachments/2025-03-26_pq56-26-03-2025_en.docx,https://data.oireachtas.ie/ie/oireachtas/debates/questions/supportingDocumentation/2025-03-26_pq56-26-03-2025_en.docx,https://www.oireachtas.ie/en/debates/question/2025-03-26/56/
2024,Critical Skills Employment Permit,2223,Speech and language therapists,13,data/raw/pq_attachments/2025-03-26_pq56-26-03-2025_en.docx,https://data.oireachtas.ie/ie/oireachtas/debates/questions/supportingDocumentation/2025-03-26_pq56-26-03-2025_en.docx,https://www.oireachtas.ie/en/debates/question/2025-03-26/56/
2024,Critical Skills Employment Permit,2229,Therapy professionals n.e.c.,3,data/raw/pq_attachments/2025-03-26_pq56-26-03-2025_en.docx,https://data.oireachtas.ie/ie/oireachtas/debates/questions/supportingDocumentation/2025-03-26_pq56-26-03-2025_en.docx,https://www.oireachtas.ie/en/debates/question/2025-03-26/56/
2024,Critical Skills Employment Permit,2231,Nurses,5031,data/raw/pq_attachments/2025-03-26_pq56-26-03-2025_en.docx,https://data.oireachtas.ie/ie/oireachtas/debates/questions/supportingDocumentation/2025-03-26_pq56-26-03-2025_en.docx,https://www.oireachtas.ie/en/debates/question/2025-03-26/56/
2024,Critical Skills Employment Permit,2232,Midwives,12,data/raw/pq_attachments/2025-03-26_pq56-26-03-2025_en.docx,https://data.oireachtas.ie/ie/oireachtas/debates/questions/supportingDocumentation/2025-03-26_pq56-26-03-2025_en.docx,https://www.oireachtas.ie/en/debates/question/2025-03-26/56/
2024,Critical Skills Employment Permit,2311,Higher education teaching professionals,60,data/raw/pq_attachments/2025-03-26_pq56-26-03-2025_en.docx,https://data.oireachtas.ie/ie/oireachtas/debates/questions/supportingDocumentation/2025-03-26_pq56-26-03-2025_en.docx,https://www.oireachtas.ie/en/debates/question/2025-03-26/56/
2024,Critical Skills Employment Permit,2312,Further education teaching professionals,8,data/raw/pq_attachments/2025-03-26_pq56-26-03-2025_en.docx,https://data.oireachtas.ie/ie/oireachtas/debates/questions/supportingDocumentation/2025-03-26_pq56-26-03-2025_en.docx,https://www.oireachtas.ie/en/debates/question/2025-03-26/56/
2024,Critical Skills Employment Permit,2314,Secondary education teaching professionals,1,data/raw/pq_attachments/2025-03-26_pq56-26-03-2025_en.docx,https://data.oireachtas.ie/ie/oireachtas/debates/questions/supportingDocumentation/2025-03-26_pq56-26-03-2025_en.docx,https://www.oireachtas.ie/en/debates/question/2025-03-26/56/
2024,Critical Skills Employment Permit,2315,Primary and nursery education teaching professionals,1,data/raw/pq_attachments/2025-03-26_pq56-26-03-2025_en.docx,https://data.oireachtas.ie/ie/oireachtas/debates/questions/supportingDocumentation/2025-03-26_pq56-26-03-2025_en.docx,https://www.oireachtas.ie/en/debates/question/2025-03-26/56/
2024,Critical Skills Employment Permit,2317,Senior professionals of educational establishments,2,data/raw/pq_attachments/2025-03-26_pq56-26-03-2025_en.docx,https://data.oireachtas.ie/ie/oireachtas/debates/questions/supportingDocumentation/2025-03-26_pq56-26-03-2025_en.docx,https://www.oireachtas.ie/en/debates/question/2025-03-26/56/
2024,Critical Skills Employment Permit,2318,Education advisers and school inspectors,1,data/raw/pq_attachments/2025-03-26_pq56-26-03-2025_en.docx,https://data.oireachtas.ie/ie/oireachtas/debates/questions/supportingDocumentation/2025-03-26_pq56-26-03-2025_en.docx,https://www.oireachtas.ie/en/debates/question/2025-03-26/56/
2024,Critical Skills Employment Permit,2319,Teaching and other educational professionals n.e.c.,2,data/raw/pq_attachments/2025-03-26_pq56-26-03-2025_en.docx,https://data.oireachtas.ie/ie/oireachtas/debates/questions/supportingDocumentation/2025-03-26_pq56-26-03-2025_en.docx,https://www.oireachtas.ie/en/debates/question/2025-03-26/56/
2024,Critical Skills Employment Permit,2413,Solicitors,1,data/raw/pq_attachments/2025-03-26_pq56-26-03-2025_en.docx,https://data.oireachtas.ie/ie/oireachtas/debates/questions/supportingDocumentation/2025-03-26_pq56-26-03-2025_en.docx,https://www.oireachtas.ie/en/debates/question/2025-03-26/56/
2024,Critical Skills Employment Permit,2419,Legal professionals n.e.c.,21,data/raw/pq_attachments/2025-03-26_pq56-26-03-2025_en.docx,https://data.oireachtas.ie/ie/oireachtas/debates/questions/supportingDocumentation/2025-03-26_pq56-26-03-2025_en.docx,https://www.oireachtas.ie/en/debates/question/2025-03-26/56/
2024,Critical Skills Employment Permit,2421,Chartered and certified accountants,657,data/raw/pq_attachments/2025-03-26_pq56-26-03-2025_en.docx,https://data.oireachtas.ie/ie/oireachtas/debates/questions/supportingDocumentation/2025-03-26_pq56-26-03-2025_en.docx,https://www.oireachtas.ie/en/debates/question/2025-03-26/56/
2024,Critical Skills Employment Permit,2423,Management consultants and business analysts,706,data/raw/pq_attachments/2025-03-26_pq56-26-03-2025_en.docx,https://data.oireachtas.ie/ie/oireachtas/debates/questions/supportingDocumentation/2025-03-26_pq56-26-03-2025_en.docx,https://www.oireachtas.ie/en/debates/question/2025-03-26/56/
2024,Critical Skills Employment Permit,2424,Business and financial project management professionals,789,data/raw/pq_attachments/2025-03-26_pq56-26-03-2025_en.docx,https://data.oireachtas.ie/ie/oireachtas/debates/questions/supportingDocumentation/2025-03-26_pq56-26-03-2025_en.docx,https://www.oireachtas.ie/en/debates/question/2025-03-26/56/
2024,Critical Skills Employment Permit,2425,"Actuaries, economists and statisticians",59,data/raw/pq_attachments/2025-03-26_pq56-26-03-2025_en.docx,https://data.oireachtas.ie/ie/oireachtas/debates/questions/supportingDocumentation/2025-03-26_pq56-26-03-2025_en.docx,https://www.oireachtas.ie/en/debates/question/2025-03-26/56/
2024,Critical Skills Employment Permit,2426,Business and related research professionals,7,data/raw/pq_attachments/2025-03-26_pq56-26-03-2025_en.docx,https://data.oireachtas.ie/ie/oireachtas/debates/questions/supportingDocumentation/2025-03-26_pq56-26-03-2025_en.docx,https://www.oireachtas.ie/en/debates/question/2025-03-26/56/
2024,Critical Skills Employment Permit,2429,"Business, research and administrative professionals n.e.c.",7,data/raw/pq_attachments/2025-03-26_pq56-26-03-2025_en.docx,https://data.oireachtas.ie/ie/oireachtas/debates/questions/supportingDocumentation/2025-03-26_pq56-26-03-2025_en.docx,https://www.oireachtas.ie/en/debates/question/2025-03-26/56/
2024,Critical Skills Employment Permit,2431,Architects,10,data/raw/pq_attachments/2025-03-26_pq56-26-03-2025_en.docx,https://data.oireachtas.ie/ie/oireachtas/debates/questions/supportingDocumentation/2025-03-26_pq56-26-03-2025_en.docx,https://www.oireachtas.ie/en/debates/question/2025-03-26/56/
2024,Critical Skills Employment Permit,2433,Quantity surveyors,84,data/raw/pq_attachments/2025-03-26_pq56-26-03-2025_en.docx,https://data.oireachtas.ie/ie/oireachtas/debates/questions/supportingDocumentation/2025-03-26_pq56-26-03-2025_en.docx,https://www.oireachtas.ie/en/debates/question/2025-03-26/56/
2024,Critical Skills Employment Permit,2434,Chartered surveyors,1,data/raw/pq_attachments/2025-03-26_pq56-26-03-2025_en.docx,https://data.oireachtas.ie/ie/oireachtas/debates/questions/supportingDocumentation/2025-03-26_pq56-26-03-2025_en.docx,https://www.oireachtas.ie/en/debates/question/2025-03-26/56/
2024,Critical Skills Employment Permit,2435,Chartered architectural technologists,59,data/raw/pq_attachments/2025-03-26_pq56-26-03-2025_en.docx,https://data.oireachtas.ie/ie/oireachtas/debates/questions/supportingDocumentation/2025-03-26_pq56-26-03-2025_en.docx,https://www.oireachtas.ie/en/debates/question/2025-03-26/56/
2024,Critical Skills Employment Permit,2436,Construction project managers and related professionals,103,data/raw/pq_attachments/2025-03-26_pq56-26-03-2025_en.docx,https://data.oireachtas.ie/ie/oireachtas/debates/questions/supportingDocumentation/2025-03-26_pq56-26-03-2025_en.docx,https://www.oireachtas.ie/en/debates/question/2025-03-26/56/
2024,Critical Skills Employment Permit,2442,Social workers,44,data/raw/pq_attachments/2025-03-26_pq56-26-03-2025_en.docx,https://data.oireachtas.ie/ie/oireachtas/debates/questions/supportingDocumentation/2025-03-26_pq56-26-03-2025_en.docx,https://www.oireachtas.ie/en/debates/question/2025-03-26/56/
2024,Critical Skills Employment Permit,2461,Quality control and planning engineers,115,data/raw/pq_attachments/2025-03-26_pq56-26-03-2025_en.docx,https://data.oireachtas.ie/ie/oireachtas/debates/questions/supportingDocumentation/2025-03-26_pq56-26-03-2025_en.docx,https://www.oireachtas.ie/en/debates/question/2025-03-26/56/
2024,Critical Skills Employment Permit,2462,Quality assurance and regulatory professionals,318,data/raw/pq_attachments/2025-03-26_pq56-26-03-2025_en.docx,https://data.oireachtas.ie/ie/oireachtas/debates/questions/supportingDocumentation/2025-03-26_pq56-26-03-2025_en.docx,https://www.oireachtas.ie/en/debates/question/2025-03-26/56/
2024,Critical Skills Employment Permit,2463,Environmental health professionals,14,data/raw/pq_attachments/2025-03-26_pq56-26-03-2025_en.docx,https://data.oireachtas.ie/ie/oireachtas/debates/questions/supportingDocumentation/2025-03-26_pq56-26-03-2025_en.docx,https://www.oireachtas.ie/en/debates/question/2025-03-26/56/
2024,Critical Skills Employment Permit,2471,"Journalists, newspaper and periodical editors",1,data/raw/pq_attachments/2025-03-26_pq56-26-03-2025_en.docx,https://data.oireachtas.ie/ie/oireachtas/debates/questions/supportingDocumentation/2025-03-26_pq56-26-03-2025_en.docx,https://www.oireachtas.ie/en/debates/question/2025-03-26/56/
2024,Critical Skills Employment Permit,2472,Public relations professionals,2,data/raw/pq_attachments/2025-03-26_pq56-26-03-2025_en.docx,https://data.oireachtas.ie/ie/oireachtas/debates/questions/supportingDocumentation/2025-03-26_pq56-26-03-2025_en.docx,https://www.oireachtas.ie/en/debates/question/2025-03-26/56/
2024,Critical Skills Employment Permit,2473,Advertising accounts managers and creative directors,8,data/raw/pq_attachments/2025-03-26_pq56-26-03-2025_en.docx,https://data.oireachtas.ie/ie/oireachtas/debates/questions/supportingDocumentation/2025-03-26_pq56-26-03-2025_en.docx,https://www.oireachtas.ie/en/debates/question/2025-03-26/56/
2024,Critical Skills Employment Permit,3111,Laboratory technicians,3,data/raw/pq_attachments/2025-03-26_pq56-26-03-2025_en.docx,https://data.oireachtas.ie/ie/oireachtas/debates/questions/supportingDocumentation/2025-03-26_pq56-26-03-2025_en.docx,https://www.oireachtas.ie/en/debates/question/2025-03-26/56/
2024,Critical Skills Employment Permit,3112,Electrical and electronics technicians,1,data/raw/pq_attachments/2025-03-26_pq56-26-03-2025_en.docx,https://data.oireachtas.ie/ie/oireachtas/debates/questions/supportingDocumentation/2025-03-26_pq56-26-03-2025_en.docx,https://www.oireachtas.ie/en/debates/question/2025-03-26/56/
2024,Critical Skills Employment Permit,3113,Engineering technicians,15,data/raw/pq_attachments/2025-03-26_pq56-26-03-2025_en.docx,https://data.oireachtas.ie/ie/oireachtas/debates/questions/supportingDocumentation/2025-03-26_pq56-26-03-2025_en.docx,https://www.oireachtas.ie/en/debates/question/2025-03-26/56/
2024,Critical Skills Employment Permit,3115,Quality assurance technicians,7,data/raw/pq_attachments/2025-03-26_pq56-26-03-2025_en.docx,https://data.oireachtas.ie/ie/oireachtas/debates/questions/supportingDocumentation/2025-03-26_pq56-26-03-2025_en.docx,https://www.oireachtas.ie/en/debates/question/2025-03-26/56/
2024,Critical Skills Employment Permit,3116,"Planning, process and production technicians",2,data/raw/pq_attachments/2025-03-26_pq56-26-03-2025_en.docx,https://data.oireachtas.ie/ie/oireachtas/debates/questions/supportingDocumentation/2025-03-26_pq56-26-03-2025_en.docx,https://www.oireachtas.ie/en/debates/question/2025-03-26/56/
2024,Critical Skills Employment Permit,3119,"Science, engineering and production technicians n.e.c.",3,data/raw/pq_attachments/2025-03-26_pq56-26-03-2025_en.docx,https://data.oireachtas.ie/ie/oireachtas/debates/questions/supportingDocumentation/2025-03-26_pq56-26-03-2025_en.docx,https://www.oireachtas.ie/en/debates/question/2025-03-26/56/
2024,Critical Skills Employment Permit,3122,Draughtspersons,36,data/raw/pq_attachments/2025-03-26_pq56-26-03-2025_en.docx,https://data.oireachtas.ie/ie/oireachtas/debates/questions/supportingDocumentation/2025-03-26_pq56-26-03-2025_en.docx,https://www.oireachtas.ie/en/debates/question/2025-03-26/56/
2024,Critical Skills Employment Permit,3131,IT operations technicians,10,data/raw/pq_attachments/2025-03-26_pq56-26-03-2025_en.docx,https://data.oireachtas.ie/ie/oireachtas/debates/questions/supportingDocumentation/2025-03-26_pq56-26-03-2025_en.docx,https://www.oireachtas.ie/en/debates/question/2025-03-26/56/
2024,Critical Skills Employment Permit,3132,IT user support technicians,17,data/raw/pq_attachments/2025-03-26_pq56-26-03-2025_en.docx,https://data.oireachtas.ie/ie/oireachtas/debates/questions/supportingDocumentation/2025-03-26_pq56-26-03-2025_en.docx,https://www.oireachtas.ie/en/debates/question/2025-03-26/56/
2024,Critical Skills Employment Permit,3213,Paramedics,2,data/raw/pq_attachments/2025-03-26_pq56-26-03-2025_en.docx,https://data.oireachtas.ie/ie/oireachtas/debates/questions/supportingDocumentation/2025-03-26_pq56-26-03-2025_en.docx,https://www.oireachtas.ie/en/debates/question/2025-03-26/56/
2024,Critical Skills Employment Permit,3218,Medical and dental technicians,7,data/raw/pq_attachments/2025-03-26_pq56-26-03-2025_en.docx,https://data.oireachtas.ie/ie/oireachtas/debates/questions/supportingDocumentation/2025-03-26_pq56-26-03-2025_en.docx,https://www.oireachtas.ie/en/debates/question/2025-03-26/56/
2024,Critical Skills Employment Permit,3239,Welfare and housing associate professionals n.e.c.,1,data/raw/pq_attachments/2025-03-26_pq56-26-03-2025_en.docx,https://data.oireachtas.ie/ie/oireachtas/debates/questions/supportingDocumentation/2025-03-26_pq56-26-03-2025_en.docx,https://www.oireachtas.ie/en/debates/question/2025-03-26/56/
2024,Critical Skills Employment Permit,3411,Artists,4,data/raw/pq_attachments/2025-03-26_pq56-26-03-2025_en.docx,https://data.oireachtas.ie/ie/oireachtas/debates/questions/supportingDocumentation/2025-03-26_pq56-26-03-2025_en.docx,https://www.oireachtas.ie/en/debates/question/2025-03-26/56/
2024,Critical Skills Employment Permit,3412,"Authors, writers and translators",5,data/raw/pq_attachments/2025-03-26_pq56-26-03-2025_en.docx,https://data.oireachtas.ie/ie/oireachtas/debates/questions/supportingDocumentation/2025-03-26_pq56-26-03-2025_en.docx,https://www.oireachtas.ie/en/debates/question/2025-03-26/56/
2024,Critical Skills Employment Permit,3421,Graphic designers,11,data/raw/pq_attachments/2025-03-26_pq56-26-03-2025_en.docx,https://data.oireachtas.ie/ie/oireachtas/debates/questions/supportingDocumentation/2025-03-26_pq56-26-03-2025_en.docx,https://www.oireachtas.ie/en/debates/question/2025-03-26/56/
2024,Critical Skills Employment Permit,3422,"Product, clothing and related designers",3,data/raw/pq_attachments/2025-03-26_pq56-26-03-2025_en.docx,https://data.oireachtas.ie/ie/oireachtas/debates/questions/supportingDocumentation/2025-03-26_pq56-26-03-2025_en.docx,https://www.oireachtas.ie/en/debates/question/2025-03-26/56/
2024,Critical Skills Employment Permit,3442,"Sports coaches, instructors and officials",3,data/raw/pq_attachments/2025-03-26_pq56-26-03-2025_en.docx,https://data.oireachtas.ie/ie/oireachtas/debates/questions/supportingDocumentation/2025-03-26_pq56-26-03-2025_en.docx,https://www.oireachtas.ie/en/debates/question/2025-03-26/56/
2024,Critical Skills Employment Permit,3512,Aircraft pilots and flight engineers,1,data/raw/pq_attachments/2025-03-26_pq56-26-03-2025_en.docx,https://data.oireachtas.ie/ie/oireachtas/debates/questions/supportingDocumentation/2025-03-26_pq56-26-03-2025_en.docx,https://www.oireachtas.ie/en/debates/question/2025-03-26/56/
2024,Critical Skills Employment Permit,3520,Legal associate professionals,1,data/raw/pq_attachments/2025-03-26_pq56-26-03-2025_en.docx,https://data.oireachtas.ie/ie/oireachtas/debates/questions/supportingDocumentation/2025-03-26_pq56-26-03-2025_en.docx,https://www.oireachtas.ie/en/debates/question/2025-03-26/56/
2024,Critical Skills Employment Permit,3531,"Estimators, valuers and assessors",41,data/raw/pq_attachments/2025-03-26_pq56-26-03-2025_en.docx,https://data.oireachtas.ie/ie/oireachtas/debates/questions/supportingDocumentation/2025-03-26_pq56-26-03-2025_en.docx,https://www.oireachtas.ie/en/debates/question/2025-03-26/56/
2024,Critical Skills Employment Permit,3532,Brokers,3,data/raw/pq_attachments/2025-03-26_pq56-26-03-2025_en.docx,https://data.oireachtas.ie/ie/oireachtas/debates/questions/supportingDocumentation/2025-03-26_pq56-26-03-2025_en.docx,https://www.oireachtas.ie/en/debates/question/2025-03-26/56/
2024,Critical Skills Employment Permit,3533,Insurance underwriters,2,data/raw/pq_attachments/2025-03-26_pq56-26-03-2025_en.docx,https://data.oireachtas.ie/ie/oireachtas/debates/questions/supportingDocumentation/2025-03-26_pq56-26-03-2025_en.docx,https://www.oireachtas.ie/en/debates/question/2025-03-26/56/
2024,Critical Skills Employment Permit,3534,Finance and investment analysts and advisers,53,data/raw/pq_attachments/2025-03-26_pq56-26-03-2025_en.docx,https://data.oireachtas.ie/ie/oireachtas/debates/questions/supportingDocumentation/2025-03-26_pq56-26-03-2025_en.docx,https://www.oireachtas.ie/en/debates/question/2025-03-26/56/
2024,Critical Skills Employment Permit,3535,Taxation experts,16,data/raw/pq_attachments/2025-03-26_pq56-26-03-2025_en.docx,https://data.oireachtas.ie/ie/oireachtas/debates/questions/supportingDocumentation/2025-03-26_pq56-26-03-2025_en.docx,https://www.oireachtas.ie/en/debates/question/2025-03-26/56/
2024,Critical Skills Employment Permit,3536,Importers and exporters,2,data/raw/pq_attachments/2025-03-26_pq56-26-03-2025_en.docx,https://data.oireachtas.ie/ie/oireachtas/debates/questions/supportingDocumentation/2025-03-26_pq56-26-03-2025_en.docx,https://www.oireachtas.ie/en/debates/question/2025-03-26/56/
2024,Critical Skills Employment Permit,3537,Financial and accounting technicians,10,data/raw/pq_attachments/2025-03-26_pq56-26-03-2025_en.docx,https://data.oireachtas.ie/ie/oireachtas/debates/questions/supportingDocumentation/2025-03-26_pq56-26-03-2025_en.docx,https://www.oireachtas.ie/en/debates/question/2025-03-26/56/
2024,Critical Skills Employment Permit,3538,Financial accounts managers,15,data/raw/pq_attachments/2025-03-26_pq56-26-03-2025_en.docx,https://data.oireachtas.ie/ie/oireachtas/debates/questions/supportingDocumentation/2025-03-26_pq56-26-03-2025_en.docx,https://www.oireachtas.ie/en/debates/question/2025-03-26/56/
2024,Critical Skills Employment Permit,3539,Business and related associate professionals n.e.c.,63,data/raw/pq_attachments/2025-03-26_pq56-26-03-2025_en.docx,https://data.oireachtas.ie/ie/oireachtas/debates/questions/supportingDocumentation/2025-03-26_pq56-26-03-2025_en.docx,https://www.oireachtas.ie/en/debates/question/2025-03-26/56/
2024,Critical Skills Employment Permit,3541,Buyers and procurement officers,9,data/raw/pq_attachments/2025-03-26_pq56-26-03-2025_en.docx,https://data.oireachtas.ie/ie/oireachtas/debates/questions/supportingDocumentation/2025-03-26_pq56-26-03-2025_en.docx,https://www.oireachtas.ie/en/debates/question/2025-03-26/56/
2024,Critical Skills Employment Permit,3542,Business sales executives,256,data/raw/pq_attachments/2025-03-26_pq56-26-03-2025_en.docx,https://data.oireachtas.ie/ie/oireachtas/debates/questions/supportingDocumentation/2025-03-26_pq56-26-03-2025_en.docx,https://www.oireachtas.ie/en/debates/question/2025-03-26/56/
2024,Critical Skills Employment Permit,3543,Marketing associate professionals,389,data/raw/pq_attachments/2025-03-26_pq56-26-03-2025_en.docx,https://data.oireachtas.ie/ie/oireachtas/debates/questions/supportingDocumentation/2025-03-26_pq56-26-03-2025_en.docx,https://www.oireachtas.ie/en/debates/question/2025-03-26/56/
2024,Critical Skills Employment Permit,3545,Sales accounts and business development managers,137,data/raw/pq_attachments/2025-03-26_pq56-26-03-2025_en.docx,https://data.oireachtas.ie/ie/oireachtas/debates/questions/supportingDocumentation/2025-03-26_pq56-26-03-2025_en.docx,https://www.oireachtas.ie/en/debates/question/2025-03-26/56/
2024,Critical Skills Employment Permit,3562,Human resources and industrial relations officers,9,data/raw/pq_attachments/2025-03-26_pq56-26-03-2025_en.docx,https://data.oireachtas.ie/ie/oireachtas/debates/questions/supportingDocumentation/2025-03-26_pq56-26-03-2025_en.docx,https://www.oireachtas.ie/en/debates/question/2025-03-26/56/
2024,Critical Skills Employment Permit,3563,Vocational and industrial trainers and instructors,1,data/raw/pq_attachments/2025-03-26_pq56-26-03-2025_en.docx,https://data.oireachtas.ie/ie/oireachtas/debates/questions/supportingDocumentation/2025-03-26_pq56-26-03-2025_en.docx,https://www.oireachtas.ie/en/debates/question/2025-03-26/56/
2024,Critical Skills Employment Permit,3567,Health and safety officers,9,data/raw/pq_attachments/2025-03-26_pq56-26-03-2025_en.docx,https://data.oireachtas.ie/ie/oireachtas/debates/questions/supportingDocumentation/2025-03-26_pq56-26-03-2025_en.docx,https://www.oireachtas.ie/en/debates/question/2025-03-26/56/
2024,Critical Skills Employment Permit,4124,Finance officers,1,data/raw/pq_attachments/2025-03-26_pq56-26-03-2025_en.docx,https://data.oireachtas.ie/ie/oireachtas/debates/questions/supportingDocumentation/2025-03-26_pq56-26-03-2025_en.docx,https://www.oireachtas.ie/en/debates/question/2025-03-26/56/
2024,Critical Skills Employment Permit,5216,Pipe fitters,4,data/raw/pq_attachments/2025-03-26_pq56-26-03-2025_en.docx,https://data.oireachtas.ie/ie/oireachtas/debates/questions/supportingDocumentation/2025-03-26_pq56-26-03-2025_en.docx,https://www.oireachtas.ie/en/debates/question/2025-03-26/56/
2024,Critical Skills Employment Permit,5221,Metal machining setters and setter-operators,2,data/raw/pq_attachments/2025-03-26_pq56-26-03-2025_en.docx,https://data.oireachtas.ie/ie/oireachtas/debates/questions/supportingDocumentation/2025-03-26_pq56-26-03-2025_en.docx,https://www.oireachtas.ie/en/debates/question/2025-03-26/56/
2024,Critical Skills Employment Permit,5223,Metal working production and maintenance fitters,12,data/raw/pq_attachments/2025-03-26_pq56-26-03-2025_en.docx,https://data.oireachtas.ie/ie/oireachtas/debates/questions/supportingDocumentation/2025-03-26_pq56-26-03-2025_en.docx,https://www.oireachtas.ie/en/debates/question/2025-03-26/56/
2024,Critical Skills Employment Permit,5224,Precision instrument makers and repairers,5,data/raw/pq_attachments/2025-03-26_pq56-26-03-2025_en.docx,https://data.oireachtas.ie/ie/oireachtas/debates/questions/supportingDocumentation/2025-03-26_pq56-26-03-2025_en.docx,https://www.oireachtas.ie/en/debates/question/2025-03-26/56/
2024,Critical Skills Employment Permit,5225,Air-conditioning and refrigeration engineers,2,data/raw/pq_attachments/2025-03-26_pq56-26-03-2025_en.docx,https://data.oireachtas.ie/ie/oireachtas/debates/questions/supportingDocumentation/2025-03-26_pq56-26-03-2025_en.docx,https://www.oireachtas.ie/en/debates/question/2025-03-26/56/
2024,Critical Skills Employment Permit,5231A,"Car mechanic, Motor mechanic, Auto electrician, motor vehicle technician",1,data/raw/pq_attachments/2025-03-26_pq56-26-03-2025_en.docx,https://data.oireachtas.ie/ie/oireachtas/debates/questions/supportingDocumentation/2025-03-26_pq56-26-03-2025_en.docx,https://www.oireachtas.ie/en/debates/question/2025-03-26/56/
2024,Critical Skills Employment Permit,5234,Vehicle paint technicians,1,data/raw/pq_attachments/2025-03-26_pq56-26-03-2025_en.docx,https://data.oireachtas.ie/ie/oireachtas/debates/questions/supportingDocumentation/2025-03-26_pq56-26-03-2025_en.docx,https://www.oireachtas.ie/en/debates/question/2025-03-26/56/
2024,Critical Skills Employment Permit,5235,Aircraft maintenance and related trades,4,data/raw/pq_attachments/2025-03-26_pq56-26-03-2025_en.docx,https://data.oireachtas.ie/ie/oireachtas/debates/questions/supportingDocumentation/2025-03-26_pq56-26-03-2025_en.docx,https://www.oireachtas.ie/en/debates/question/2025-03-26/56/
2024,Critical Skills Employment Permit,5242,Telecommunications engineers,3,data/raw/pq_attachments/2025-03-26_pq56-26-03-2025_en.docx,https://data.oireachtas.ie/ie/oireachtas/debates/questions/supportingDocumentation/2025-03-26_pq56-26-03-2025_en.docx,https://www.oireachtas.ie/en/debates/question/2025-03-26/56/
2024,Critical Skills Employment Permit,5245,IT engineers,3,data/raw/pq_attachments/2025-03-26_pq56-26-03-2025_en.docx,https://data.oireachtas.ie/ie/oireachtas/debates/questions/supportingDocumentation/2025-03-26_pq56-26-03-2025_en.docx,https://www.oireachtas.ie/en/debates/question/2025-03-26/56/
2024,Critical Skills Employment Permit,5250,"Skilled metal, electrical and electronic trades supervisors",1,data/raw/pq_attachments/2025-03-26_pq56-26-03-2025_en.docx,https://data.oireachtas.ie/ie/oireachtas/debates/questions/supportingDocumentation/2025-03-26_pq56-26-03-2025_en.docx,https://www.oireachtas.ie/en/debates/question/2025-03-26/56/
2024,Critical Skills Employment Permit,5314,Plumbers and heating and ventilating engineers,1,data/raw/pq_attachments/2025-03-26_pq56-26-03-2025_en.docx,https://data.oireachtas.ie/ie/oireachtas/debates/questions/supportingDocumentation/2025-03-26_pq56-26-03-2025_en.docx,https://www.oireachtas.ie/en/debates/question/2025-03-26/56/
2024,Critical Skills Employment Permit,5330,Construction and building trades supervisors,3,data/raw/pq_attachments/2025-03-26_pq56-26-03-2025_en.docx,https://data.oireachtas.ie/ie/oireachtas/debates/questions/supportingDocumentation/2025-03-26_pq56-26-03-2025_en.docx,https://www.oireachtas.ie/en/debates/question/2025-03-26/56/
2024,Critical Skills Employment Permit,5434,Chefs,4,data/raw/pq_attachments/2025-03-26_pq56-26-03-2025_en.docx,https://data.oireachtas.ie/ie/oireachtas/debates/questions/supportingDocumentation/2025-03-26_pq56-26-03-2025_en.docx,https://www.oireachtas.ie/en/debates/question/2025-03-26/56/
2024,Critical Skills Employment Permit,6141,Nursing auxiliaries and assistants,1,data/raw/pq_attachments/2025-03-26_pq56-26-03-2025_en.docx,https://data.oireachtas.ie/ie/oireachtas/debates/questions/supportingDocumentation/2025-03-26_pq56-26-03-2025_en.docx,https://www.oireachtas.ie/en/debates/question/2025-03-26/56/
2024,Critical Skills Employment Permit,8111,"Food, drink and tobacco process operatives",1,data/raw/pq_attachments/2025-03-26_pq56-26-03-2025_en.docx,https://data.oireachtas.ie/ie/oireachtas/debates/questions/supportingDocumentation/2025-03-26_pq56-26-03-2025_en.docx,https://www.oireachtas.ie/en/debates/question/2025-03-26/56/
2024,Critical Skills Employment Permit,8234,Rail transport operatives,1,data/raw/pq_attachments/2025-03-26_pq56-26-03-2025_en.docx,https://data.oireachtas.ie/ie/oireachtas/debates/questions/supportingDocumentation/2025-03-26_pq56-26-03-2025_en.docx,https://www.oireachtas.ie/en/debates/question/2025-03-26/56/
