indicator,unit,year,value,source,source_url,note
Acquisitions of Irish citizenship,persons,1998,1474,Eurostat (data supplied by Irish ISD),https://ec.europa.eu/eurostat/databrowser/view/migr_acq/default/table?lang=en,Ireland reports this to Eurostat under EU statutory reporting; the Department of Justice's statistics page directs users to these datasets.
Acquisitions of Irish citizenship,persons,1999,1433,Eurostat (data supplied by Irish ISD),https://ec.europa.eu/eurostat/databrowser/view/migr_acq/default/table?lang=en,Ireland reports this to Eurostat under EU statutory reporting; the Department of Justice's statistics page directs users to these datasets.
Acquisitions of Irish citizenship,persons,2000,1143,Eurostat (data supplied by Irish ISD),https://ec.europa.eu/eurostat/databrowser/view/migr_acq/default/table?lang=en,Ireland reports this to Eurostat under EU statutory reporting; the Department of Justice's statistics page directs users to these datasets.
Acquisitions of Irish citizenship,persons,2001,2817,Eurostat (data supplied by Irish ISD),https://ec.europa.eu/eurostat/databrowser/view/migr_acq/default/table?lang=en,Ireland reports this to Eurostat under EU statutory reporting; the Department of Justice's statistics page directs users to these datasets.
Acquisitions of Irish citizenship,persons,2003,3993,Eurostat (data supplied by Irish ISD),https://ec.europa.eu/eurostat/databrowser/view/migr_acq/default/table?lang=en,Ireland reports this to Eurostat under EU statutory reporting; the Department of Justice's statistics page directs users to these datasets.
Acquisitions of Irish citizenship,persons,2004,3784,Eurostat (data supplied by Irish ISD),https://ec.europa.eu/eurostat/databrowser/view/migr_acq/default/table?lang=en,Ireland reports this to Eurostat under EU statutory reporting; the Department of Justice's statistics page directs users to these datasets.
Acquisitions of Irish citizenship,persons,2005,4079,Eurostat (data supplied by Irish ISD),https://ec.europa.eu/eurostat/databrowser/view/migr_acq/default/table?lang=en,Ireland reports this to Eurostat under EU statutory reporting; the Department of Justice's statistics page directs users to these datasets.
Acquisitions of Irish citizenship,persons,2006,5763,Eurostat (data supplied by Irish ISD),https://ec.europa.eu/eurostat/databrowser/view/migr_acq/default/table?lang=en,Ireland reports this to Eurostat under EU statutory reporting; the Department of Justice's statistics page directs users to these datasets.
Acquisitions of Irish citizenship,persons,2007,4649,Eurostat (data supplied by Irish ISD),https://ec.europa.eu/eurostat/databrowser/view/migr_acq/default/table?lang=en,Ireland reports this to Eurostat under EU statutory reporting; the Department of Justice's statistics page directs users to these datasets.
Acquisitions of Irish citizenship,persons,2008,3245,Eurostat (data supplied by Irish ISD),https://ec.europa.eu/eurostat/databrowser/view/migr_acq/default/table?lang=en,Ireland reports this to Eurostat under EU statutory reporting; the Department of Justice's statistics page directs users to these datasets.
Acquisitions of Irish citizenship,persons,2009,4533,Eurostat (data supplied by Irish ISD),https://ec.europa.eu/eurostat/databrowser/view/migr_acq/default/table?lang=en,Ireland reports this to Eurostat under EU statutory reporting; the Department of Justice's statistics page directs users to these datasets.
Acquisitions of Irish citizenship,persons,2010,6387,Eurostat (data supplied by Irish ISD),https://ec.europa.eu/eurostat/databrowser/view/migr_acq/default/table?lang=en,Ireland reports this to Eurostat under EU statutory reporting; the Department of Justice's statistics page directs users to these datasets.
Acquisitions of Irish citizenship,persons,2011,10749,Eurostat (data supplied by Irish ISD),https://ec.europa.eu/eurostat/databrowser/view/migr_acq/default/table?lang=en,Ireland reports this to Eurostat under EU statutory reporting; the Department of Justice's statistics page directs users to these datasets.
Acquisitions of Irish citizenship,persons,2012,25039,Eurostat (data supplied by Irish ISD),https://ec.europa.eu/eurostat/databrowser/view/migr_acq/default/table?lang=en,Ireland reports this to Eurostat under EU statutory reporting; the Department of Justice's statistics page directs users to these datasets.
Acquisitions of Irish citizenship,persons,2013,24263,Eurostat (data supplied by Irish ISD),https://ec.europa.eu/eurostat/databrowser/view/migr_acq/default/table?lang=en,Ireland reports this to Eurostat under EU statutory reporting; the Department of Justice's statistics page directs users to these datasets.
Acquisitions of Irish citizenship,persons,2014,21104,Eurostat (data supplied by Irish ISD),https://ec.europa.eu/eurostat/databrowser/view/migr_acq/default/table?lang=en,Ireland reports this to Eurostat under EU statutory reporting; the Department of Justice's statistics page directs users to these datasets.
Acquisitions of Irish citizenship,persons,2015,13565,Eurostat (data supplied by Irish ISD),https://ec.europa.eu/eurostat/databrowser/view/migr_acq/default/table?lang=en,Ireland reports this to Eurostat under EU statutory reporting; the Department of Justice's statistics page directs users to these datasets.
Acquisitions of Irish citizenship,persons,2016,10038,Eurostat (data supplied by Irish ISD),https://ec.europa.eu/eurostat/databrowser/view/migr_acq/default/table?lang=en,Ireland reports this to Eurostat under EU statutory reporting; the Department of Justice's statistics page directs users to these datasets.
Acquisitions of Irish citizenship,persons,2017,8195,Eurostat (data supplied by Irish ISD),https://ec.europa.eu/eurostat/databrowser/view/migr_acq/default/table?lang=en,Ireland reports this to Eurostat under EU statutory reporting; the Department of Justice's statistics page directs users to these datasets.
Acquisitions of Irish citizenship,persons,2018,8223,Eurostat (data supplied by Irish ISD),https://ec.europa.eu/eurostat/databrowser/view/migr_acq/default/table?lang=en,Ireland reports this to Eurostat under EU statutory reporting; the Department of Justice's statistics page directs users to these datasets.
Acquisitions of Irish citizenship,persons,2019,5791,Eurostat (data supplied by Irish ISD),https://ec.europa.eu/eurostat/databrowser/view/migr_acq/default/table?lang=en,Ireland reports this to Eurostat under EU statutory reporting; the Department of Justice's statistics page directs users to these datasets.
Acquisitions of Irish citizenship,persons,2020,5475,Eurostat (data supplied by Irish ISD),https://ec.europa.eu/eurostat/databrowser/view/migr_acq/default/table?lang=en,Ireland reports this to Eurostat under EU statutory reporting; the Department of Justice's statistics page directs users to these datasets.
Acquisitions of Irish citizenship,persons,2021,9778,Eurostat (data supplied by Irish ISD),https://ec.europa.eu/eurostat/databrowser/view/migr_acq/default/table?lang=en,Ireland reports this to Eurostat under EU statutory reporting; the Department of Justice's statistics page directs users to these datasets.
Acquisitions of Irish citizenship,persons,2022,13597,Eurostat (data supplied by Irish ISD),https://ec.europa.eu/eurostat/databrowser/view/migr_acq/default/table?lang=en,Ireland reports this to Eurostat under EU statutory reporting; the Department of Justice's statistics page directs users to these datasets.
Acquisitions of Irish citizenship,persons,2023,18265,Eurostat (data supplied by Irish ISD),https://ec.europa.eu/eurostat/databrowser/view/migr_acq/default/table?lang=en,Ireland reports this to Eurostat under EU statutory reporting; the Department of Justice's statistics page directs users to these datasets.
Acquisitions of Irish citizenship,persons,2024,24059,Eurostat (data supplied by Irish ISD),https://ec.europa.eu/eurostat/databrowser/view/migr_acq/default/table?lang=en,Ireland reports this to Eurostat under EU statutory reporting; the Department of Justice's statistics page directs users to these datasets.
Asylum applicants,persons,2008,3865,Eurostat (data supplied by Irish ISD),https://ec.europa.eu/eurostat/databrowser/view/migr_asyappctza/default/table?lang=en,Ireland reports this to Eurostat under EU statutory reporting; the Department of Justice's statistics page directs users to these datasets.
Asylum applicants,persons,2009,2690,Eurostat (data supplied by Irish ISD),https://ec.europa.eu/eurostat/databrowser/view/migr_asyappctza/default/table?lang=en,Ireland reports this to Eurostat under EU statutory reporting; the Department of Justice's statistics page directs users to these datasets.
Asylum applicants,persons,2010,1940,Eurostat (data supplied by Irish ISD),https://ec.europa.eu/eurostat/databrowser/view/migr_asyappctza/default/table?lang=en,Ireland reports this to Eurostat under EU statutory reporting; the Department of Justice's statistics page directs users to these datasets.
Asylum applicants,persons,2011,1290,Eurostat (data supplied by Irish ISD),https://ec.europa.eu/eurostat/databrowser/view/migr_asyappctza/default/table?lang=en,Ireland reports this to Eurostat under EU statutory reporting; the Department of Justice's statistics page directs users to these datasets.
Asylum applicants,persons,2012,955,Eurostat (data supplied by Irish ISD),https://ec.europa.eu/eurostat/databrowser/view/migr_asyappctza/default/table?lang=en,Ireland reports this to Eurostat under EU statutory reporting; the Department of Justice's statistics page directs users to these datasets.
Asylum applicants,persons,2013,945,Eurostat (data supplied by Irish ISD),https://ec.europa.eu/eurostat/databrowser/view/migr_asyappctza/default/table?lang=en,Ireland reports this to Eurostat under EU statutory reporting; the Department of Justice's statistics page directs users to these datasets.
Asylum applicants,persons,2014,1450,Eurostat (data supplied by Irish ISD),https://ec.europa.eu/eurostat/databrowser/view/migr_asyappctza/default/table?lang=en,Ireland reports this to Eurostat under EU statutory reporting; the Department of Justice's statistics page directs users to these datasets.
Asylum applicants,persons,2015,3275,Eurostat (data supplied by Irish ISD),https://ec.europa.eu/eurostat/databrowser/view/migr_asyappctza/default/table?lang=en,Ireland reports this to Eurostat under EU statutory reporting; the Department of Justice's statistics page directs users to these datasets.
Asylum applicants,persons,2016,2245,Eurostat (data supplied by Irish ISD),https://ec.europa.eu/eurostat/databrowser/view/migr_asyappctza/default/table?lang=en,Ireland reports this to Eurostat under EU statutory reporting; the Department of Justice's statistics page directs users to these datasets.
Asylum applicants,persons,2017,2930,Eurostat (data supplied by Irish ISD),https://ec.europa.eu/eurostat/databrowser/view/migr_asyappctza/default/table?lang=en,Ireland reports this to Eurostat under EU statutory reporting; the Department of Justice's statistics page directs users to these datasets.
Asylum applicants,persons,2018,3670,Eurostat (data supplied by Irish ISD),https://ec.europa.eu/eurostat/databrowser/view/migr_asyappctza/default/table?lang=en,Ireland reports this to Eurostat under EU statutory reporting; the Department of Justice's statistics page directs users to these datasets.
Asylum applicants,persons,2019,4780,Eurostat (data supplied by Irish ISD),https://ec.europa.eu/eurostat/databrowser/view/migr_asyappctza/default/table?lang=en,Ireland reports this to Eurostat under EU statutory reporting; the Department of Justice's statistics page directs users to these datasets.
Asylum applicants,persons,2020,1565,Eurostat (data supplied by Irish ISD),https://ec.europa.eu/eurostat/databrowser/view/migr_asyappctza/default/table?lang=en,Ireland reports this to Eurostat under EU statutory reporting; the Department of Justice's statistics page directs users to these datasets.
Asylum applicants,persons,2021,2650,Eurostat (data supplied by Irish ISD),https://ec.europa.eu/eurostat/databrowser/view/migr_asyappctza/default/table?lang=en,Ireland reports this to Eurostat under EU statutory reporting; the Department of Justice's statistics page directs users to these datasets.
Asylum applicants,persons,2022,13660,Eurostat (data supplied by Irish ISD),https://ec.europa.eu/eurostat/databrowser/view/migr_asyappctza/default/table?lang=en,Ireland reports this to Eurostat under EU statutory reporting; the Department of Justice's statistics page directs users to these datasets.
Asylum applicants,persons,2023,13275,Eurostat (data supplied by Irish ISD),https://ec.europa.eu/eurostat/databrowser/view/migr_asyappctza/default/table?lang=en,Ireland reports this to Eurostat under EU statutory reporting; the Department of Justice's statistics page directs users to these datasets.
Asylum applicants,persons,2024,18565,Eurostat (data supplied by Irish ISD),https://ec.europa.eu/eurostat/databrowser/view/migr_asyappctza/default/table?lang=en,Ireland reports this to Eurostat under EU statutory reporting; the Department of Justice's statistics page directs users to these datasets.
Asylum applicants,persons,2025,13160,Eurostat (data supplied by Irish ISD),https://ec.europa.eu/eurostat/databrowser/view/migr_asyappctza/default/table?lang=en,Ireland reports this to Eurostat under EU statutory reporting; the Department of Justice's statistics page directs users to these datasets.
Asylum applicants (first-time),persons,2008,3805,Eurostat (data supplied by Irish ISD),https://ec.europa.eu/eurostat/databrowser/view/migr_asyappctza/default/table?lang=en,Ireland reports this to Eurostat under EU statutory reporting; the Department of Justice's statistics page directs users to these datasets.
Asylum applicants (first-time),persons,2009,2660,Eurostat (data supplied by Irish ISD),https://ec.europa.eu/eurostat/databrowser/view/migr_asyappctza/default/table?lang=en,Ireland reports this to Eurostat under EU statutory reporting; the Department of Justice's statistics page directs users to these datasets.
Asylum applicants (first-time),persons,2010,1920,Eurostat (data supplied by Irish ISD),https://ec.europa.eu/eurostat/databrowser/view/migr_asyappctza/default/table?lang=en,Ireland reports this to Eurostat under EU statutory reporting; the Department of Justice's statistics page directs users to these datasets.
Asylum applicants (first-time),persons,2011,1280,Eurostat (data supplied by Irish ISD),https://ec.europa.eu/eurostat/databrowser/view/migr_asyappctza/default/table?lang=en,Ireland reports this to Eurostat under EU statutory reporting; the Department of Justice's statistics page directs users to these datasets.
Asylum applicants (first-time),persons,2012,940,Eurostat (data supplied by Irish ISD),https://ec.europa.eu/eurostat/databrowser/view/migr_asyappctza/default/table?lang=en,Ireland reports this to Eurostat under EU statutory reporting; the Department of Justice's statistics page directs users to these datasets.
Asylum applicants (first-time),persons,2013,940,Eurostat (data supplied by Irish ISD),https://ec.europa.eu/eurostat/databrowser/view/migr_asyappctza/default/table?lang=en,Ireland reports this to Eurostat under EU statutory reporting; the Department of Justice's statistics page directs users to these datasets.
Asylum applicants (first-time),persons,2014,1440,Eurostat (data supplied by Irish ISD),https://ec.europa.eu/eurostat/databrowser/view/migr_asyappctza/default/table?lang=en,Ireland reports this to Eurostat under EU statutory reporting; the Department of Justice's statistics page directs users to these datasets.
Asylum applicants (first-time),persons,2015,3270,Eurostat (data supplied by Irish ISD),https://ec.europa.eu/eurostat/databrowser/view/migr_asyappctza/default/table?lang=en,Ireland reports this to Eurostat under EU statutory reporting; the Department of Justice's statistics page directs users to these datasets.
Asylum applicants (first-time),persons,2016,2235,Eurostat (data supplied by Irish ISD),https://ec.europa.eu/eurostat/databrowser/view/migr_asyappctza/default/table?lang=en,Ireland reports this to Eurostat under EU statutory reporting; the Department of Justice's statistics page directs users to these datasets.
Asylum applicants (first-time),persons,2017,2910,Eurostat (data supplied by Irish ISD),https://ec.europa.eu/eurostat/databrowser/view/migr_asyappctza/default/table?lang=en,Ireland reports this to Eurostat under EU statutory reporting; the Department of Justice's statistics page directs users to these datasets.
Asylum applicants (first-time),persons,2018,3655,Eurostat (data supplied by Irish ISD),https://ec.europa.eu/eurostat/databrowser/view/migr_asyappctza/default/table?lang=en,Ireland reports this to Eurostat under EU statutory reporting; the Department of Justice's statistics page directs users to these datasets.
Asylum applicants (first-time),persons,2019,4740,Eurostat (data supplied by Irish ISD),https://ec.europa.eu/eurostat/databrowser/view/migr_asyappctza/default/table?lang=en,Ireland reports this to Eurostat under EU statutory reporting; the Department of Justice's statistics page directs users to these datasets.
Asylum applicants (first-time),persons,2020,1535,Eurostat (data supplied by Irish ISD),https://ec.europa.eu/eurostat/databrowser/view/migr_asyappctza/default/table?lang=en,Ireland reports this to Eurostat under EU statutory reporting; the Department of Justice's statistics page directs users to these datasets.
Asylum applicants (first-time),persons,2021,2615,Eurostat (data supplied by Irish ISD),https://ec.europa.eu/eurostat/databrowser/view/migr_asyappctza/default/table?lang=en,Ireland reports this to Eurostat under EU statutory reporting; the Department of Justice's statistics page directs users to these datasets.
Asylum applicants (first-time),persons,2022,13645,Eurostat (data supplied by Irish ISD),https://ec.europa.eu/eurostat/databrowser/view/migr_asyappctza/default/table?lang=en,Ireland reports this to Eurostat under EU statutory reporting; the Department of Justice's statistics page directs users to these datasets.
Asylum applicants (first-time),persons,2023,13220,Eurostat (data supplied by Irish ISD),https://ec.europa.eu/eurostat/databrowser/view/migr_asyappctza/default/table?lang=en,Ireland reports this to Eurostat under EU statutory reporting; the Department of Justice's statistics page directs users to these datasets.
Asylum applicants (first-time),persons,2024,18435,Eurostat (data supplied by Irish ISD),https://ec.europa.eu/eurostat/databrowser/view/migr_asyappctza/default/table?lang=en,Ireland reports this to Eurostat under EU statutory reporting; the Department of Justice's statistics page directs users to these datasets.
Asylum applicants (first-time),persons,2025,12975,Eurostat (data supplied by Irish ISD),https://ec.europa.eu/eurostat/databrowser/view/migr_asyappctza/default/table?lang=en,Ireland reports this to Eurostat under EU statutory reporting; the Department of Justice's statistics page directs users to these datasets.
Domestic residence permission applications received,applications,2017,6796,Dept of Justice / data.gov.ie,https://data.gov.ie/dataset/domestic-residence-permissions-applications-and-decisions-year-and-month,Summed from published monthly figures.
Domestic residence permission applications received,applications,2018,10080,Dept of Justice / data.gov.ie,https://data.gov.ie/dataset/domestic-residence-permissions-applications-and-decisions-year-and-month,Summed from published monthly figures.
Domestic residence permission applications received,applications,2019,10170,Dept of Justice / data.gov.ie,https://data.gov.ie/dataset/domestic-residence-permissions-applications-and-decisions-year-and-month,Summed from published monthly figures.
Domestic residence permission applications received,applications,2020,8484,Dept of Justice / data.gov.ie,https://data.gov.ie/dataset/domestic-residence-permissions-applications-and-decisions-year-and-month,Summed from published monthly figures.
Domestic residence permission applications received,applications,2021,11640,Dept of Justice / data.gov.ie,https://data.gov.ie/dataset/domestic-residence-permissions-applications-and-decisions-year-and-month,Summed from published monthly figures.
Domestic residence permission applications received,applications,2022,27676,Dept of Justice / data.gov.ie,https://data.gov.ie/dataset/domestic-residence-permissions-applications-and-decisions-year-and-month,Summed from published monthly figures.
Domestic residence permission applications received,applications,2023,27695,Dept of Justice / data.gov.ie,https://data.gov.ie/dataset/domestic-residence-permissions-applications-and-decisions-year-and-month,Summed from published monthly figures.
Domestic residence permission applications received,applications,2024,21835,Dept of Justice / data.gov.ie,https://data.gov.ie/dataset/domestic-residence-permissions-applications-and-decisions-year-and-month,Summed from published monthly figures.
Domestic residence permission granted,applications,2017,4109,Dept of Justice / data.gov.ie,https://data.gov.ie/dataset/domestic-residence-permissions-applications-and-decisions-year-and-month,Summed from published monthly figures.
Domestic residence permission granted,applications,2018,6781,Dept of Justice / data.gov.ie,https://data.gov.ie/dataset/domestic-residence-permissions-applications-and-decisions-year-and-month,Summed from published monthly figures.
Domestic residence permission granted,applications,2019,7355,Dept of Justice / data.gov.ie,https://data.gov.ie/dataset/domestic-residence-permissions-applications-and-decisions-year-and-month,Summed from published monthly figures.
Domestic residence permission granted,applications,2020,6326,Dept of Justice / data.gov.ie,https://data.gov.ie/dataset/domestic-residence-permissions-applications-and-decisions-year-and-month,Summed from published monthly figures.
Domestic residence permission granted,applications,2021,10178,Dept of Justice / data.gov.ie,https://data.gov.ie/dataset/domestic-residence-permissions-applications-and-decisions-year-and-month,Summed from published monthly figures.
Domestic residence permission granted,applications,2022,18645,Dept of Justice / data.gov.ie,https://data.gov.ie/dataset/domestic-residence-permissions-applications-and-decisions-year-and-month,Summed from published monthly figures.
Domestic residence permission granted,applications,2023,20025,Dept of Justice / data.gov.ie,https://data.gov.ie/dataset/domestic-residence-permissions-applications-and-decisions-year-and-month,Summed from published monthly figures.
Domestic residence permission granted,applications,2024,20319,Dept of Justice / data.gov.ie,https://data.gov.ie/dataset/domestic-residence-permissions-applications-and-decisions-year-and-month,Summed from published monthly figures.
Emigration (CSO estimate),thousands,2006,36.0,CSO,https://data.cso.ie/table/PEA23,"CSO Population and Migration Estimates; figures in thousands, year to April. 2022-2026 reflect Census 2022 rebasing."
Emigration (CSO estimate),thousands,2007,46.3,CSO,https://data.cso.ie/table/PEA23,"CSO Population and Migration Estimates; figures in thousands, year to April. 2022-2026 reflect Census 2022 rebasing."
Emigration (CSO estimate),thousands,2008,49.2,CSO,https://data.cso.ie/table/PEA23,"CSO Population and Migration Estimates; figures in thousands, year to April. 2022-2026 reflect Census 2022 rebasing."
Emigration (CSO estimate),thousands,2009,72.0,CSO,https://data.cso.ie/table/PEA23,"CSO Population and Migration Estimates; figures in thousands, year to April. 2022-2026 reflect Census 2022 rebasing."
Emigration (CSO estimate),thousands,2010,69.2,CSO,https://data.cso.ie/table/PEA23,"CSO Population and Migration Estimates; figures in thousands, year to April. 2022-2026 reflect Census 2022 rebasing."
Emigration (CSO estimate),thousands,2011,80.6,CSO,https://data.cso.ie/table/PEA23,"CSO Population and Migration Estimates; figures in thousands, year to April. 2022-2026 reflect Census 2022 rebasing."
Emigration (CSO estimate),thousands,2012,83.0,CSO,https://data.cso.ie/table/PEA23,"CSO Population and Migration Estimates; figures in thousands, year to April. 2022-2026 reflect Census 2022 rebasing."
Emigration (CSO estimate),thousands,2013,81.3,CSO,https://data.cso.ie/table/PEA23,"CSO Population and Migration Estimates; figures in thousands, year to April. 2022-2026 reflect Census 2022 rebasing."
Emigration (CSO estimate),thousands,2014,75.0,CSO,https://data.cso.ie/table/PEA23,"CSO Population and Migration Estimates; figures in thousands, year to April. 2022-2026 reflect Census 2022 rebasing."
Emigration (CSO estimate),thousands,2015,70.0,CSO,https://data.cso.ie/table/PEA23,"CSO Population and Migration Estimates; figures in thousands, year to April. 2022-2026 reflect Census 2022 rebasing."
Emigration (CSO estimate),thousands,2016,66.2,CSO,https://data.cso.ie/table/PEA23,"CSO Population and Migration Estimates; figures in thousands, year to April. 2022-2026 reflect Census 2022 rebasing."
Emigration (CSO estimate),thousands,2017,56.1,CSO,https://data.cso.ie/table/PEA23,"CSO Population and Migration Estimates; figures in thousands, year to April. 2022-2026 reflect Census 2022 rebasing."
Emigration (CSO estimate),thousands,2018,51.6,CSO,https://data.cso.ie/table/PEA23,"CSO Population and Migration Estimates; figures in thousands, year to April. 2022-2026 reflect Census 2022 rebasing."
Emigration (CSO estimate),thousands,2019,53.1,CSO,https://data.cso.ie/table/PEA23,"CSO Population and Migration Estimates; figures in thousands, year to April. 2022-2026 reflect Census 2022 rebasing."
Emigration (CSO estimate),thousands,2020,50.9,CSO,https://data.cso.ie/table/PEA23,"CSO Population and Migration Estimates; figures in thousands, year to April. 2022-2026 reflect Census 2022 rebasing."
Emigration (CSO estimate),thousands,2021,52.3,CSO,https://data.cso.ie/table/PEA23,"CSO Population and Migration Estimates; figures in thousands, year to April. 2022-2026 reflect Census 2022 rebasing."
Emigration (CSO estimate),thousands,2022,56.1,CSO,https://data.cso.ie/table/PEA23,"CSO Population and Migration Estimates; figures in thousands, year to April. 2022-2026 reflect Census 2022 rebasing."
Emigration (CSO estimate),thousands,2023,64.0,CSO,https://data.cso.ie/table/PEA23,"CSO Population and Migration Estimates; figures in thousands, year to April. 2022-2026 reflect Census 2022 rebasing."
Emigration (CSO estimate),thousands,2024,69.9,CSO,https://data.cso.ie/table/PEA23,"CSO Population and Migration Estimates; figures in thousands, year to April. 2022-2026 reflect Census 2022 rebasing."
Emigration (CSO estimate),thousands,2025,65.6,CSO,https://data.cso.ie/table/PEA23,"CSO Population and Migration Estimates; figures in thousands, year to April. 2022-2026 reflect Census 2022 rebasing."
Emigration (CSO estimate),thousands,2026,62.5,CSO,https://data.cso.ie/table/PEA23,"CSO Population and Migration Estimates; figures in thousands, year to April. 2022-2026 reflect Census 2022 rebasing."
Employment permit applications refused,permits,2015,797,DETE,https://enterprise.gov.ie/en/what-we-do/workplace-and-skills/employment-permits/statistics/,Grand Total row of the Department's own spreadsheet.
Employment permit applications refused,permits,2016,1321,DETE,https://enterprise.gov.ie/en/what-we-do/workplace-and-skills/employment-permits/statistics/,Grand Total row of the Department's own spreadsheet.
Employment permit applications refused,permits,2017,1458,DETE,https://enterprise.gov.ie/en/what-we-do/workplace-and-skills/employment-permits/statistics/,Grand Total row of the Department's own spreadsheet.
Employment permit applications refused,permits,2018,1247,DETE,https://enterprise.gov.ie/en/what-we-do/workplace-and-skills/employment-permits/statistics/,Grand Total row of the Department's own spreadsheet.
Employment permit applications refused,permits,2019,1364,DETE,https://enterprise.gov.ie/en/what-we-do/workplace-and-skills/employment-permits/statistics/,Grand Total row of the Department's own spreadsheet.
Employment permit applications refused,permits,2020,956,DETE,https://enterprise.gov.ie/en/what-we-do/workplace-and-skills/employment-permits/statistics/,Grand Total row of the Department's own spreadsheet.
Employment permit applications refused,permits,2021,957,DETE,https://enterprise.gov.ie/en/what-we-do/workplace-and-skills/employment-permits/statistics/,Grand Total row of the Department's own spreadsheet.
Employment permit applications refused,permits,2022,3476,DETE,https://enterprise.gov.ie/en/what-we-do/workplace-and-skills/employment-permits/statistics/,Grand Total row of the Department's own spreadsheet.
Employment permit applications refused,permits,2023,1575,DETE,https://enterprise.gov.ie/en/what-we-do/workplace-and-skills/employment-permits/statistics/,Grand Total row of the Department's own spreadsheet.
Employment permit applications refused,permits,2024,2456,DETE,https://enterprise.gov.ie/en/what-we-do/workplace-and-skills/employment-permits/statistics/,Grand Total row of the Department's own spreadsheet.
Employment permit applications refused,permits,2025,3432,DETE,https://enterprise.gov.ie/en/what-we-do/workplace-and-skills/employment-permits/statistics/,Grand Total row of the Department's own spreadsheet.
Employment permit applications refused,permits,2026,2967,DETE,https://enterprise.gov.ie/en/what-we-do/workplace-and-skills/employment-permits/statistics/,Grand Total row of the Department's own spreadsheet. 2026 is year-to-date (the published file covers Jan-Aug 2026).
Employment permit applications withdrawn,permits,2015,166,DETE,https://enterprise.gov.ie/en/what-we-do/workplace-and-skills/employment-permits/statistics/,Grand Total row of the Department's own spreadsheet.
Employment permit applications withdrawn,permits,2016,206,DETE,https://enterprise.gov.ie/en/what-we-do/workplace-and-skills/employment-permits/statistics/,Grand Total row of the Department's own spreadsheet.
Employment permit applications withdrawn,permits,2017,319,DETE,https://enterprise.gov.ie/en/what-we-do/workplace-and-skills/employment-permits/statistics/,Grand Total row of the Department's own spreadsheet.
Employment permit applications withdrawn,permits,2018,542,DETE,https://enterprise.gov.ie/en/what-we-do/workplace-and-skills/employment-permits/statistics/,Grand Total row of the Department's own spreadsheet.
Employment permit applications withdrawn,permits,2019,848,DETE,https://enterprise.gov.ie/en/what-we-do/workplace-and-skills/employment-permits/statistics/,Grand Total row of the Department's own spreadsheet.
Employment permit applications withdrawn,permits,2020,660,DETE,https://enterprise.gov.ie/en/what-we-do/workplace-and-skills/employment-permits/statistics/,Grand Total row of the Department's own spreadsheet.
Employment permit applications withdrawn,permits,2021,736,DETE,https://enterprise.gov.ie/en/what-we-do/workplace-and-skills/employment-permits/statistics/,Grand Total row of the Department's own spreadsheet.
Employment permit applications withdrawn,permits,2022,1705,DETE,https://enterprise.gov.ie/en/what-we-do/workplace-and-skills/employment-permits/statistics/,Grand Total row of the Department's own spreadsheet.
Employment permit applications withdrawn,permits,2023,641,DETE,https://enterprise.gov.ie/en/what-we-do/workplace-and-skills/employment-permits/statistics/,Grand Total row of the Department's own spreadsheet.
Employment permit applications withdrawn,permits,2024,1064,DETE,https://enterprise.gov.ie/en/what-we-do/workplace-and-skills/employment-permits/statistics/,Grand Total row of the Department's own spreadsheet.
Employment permits issued,permits,2015,7253,DETE,https://enterprise.gov.ie/en/what-we-do/workplace-and-skills/employment-permits/statistics/,Grand Total row of the Department's own spreadsheet.
Employment permits issued,permits,2016,9373,DETE,https://enterprise.gov.ie/en/what-we-do/workplace-and-skills/employment-permits/statistics/,Grand Total row of the Department's own spreadsheet.
Employment permits issued,permits,2017,11361,DETE,https://enterprise.gov.ie/en/what-we-do/workplace-and-skills/employment-permits/statistics/,Grand Total row of the Department's own spreadsheet.
Employment permits issued,permits,2018,13398,DETE,https://enterprise.gov.ie/en/what-we-do/workplace-and-skills/employment-permits/statistics/,Grand Total row of the Department's own spreadsheet.
Employment permits issued,permits,2019,16383,DETE,https://enterprise.gov.ie/en/what-we-do/workplace-and-skills/employment-permits/statistics/,Grand Total row of the Department's own spreadsheet.
Employment permits issued,permits,2020,16419,DETE,https://enterprise.gov.ie/en/what-we-do/workplace-and-skills/employment-permits/statistics/,Grand Total row of the Department's own spreadsheet.
Employment permits issued,permits,2021,16275,DETE,https://enterprise.gov.ie/en/what-we-do/workplace-and-skills/employment-permits/statistics/,Grand Total row of the Department's own spreadsheet.
Employment permits issued,permits,2022,39955,DETE,https://enterprise.gov.ie/en/what-we-do/workplace-and-skills/employment-permits/statistics/,Grand Total row of the Department's own spreadsheet.
Employment permits issued,permits,2023,30981,DETE,https://enterprise.gov.ie/en/what-we-do/workplace-and-skills/employment-permits/statistics/,Grand Total row of the Department's own spreadsheet.
Employment permits issued,permits,2024,39390,DETE,https://enterprise.gov.ie/en/what-we-do/workplace-and-skills/employment-permits/statistics/,Grand Total row of the Department's own spreadsheet.
Employment permits issued,permits,2025,31044,DETE,https://enterprise.gov.ie/en/what-we-do/workplace-and-skills/employment-permits/statistics/,Grand Total row of the Department's own spreadsheet.
Employment permits issued,permits,2026,26629,DETE,https://enterprise.gov.ie/en/what-we-do/workplace-and-skills/employment-permits/statistics/,Grand Total row of the Department's own spreadsheet. 2026 is year-to-date (the published file covers Jan-Aug 2026).
Employment permits issued - Contract for Services Employment Permit,permits,2020,105,"Dept of Enterprise, via PQ supporting document",https://www.oireachtas.ie/en/debates/question/2025-05-20/381/,Permit-type breakdown is not in DETE's annual release; taken from the spreadsheet attached to PQ 2025-05-20 #381.
Employment permits issued - Contract for Services Employment Permit,permits,2021,58,"Dept of Enterprise, via PQ supporting document",https://www.oireachtas.ie/en/debates/question/2025-05-20/381/,Permit-type breakdown is not in DETE's annual release; taken from the spreadsheet attached to PQ 2025-05-20 #381.
Employment permits issued - Contract for Services Employment Permit,permits,2022,60,"Dept of Enterprise, via PQ supporting document",https://www.oireachtas.ie/en/debates/question/2025-05-20/381/,Permit-type breakdown is not in DETE's annual release; taken from the spreadsheet attached to PQ 2025-05-20 #381.
Employment permits issued - Contract for Services Employment Permit,permits,2023,86,"Dept of Enterprise, via PQ supporting document",https://www.oireachtas.ie/en/debates/question/2025-05-20/381/,Permit-type breakdown is not in DETE's annual release; taken from the spreadsheet attached to PQ 2025-05-20 #381.
Employment permits issued - Contract for Services Employment Permit,permits,2024,74,"Dept of Enterprise, via PQ supporting document",https://www.oireachtas.ie/en/debates/question/2025-05-20/381/,Permit-type breakdown is not in DETE's annual release; taken from the spreadsheet attached to PQ 2025-05-20 #381.
Employment permits issued - Critical Skills Employment Permit,permits,2020,8199,"Dept of Enterprise, via PQ supporting document",https://www.oireachtas.ie/en/debates/question/2025-05-20/381/,Permit-type breakdown is not in DETE's annual release; taken from the spreadsheet attached to PQ 2025-05-20 #381.
Employment permits issued - Critical Skills Employment Permit,permits,2021,9435,"Dept of Enterprise, via PQ supporting document",https://www.oireachtas.ie/en/debates/question/2025-05-20/381/,Permit-type breakdown is not in DETE's annual release; taken from the spreadsheet attached to PQ 2025-05-20 #381.
Employment permits issued - Critical Skills Employment Permit,permits,2022,21448,"Dept of Enterprise, via PQ supporting document",https://www.oireachtas.ie/en/debates/question/2025-05-20/381/,Permit-type breakdown is not in DETE's annual release; taken from the spreadsheet attached to PQ 2025-05-20 #381.
Employment permits issued - Critical Skills Employment Permit,permits,2023,15673,"Dept of Enterprise, via PQ supporting document",https://www.oireachtas.ie/en/debates/question/2025-05-20/381/,Permit-type breakdown is not in DETE's annual release; taken from the spreadsheet attached to PQ 2025-05-20 #381.
Employment permits issued - Critical Skills Employment Permit,permits,2024,17168,"Dept of Enterprise, via PQ supporting document",https://www.oireachtas.ie/en/debates/question/2025-05-20/381/,Permit-type breakdown is not in DETE's annual release; taken from the spreadsheet attached to PQ 2025-05-20 #381.
Employment permits issued - Dependant/Partner/Spouse Employment Permit,permits,2020,15,"Dept of Enterprise, via PQ supporting document",https://www.oireachtas.ie/en/debates/question/2025-05-20/381/,Permit-type breakdown is not in DETE's annual release; taken from the spreadsheet attached to PQ 2025-05-20 #381.
Employment permits issued - Dependant/Partner/Spouse Employment Permit,permits,2021,6,"Dept of Enterprise, via PQ supporting document",https://www.oireachtas.ie/en/debates/question/2025-05-20/381/,Permit-type breakdown is not in DETE's annual release; taken from the spreadsheet attached to PQ 2025-05-20 #381.
Employment permits issued - Dependant/Partner/Spouse Employment Permit,permits,2022,23,"Dept of Enterprise, via PQ supporting document",https://www.oireachtas.ie/en/debates/question/2025-05-20/381/,Permit-type breakdown is not in DETE's annual release; taken from the spreadsheet attached to PQ 2025-05-20 #381.
Employment permits issued - Dependant/Partner/Spouse Employment Permit,permits,2023,23,"Dept of Enterprise, via PQ supporting document",https://www.oireachtas.ie/en/debates/question/2025-05-20/381/,Permit-type breakdown is not in DETE's annual release; taken from the spreadsheet attached to PQ 2025-05-20 #381.
Employment permits issued - Dependant/Partner/Spouse Employment Permit,permits,2024,30,"Dept of Enterprise, via PQ supporting document",https://www.oireachtas.ie/en/debates/question/2025-05-20/381/,Permit-type breakdown is not in DETE's annual release; taken from the spreadsheet attached to PQ 2025-05-20 #381.
Employment permits issued - Exchange Agreement Employment Permit,permits,2020,8,"Dept of Enterprise, via PQ supporting document",https://www.oireachtas.ie/en/debates/question/2025-05-20/381/,Permit-type breakdown is not in DETE's annual release; taken from the spreadsheet attached to PQ 2025-05-20 #381.
Employment permits issued - Exchange Agreement Employment Permit,permits,2021,7,"Dept of Enterprise, via PQ supporting document",https://www.oireachtas.ie/en/debates/question/2025-05-20/381/,Permit-type breakdown is not in DETE's annual release; taken from the spreadsheet attached to PQ 2025-05-20 #381.
Employment permits issued - Exchange Agreement Employment Permit,permits,2022,20,"Dept of Enterprise, via PQ supporting document",https://www.oireachtas.ie/en/debates/question/2025-05-20/381/,Permit-type breakdown is not in DETE's annual release; taken from the spreadsheet attached to PQ 2025-05-20 #381.
Employment permits issued - Exchange Agreement Employment Permit,permits,2023,1,"Dept of Enterprise, via PQ supporting document",https://www.oireachtas.ie/en/debates/question/2025-05-20/381/,Permit-type breakdown is not in DETE's annual release; taken from the spreadsheet attached to PQ 2025-05-20 #381.
Employment permits issued - Exchange Agreement Employment Permit,permits,2024,1,"Dept of Enterprise, via PQ supporting document",https://www.oireachtas.ie/en/debates/question/2025-05-20/381/,Permit-type breakdown is not in DETE's annual release; taken from the spreadsheet attached to PQ 2025-05-20 #381.
Employment permits issued - General Employment Permit,permits,2020,6958,"Dept of Enterprise, via PQ supporting document",https://www.oireachtas.ie/en/debates/question/2025-05-20/381/,Permit-type breakdown is not in DETE's annual release; taken from the spreadsheet attached to PQ 2025-05-20 #381.
Employment permits issued - General Employment Permit,permits,2021,5899,"Dept of Enterprise, via PQ supporting document",https://www.oireachtas.ie/en/debates/question/2025-05-20/381/,Permit-type breakdown is not in DETE's annual release; taken from the spreadsheet attached to PQ 2025-05-20 #381.
Employment permits issued - General Employment Permit,permits,2022,16184,"Dept of Enterprise, via PQ supporting document",https://www.oireachtas.ie/en/debates/question/2025-05-20/381/,Permit-type breakdown is not in DETE's annual release; taken from the spreadsheet attached to PQ 2025-05-20 #381.
Employment permits issued - General Employment Permit,permits,2023,12903,"Dept of Enterprise, via PQ supporting document",https://www.oireachtas.ie/en/debates/question/2025-05-20/381/,Permit-type breakdown is not in DETE's annual release; taken from the spreadsheet attached to PQ 2025-05-20 #381.
Employment permits issued - General Employment Permit,permits,2024,19478,"Dept of Enterprise, via PQ supporting document",https://www.oireachtas.ie/en/debates/question/2025-05-20/381/,Permit-type breakdown is not in DETE's annual release; taken from the spreadsheet attached to PQ 2025-05-20 #381.
Employment permits issued - Internship Employment Permit,permits,2020,20,"Dept of Enterprise, via PQ supporting document",https://www.oireachtas.ie/en/debates/question/2025-05-20/381/,Permit-type breakdown is not in DETE's annual release; taken from the spreadsheet attached to PQ 2025-05-20 #381.
Employment permits issued - Internship Employment Permit,permits,2021,25,"Dept of Enterprise, via PQ supporting document",https://www.oireachtas.ie/en/debates/question/2025-05-20/381/,Permit-type breakdown is not in DETE's annual release; taken from the spreadsheet attached to PQ 2025-05-20 #381.
Employment permits issued - Internship Employment Permit,permits,2022,43,"Dept of Enterprise, via PQ supporting document",https://www.oireachtas.ie/en/debates/question/2025-05-20/381/,Permit-type breakdown is not in DETE's annual release; taken from the spreadsheet attached to PQ 2025-05-20 #381.
Employment permits issued - Internship Employment Permit,permits,2023,55,"Dept of Enterprise, via PQ supporting document",https://www.oireachtas.ie/en/debates/question/2025-05-20/381/,Permit-type breakdown is not in DETE's annual release; taken from the spreadsheet attached to PQ 2025-05-20 #381.
Employment permits issued - Internship Employment Permit,permits,2024,42,"Dept of Enterprise, via PQ supporting document",https://www.oireachtas.ie/en/debates/question/2025-05-20/381/,Permit-type breakdown is not in DETE's annual release; taken from the spreadsheet attached to PQ 2025-05-20 #381.
Employment permits issued - Intra-Company Transfer (Training) Employment Permi,permits,2020,37,"Dept of Enterprise, via PQ supporting document",https://www.oireachtas.ie/en/debates/question/2025-05-20/381/,Permit-type breakdown is not in DETE's annual release; taken from the spreadsheet attached to PQ 2025-05-20 #381.
Employment permits issued - Intra-Company Transfer (Training) Employment Permi,permits,2021,1,"Dept of Enterprise, via PQ supporting document",https://www.oireachtas.ie/en/debates/question/2025-05-20/381/,Permit-type breakdown is not in DETE's annual release; taken from the spreadsheet attached to PQ 2025-05-20 #381.
Employment permits issued - Intra-Company Transfer (Training) Employment Permi,permits,2022,74,"Dept of Enterprise, via PQ supporting document",https://www.oireachtas.ie/en/debates/question/2025-05-20/381/,Permit-type breakdown is not in DETE's annual release; taken from the spreadsheet attached to PQ 2025-05-20 #381.
Employment permits issued - Intra-Company Transfer (Training) Employment Permi,permits,2023,32,"Dept of Enterprise, via PQ supporting document",https://www.oireachtas.ie/en/debates/question/2025-05-20/381/,Permit-type breakdown is not in DETE's annual release; taken from the spreadsheet attached to PQ 2025-05-20 #381.
Employment permits issued - Intra-Company Transfer (Training) Employment Permi,permits,2024,42,"Dept of Enterprise, via PQ supporting document",https://www.oireachtas.ie/en/debates/question/2025-05-20/381/,Permit-type breakdown is not in DETE's annual release; taken from the spreadsheet attached to PQ 2025-05-20 #381.
Employment permits issued - Intra-Company Transfer Employment Permit,permits,2020,899,"Dept of Enterprise, via PQ supporting document",https://www.oireachtas.ie/en/debates/question/2025-05-20/381/,Permit-type breakdown is not in DETE's annual release; taken from the spreadsheet attached to PQ 2025-05-20 #381.
Employment permits issued - Intra-Company Transfer Employment Permit,permits,2021,663,"Dept of Enterprise, via PQ supporting document",https://www.oireachtas.ie/en/debates/question/2025-05-20/381/,Permit-type breakdown is not in DETE's annual release; taken from the spreadsheet attached to PQ 2025-05-20 #381.
Employment permits issued - Intra-Company Transfer Employment Permit,permits,2022,1876,"Dept of Enterprise, via PQ supporting document",https://www.oireachtas.ie/en/debates/question/2025-05-20/381/,Permit-type breakdown is not in DETE's annual release; taken from the spreadsheet attached to PQ 2025-05-20 #381.
Employment permits issued - Intra-Company Transfer Employment Permit,permits,2023,1924,"Dept of Enterprise, via PQ supporting document",https://www.oireachtas.ie/en/debates/question/2025-05-20/381/,Permit-type breakdown is not in DETE's annual release; taken from the spreadsheet attached to PQ 2025-05-20 #381.
Employment permits issued - Intra-Company Transfer Employment Permit,permits,2024,1911,"Dept of Enterprise, via PQ supporting document",https://www.oireachtas.ie/en/debates/question/2025-05-20/381/,Permit-type breakdown is not in DETE's annual release; taken from the spreadsheet attached to PQ 2025-05-20 #381.
Employment permits issued - Reactivation Employment Permit,permits,2020,29,"Dept of Enterprise, via PQ supporting document",https://www.oireachtas.ie/en/debates/question/2025-05-20/381/,Permit-type breakdown is not in DETE's annual release; taken from the spreadsheet attached to PQ 2025-05-20 #381.
Employment permits issued - Reactivation Employment Permit,permits,2021,24,"Dept of Enterprise, via PQ supporting document",https://www.oireachtas.ie/en/debates/question/2025-05-20/381/,Permit-type breakdown is not in DETE's annual release; taken from the spreadsheet attached to PQ 2025-05-20 #381.
Employment permits issued - Reactivation Employment Permit,permits,2022,69,"Dept of Enterprise, via PQ supporting document",https://www.oireachtas.ie/en/debates/question/2025-05-20/381/,Permit-type breakdown is not in DETE's annual release; taken from the spreadsheet attached to PQ 2025-05-20 #381.
Employment permits issued - Reactivation Employment Permit,permits,2023,98,"Dept of Enterprise, via PQ supporting document",https://www.oireachtas.ie/en/debates/question/2025-05-20/381/,Permit-type breakdown is not in DETE's annual release; taken from the spreadsheet attached to PQ 2025-05-20 #381.
Employment permits issued - Reactivation Employment Permit,permits,2024,170,"Dept of Enterprise, via PQ supporting document",https://www.oireachtas.ie/en/debates/question/2025-05-20/381/,Permit-type breakdown is not in DETE's annual release; taken from the spreadsheet attached to PQ 2025-05-20 #381.
Employment permits issued - Sport and Cultural Employment Permit,permits,2020,93,"Dept of Enterprise, via PQ supporting document",https://www.oireachtas.ie/en/debates/question/2025-05-20/381/,Permit-type breakdown is not in DETE's annual release; taken from the spreadsheet attached to PQ 2025-05-20 #381.
Employment permits issued - Sport and Cultural Employment Permit,permits,2021,165,"Dept of Enterprise, via PQ supporting document",https://www.oireachtas.ie/en/debates/question/2025-05-20/381/,Permit-type breakdown is not in DETE's annual release; taken from the spreadsheet attached to PQ 2025-05-20 #381.
Employment permits issued - Sport and Cultural Employment Permit,permits,2022,164,"Dept of Enterprise, via PQ supporting document",https://www.oireachtas.ie/en/debates/question/2025-05-20/381/,Permit-type breakdown is not in DETE's annual release; taken from the spreadsheet attached to PQ 2025-05-20 #381.
Employment permits issued - Sport and Cultural Employment Permit,permits,2023,184,"Dept of Enterprise, via PQ supporting document",https://www.oireachtas.ie/en/debates/question/2025-05-20/381/,Permit-type breakdown is not in DETE's annual release; taken from the spreadsheet attached to PQ 2025-05-20 #381.
Employment permits issued - Sport and Cultural Employment Permit,permits,2024,482,"Dept of Enterprise, via PQ supporting document",https://www.oireachtas.ie/en/debates/question/2025-05-20/381/,Permit-type breakdown is not in DETE's annual release; taken from the spreadsheet attached to PQ 2025-05-20 #381.
"Family reunification applications received (international protection, by applicant)",applications,2017,1089,Dept of Justice / data.gov.ie,https://data.gov.ie/dataset/family-reunification-applications-and-decisions-by-year-and-month,Summed from published monthly figures.
"Family reunification applications received (international protection, by applicant)",applications,2018,975,Dept of Justice / data.gov.ie,https://data.gov.ie/dataset/family-reunification-applications-and-decisions-by-year-and-month,Summed from published monthly figures.
"Family reunification applications received (international protection, by applicant)",applications,2019,747,Dept of Justice / data.gov.ie,https://data.gov.ie/dataset/family-reunification-applications-and-decisions-by-year-and-month,Summed from published monthly figures.
"Family reunification applications received (international protection, by applicant)",applications,2020,1044,Dept of Justice / data.gov.ie,https://data.gov.ie/dataset/family-reunification-applications-and-decisions-by-year-and-month,Summed from published monthly figures.
"Family reunification applications received (international protection, by applicant)",applications,2021,1217,Dept of Justice / data.gov.ie,https://data.gov.ie/dataset/family-reunification-applications-and-decisions-by-year-and-month,Summed from published monthly figures.
"Family reunification applications received (international protection, by applicant)",applications,2022,2353,Dept of Justice / data.gov.ie,https://data.gov.ie/dataset/family-reunification-applications-and-decisions-by-year-and-month,Summed from published monthly figures.
"Family reunification applications received (international protection, by applicant)",applications,2023,2564,Dept of Justice / data.gov.ie,https://data.gov.ie/dataset/family-reunification-applications-and-decisions-by-year-and-month,Summed from published monthly figures.
"Family reunification applications received (international protection, by applicant)",applications,2024,4475,Dept of Justice / data.gov.ie,https://data.gov.ie/dataset/family-reunification-applications-and-decisions-by-year-and-month,Summed from published monthly figures.
"Family reunification applications received (international protection, by applicant)",applications,2025,4147,Dept of Justice / data.gov.ie,https://data.gov.ie/dataset/family-reunification-applications-and-decisions-by-year-and-month,Summed from published monthly figures.
"Family reunification applications received (international protection, by applicant)",applications,2026,2363,Dept of Justice / data.gov.ie,https://data.gov.ie/dataset/family-reunification-applications-and-decisions-by-year-and-month,Summed from published monthly figures. 2026 is a part-year figure (source last updated 31/07/2026).
First residence permits issued (all reasons),permits,2008,28926,Eurostat (data supplied by Irish ISD),https://ec.europa.eu/eurostat/databrowser/view/migr_resfirst/default/table?lang=en,Ireland reports this to Eurostat under EU statutory reporting; the Department of Justice's statistics page directs users to these datasets.
First residence permits issued (all reasons),permits,2009,25509,Eurostat (data supplied by Irish ISD),https://ec.europa.eu/eurostat/databrowser/view/migr_resfirst/default/table?lang=en,Ireland reports this to Eurostat under EU statutory reporting; the Department of Justice's statistics page directs users to these datasets.
First residence permits issued (all reasons),permits,2010,22235,Eurostat (data supplied by Irish ISD),https://ec.europa.eu/eurostat/databrowser/view/migr_resfirst/default/table?lang=en,Ireland reports this to Eurostat under EU statutory reporting; the Department of Justice's statistics page directs users to these datasets.
First residence permits issued (all reasons),permits,2011,24570,Eurostat (data supplied by Irish ISD),https://ec.europa.eu/eurostat/databrowser/view/migr_resfirst/default/table?lang=en,Ireland reports this to Eurostat under EU statutory reporting; the Department of Justice's statistics page directs users to these datasets.
First residence permits issued (all reasons),permits,2012,26818,Eurostat (data supplied by Irish ISD),https://ec.europa.eu/eurostat/databrowser/view/migr_resfirst/default/table?lang=en,Ireland reports this to Eurostat under EU statutory reporting; the Department of Justice's statistics page directs users to these datasets.
First residence permits issued (all reasons),permits,2013,32780,Eurostat (data supplied by Irish ISD),https://ec.europa.eu/eurostat/databrowser/view/migr_resfirst/default/table?lang=en,Ireland reports this to Eurostat under EU statutory reporting; the Department of Justice's statistics page directs users to these datasets.
First residence permits issued (all reasons),permits,2014,36728,Eurostat (data supplied by Irish ISD),https://ec.europa.eu/eurostat/databrowser/view/migr_resfirst/default/table?lang=en,Ireland reports this to Eurostat under EU statutory reporting; the Department of Justice's statistics page directs users to these datasets.
First residence permits issued (all reasons),permits,2015,38433,Eurostat (data supplied by Irish ISD),https://ec.europa.eu/eurostat/databrowser/view/migr_resfirst/default/table?lang=en,Ireland reports this to Eurostat under EU statutory reporting; the Department of Justice's statistics page directs users to these datasets.
First residence permits issued (all reasons),permits,2016,41279,Eurostat (data supplied by Irish ISD),https://ec.europa.eu/eurostat/databrowser/view/migr_resfirst/default/table?lang=en,Ireland reports this to Eurostat under EU statutory reporting; the Department of Justice's statistics page directs users to these datasets.
First residence permits issued (all reasons),permits,2017,47901,Eurostat (data supplied by Irish ISD),https://ec.europa.eu/eurostat/databrowser/view/migr_resfirst/default/table?lang=en,Ireland reports this to Eurostat under EU statutory reporting; the Department of Justice's statistics page directs users to these datasets.
First residence permits issued (all reasons),permits,2018,49939,Eurostat (data supplied by Irish ISD),https://ec.europa.eu/eurostat/databrowser/view/migr_resfirst/default/table?lang=en,Ireland reports this to Eurostat under EU statutory reporting; the Department of Justice's statistics page directs users to these datasets.
First residence permits issued (all reasons),permits,2019,59278,Eurostat (data supplied by Irish ISD),https://ec.europa.eu/eurostat/databrowser/view/migr_resfirst/default/table?lang=en,Ireland reports this to Eurostat under EU statutory reporting; the Department of Justice's statistics page directs users to these datasets.
First residence permits issued (all reasons),permits,2020,30382,Eurostat (data supplied by Irish ISD),https://ec.europa.eu/eurostat/databrowser/view/migr_resfirst/default/table?lang=en,Ireland reports this to Eurostat under EU statutory reporting; the Department of Justice's statistics page directs users to these datasets.
First residence permits issued (all reasons),permits,2021,34935,Eurostat (data supplied by Irish ISD),https://ec.europa.eu/eurostat/databrowser/view/migr_resfirst/default/table?lang=en,Ireland reports this to Eurostat under EU statutory reporting; the Department of Justice's statistics page directs users to these datasets.
First residence permits issued (all reasons),permits,2022,85793,Eurostat (data supplied by Irish ISD),https://ec.europa.eu/eurostat/databrowser/view/migr_resfirst/default/table?lang=en,Ireland reports this to Eurostat under EU statutory reporting; the Department of Justice's statistics page directs users to these datasets.
First residence permits issued (all reasons),permits,2023,88595,Eurostat (data supplied by Irish ISD),https://ec.europa.eu/eurostat/databrowser/view/migr_resfirst/default/table?lang=en,Ireland reports this to Eurostat under EU statutory reporting; the Department of Justice's statistics page directs users to these datasets.
First residence permits issued (all reasons),permits,2024,79985,Eurostat (data supplied by Irish ISD),https://ec.europa.eu/eurostat/databrowser/view/migr_resfirst/default/table?lang=en,Ireland reports this to Eurostat under EU statutory reporting; the Department of Justice's statistics page directs users to these datasets.
First residence permits issued (all reasons),permits,2025,72978,Eurostat (data supplied by Irish ISD),https://ec.europa.eu/eurostat/databrowser/view/migr_resfirst/default/table?lang=en,Ireland reports this to Eurostat under EU statutory reporting; the Department of Justice's statistics page directs users to these datasets.
First residence permits issued (education),permits,2008,12538,Eurostat (data supplied by Irish ISD),https://ec.europa.eu/eurostat/databrowser/view/migr_resfirst/default/table?lang=en,Ireland reports this to Eurostat under EU statutory reporting; the Department of Justice's statistics page directs users to these datasets.
First residence permits issued (education),permits,2009,12263,Eurostat (data supplied by Irish ISD),https://ec.europa.eu/eurostat/databrowser/view/migr_resfirst/default/table?lang=en,Ireland reports this to Eurostat under EU statutory reporting; the Department of Justice's statistics page directs users to these datasets.
First residence permits issued (education),permits,2010,13653,Eurostat (data supplied by Irish ISD),https://ec.europa.eu/eurostat/databrowser/view/migr_resfirst/default/table?lang=en,Ireland reports this to Eurostat under EU statutory reporting; the Department of Justice's statistics page directs users to these datasets.
First residence permits issued (education),permits,2011,15131,Eurostat (data supplied by Irish ISD),https://ec.europa.eu/eurostat/databrowser/view/migr_resfirst/default/table?lang=en,Ireland reports this to Eurostat under EU statutory reporting; the Department of Justice's statistics page directs users to these datasets.
First residence permits issued (education),permits,2012,16828,Eurostat (data supplied by Irish ISD),https://ec.europa.eu/eurostat/databrowser/view/migr_resfirst/default/table?lang=en,Ireland reports this to Eurostat under EU statutory reporting; the Department of Justice's statistics page directs users to these datasets.
First residence permits issued (education),permits,2013,21394,Eurostat (data supplied by Irish ISD),https://ec.europa.eu/eurostat/databrowser/view/migr_resfirst/default/table?lang=en,Ireland reports this to Eurostat under EU statutory reporting; the Department of Justice's statistics page directs users to these datasets.
First residence permits issued (education),permits,2014,23730,Eurostat (data supplied by Irish ISD),https://ec.europa.eu/eurostat/databrowser/view/migr_resfirst/default/table?lang=en,Ireland reports this to Eurostat under EU statutory reporting; the Department of Justice's statistics page directs users to these datasets.
First residence permits issued (education),permits,2015,22075,Eurostat (data supplied by Irish ISD),https://ec.europa.eu/eurostat/databrowser/view/migr_resfirst/default/table?lang=en,Ireland reports this to Eurostat under EU statutory reporting; the Department of Justice's statistics page directs users to these datasets.
First residence permits issued (education),permits,2016,21421,Eurostat (data supplied by Irish ISD),https://ec.europa.eu/eurostat/databrowser/view/migr_resfirst/default/table?lang=en,Ireland reports this to Eurostat under EU statutory reporting; the Department of Justice's statistics page directs users to these datasets.
First residence permits issued (education),permits,2017,27588,Eurostat (data supplied by Irish ISD),https://ec.europa.eu/eurostat/databrowser/view/migr_resfirst/default/table?lang=en,Ireland reports this to Eurostat under EU statutory reporting; the Department of Justice's statistics page directs users to these datasets.
First residence permits issued (education),permits,2018,30193,Eurostat (data supplied by Irish ISD),https://ec.europa.eu/eurostat/databrowser/view/migr_resfirst/default/table?lang=en,Ireland reports this to Eurostat under EU statutory reporting; the Department of Justice's statistics page directs users to these datasets.
First residence permits issued (education),permits,2019,34735,Eurostat (data supplied by Irish ISD),https://ec.europa.eu/eurostat/databrowser/view/migr_resfirst/default/table?lang=en,Ireland reports this to Eurostat under EU statutory reporting; the Department of Justice's statistics page directs users to these datasets.
First residence permits issued (education),permits,2020,14730,Eurostat (data supplied by Irish ISD),https://ec.europa.eu/eurostat/databrowser/view/migr_resfirst/default/table?lang=en,Ireland reports this to Eurostat under EU statutory reporting; the Department of Justice's statistics page directs users to these datasets.
First residence permits issued (education),permits,2021,14611,Eurostat (data supplied by Irish ISD),https://ec.europa.eu/eurostat/databrowser/view/migr_resfirst/default/table?lang=en,Ireland reports this to Eurostat under EU statutory reporting; the Department of Justice's statistics page directs users to these datasets.
First residence permits issued (education),permits,2022,41506,Eurostat (data supplied by Irish ISD),https://ec.europa.eu/eurostat/databrowser/view/migr_resfirst/default/table?lang=en,Ireland reports this to Eurostat under EU statutory reporting; the Department of Justice's statistics page directs users to these datasets.
First residence permits issued (education),permits,2023,39847,Eurostat (data supplied by Irish ISD),https://ec.europa.eu/eurostat/databrowser/view/migr_resfirst/default/table?lang=en,Ireland reports this to Eurostat under EU statutory reporting; the Department of Justice's statistics page directs users to these datasets.
First residence permits issued (education),permits,2024,38416,Eurostat (data supplied by Irish ISD),https://ec.europa.eu/eurostat/databrowser/view/migr_resfirst/default/table?lang=en,Ireland reports this to Eurostat under EU statutory reporting; the Department of Justice's statistics page directs users to these datasets.
First residence permits issued (education),permits,2025,34729,Eurostat (data supplied by Irish ISD),https://ec.europa.eu/eurostat/databrowser/view/migr_resfirst/default/table?lang=en,Ireland reports this to Eurostat under EU statutory reporting; the Department of Justice's statistics page directs users to these datasets.
First residence permits issued (employment),permits,2008,5808,Eurostat (data supplied by Irish ISD),https://ec.europa.eu/eurostat/databrowser/view/migr_resfirst/default/table?lang=en,Ireland reports this to Eurostat under EU statutory reporting; the Department of Justice's statistics page directs users to these datasets.
First residence permits issued (employment),permits,2009,4827,Eurostat (data supplied by Irish ISD),https://ec.europa.eu/eurostat/databrowser/view/migr_resfirst/default/table?lang=en,Ireland reports this to Eurostat under EU statutory reporting; the Department of Justice's statistics page directs users to these datasets.
First residence permits issued (employment),permits,2010,3208,Eurostat (data supplied by Irish ISD),https://ec.europa.eu/eurostat/databrowser/view/migr_resfirst/default/table?lang=en,Ireland reports this to Eurostat under EU statutory reporting; the Department of Justice's statistics page directs users to these datasets.
First residence permits issued (employment),permits,2011,3425,Eurostat (data supplied by Irish ISD),https://ec.europa.eu/eurostat/databrowser/view/migr_resfirst/default/table?lang=en,Ireland reports this to Eurostat under EU statutory reporting; the Department of Justice's statistics page directs users to these datasets.
First residence permits issued (employment),permits,2012,3720,Eurostat (data supplied by Irish ISD),https://ec.europa.eu/eurostat/databrowser/view/migr_resfirst/default/table?lang=en,Ireland reports this to Eurostat under EU statutory reporting; the Department of Justice's statistics page directs users to these datasets.
First residence permits issued (employment),permits,2013,4018,Eurostat (data supplied by Irish ISD),https://ec.europa.eu/eurostat/databrowser/view/migr_resfirst/default/table?lang=en,Ireland reports this to Eurostat under EU statutory reporting; the Department of Justice's statistics page directs users to these datasets.
First residence permits issued (employment),permits,2014,5139,Eurostat (data supplied by Irish ISD),https://ec.europa.eu/eurostat/databrowser/view/migr_resfirst/default/table?lang=en,Ireland reports this to Eurostat under EU statutory reporting; the Department of Justice's statistics page directs users to these datasets.
First residence permits issued (employment),permits,2015,6073,Eurostat (data supplied by Irish ISD),https://ec.europa.eu/eurostat/databrowser/view/migr_resfirst/default/table?lang=en,Ireland reports this to Eurostat under EU statutory reporting; the Department of Justice's statistics page directs users to these datasets.
First residence permits issued (employment),permits,2016,7842,Eurostat (data supplied by Irish ISD),https://ec.europa.eu/eurostat/databrowser/view/migr_resfirst/default/table?lang=en,Ireland reports this to Eurostat under EU statutory reporting; the Department of Justice's statistics page directs users to these datasets.
First residence permits issued (employment),permits,2017,9398,Eurostat (data supplied by Irish ISD),https://ec.europa.eu/eurostat/databrowser/view/migr_resfirst/default/table?lang=en,Ireland reports this to Eurostat under EU statutory reporting; the Department of Justice's statistics page directs users to these datasets.
First residence permits issued (employment),permits,2018,9480,Eurostat (data supplied by Irish ISD),https://ec.europa.eu/eurostat/databrowser/view/migr_resfirst/default/table?lang=en,Ireland reports this to Eurostat under EU statutory reporting; the Department of Justice's statistics page directs users to these datasets.
First residence permits issued (employment),permits,2019,12049,Eurostat (data supplied by Irish ISD),https://ec.europa.eu/eurostat/databrowser/view/migr_resfirst/default/table?lang=en,Ireland reports this to Eurostat under EU statutory reporting; the Department of Justice's statistics page directs users to these datasets.
First residence permits issued (employment),permits,2020,7131,Eurostat (data supplied by Irish ISD),https://ec.europa.eu/eurostat/databrowser/view/migr_resfirst/default/table?lang=en,Ireland reports this to Eurostat under EU statutory reporting; the Department of Justice's statistics page directs users to these datasets.
First residence permits issued (employment),permits,2021,8009,Eurostat (data supplied by Irish ISD),https://ec.europa.eu/eurostat/databrowser/view/migr_resfirst/default/table?lang=en,Ireland reports this to Eurostat under EU statutory reporting; the Department of Justice's statistics page directs users to these datasets.
First residence permits issued (employment),permits,2022,19502,Eurostat (data supplied by Irish ISD),https://ec.europa.eu/eurostat/databrowser/view/migr_resfirst/default/table?lang=en,Ireland reports this to Eurostat under EU statutory reporting; the Department of Justice's statistics page directs users to these datasets.
First residence permits issued (employment),permits,2023,23918,Eurostat (data supplied by Irish ISD),https://ec.europa.eu/eurostat/databrowser/view/migr_resfirst/default/table?lang=en,Ireland reports this to Eurostat under EU statutory reporting; the Department of Justice's statistics page directs users to these datasets.
First residence permits issued (employment),permits,2024,19078,Eurostat (data supplied by Irish ISD),https://ec.europa.eu/eurostat/databrowser/view/migr_resfirst/default/table?lang=en,Ireland reports this to Eurostat under EU statutory reporting; the Department of Justice's statistics page directs users to these datasets.
First residence permits issued (employment),permits,2025,16759,Eurostat (data supplied by Irish ISD),https://ec.europa.eu/eurostat/databrowser/view/migr_resfirst/default/table?lang=en,Ireland reports this to Eurostat under EU statutory reporting; the Department of Justice's statistics page directs users to these datasets.
First residence permits issued (family),permits,2008,3409,Eurostat (data supplied by Irish ISD),https://ec.europa.eu/eurostat/databrowser/view/migr_resfirst/default/table?lang=en,Ireland reports this to Eurostat under EU statutory reporting; the Department of Justice's statistics page directs users to these datasets.
First residence permits issued (family),permits,2009,2608,Eurostat (data supplied by Irish ISD),https://ec.europa.eu/eurostat/databrowser/view/migr_resfirst/default/table?lang=en,Ireland reports this to Eurostat under EU statutory reporting; the Department of Justice's statistics page directs users to these datasets.
First residence permits issued (family),permits,2010,2030,Eurostat (data supplied by Irish ISD),https://ec.europa.eu/eurostat/databrowser/view/migr_resfirst/default/table?lang=en,Ireland reports this to Eurostat under EU statutory reporting; the Department of Justice's statistics page directs users to these datasets.
First residence permits issued (family),permits,2011,1994,Eurostat (data supplied by Irish ISD),https://ec.europa.eu/eurostat/databrowser/view/migr_resfirst/default/table?lang=en,Ireland reports this to Eurostat under EU statutory reporting; the Department of Justice's statistics page directs users to these datasets.
First residence permits issued (family),permits,2012,1894,Eurostat (data supplied by Irish ISD),https://ec.europa.eu/eurostat/databrowser/view/migr_resfirst/default/table?lang=en,Ireland reports this to Eurostat under EU statutory reporting; the Department of Justice's statistics page directs users to these datasets.
First residence permits issued (family),permits,2013,2042,Eurostat (data supplied by Irish ISD),https://ec.europa.eu/eurostat/databrowser/view/migr_resfirst/default/table?lang=en,Ireland reports this to Eurostat under EU statutory reporting; the Department of Justice's statistics page directs users to these datasets.
First residence permits issued (family),permits,2014,2526,Eurostat (data supplied by Irish ISD),https://ec.europa.eu/eurostat/databrowser/view/migr_resfirst/default/table?lang=en,Ireland reports this to Eurostat under EU statutory reporting; the Department of Justice's statistics page directs users to these datasets.
First residence permits issued (family),permits,2015,3444,Eurostat (data supplied by Irish ISD),https://ec.europa.eu/eurostat/databrowser/view/migr_resfirst/default/table?lang=en,Ireland reports this to Eurostat under EU statutory reporting; the Department of Justice's statistics page directs users to these datasets.
First residence permits issued (family),permits,2016,4100,Eurostat (data supplied by Irish ISD),https://ec.europa.eu/eurostat/databrowser/view/migr_resfirst/default/table?lang=en,Ireland reports this to Eurostat under EU statutory reporting; the Department of Justice's statistics page directs users to these datasets.
First residence permits issued (family),permits,2017,3058,Eurostat (data supplied by Irish ISD),https://ec.europa.eu/eurostat/databrowser/view/migr_resfirst/default/table?lang=en,Ireland reports this to Eurostat under EU statutory reporting; the Department of Justice's statistics page directs users to these datasets.
First residence permits issued (family),permits,2018,2781,Eurostat (data supplied by Irish ISD),https://ec.europa.eu/eurostat/databrowser/view/migr_resfirst/default/table?lang=en,Ireland reports this to Eurostat under EU statutory reporting; the Department of Justice's statistics page directs users to these datasets.
First residence permits issued (family),permits,2019,3671,Eurostat (data supplied by Irish ISD),https://ec.europa.eu/eurostat/databrowser/view/migr_resfirst/default/table?lang=en,Ireland reports this to Eurostat under EU statutory reporting; the Department of Justice's statistics page directs users to these datasets.
First residence permits issued (family),permits,2020,1835,Eurostat (data supplied by Irish ISD),https://ec.europa.eu/eurostat/databrowser/view/migr_resfirst/default/table?lang=en,Ireland reports this to Eurostat under EU statutory reporting; the Department of Justice's statistics page directs users to these datasets.
First residence permits issued (family),permits,2021,2609,Eurostat (data supplied by Irish ISD),https://ec.europa.eu/eurostat/databrowser/view/migr_resfirst/default/table?lang=en,Ireland reports this to Eurostat under EU statutory reporting; the Department of Justice's statistics page directs users to these datasets.
First residence permits issued (family),permits,2022,3997,Eurostat (data supplied by Irish ISD),https://ec.europa.eu/eurostat/databrowser/view/migr_resfirst/default/table?lang=en,Ireland reports this to Eurostat under EU statutory reporting; the Department of Justice's statistics page directs users to these datasets.
First residence permits issued (family),permits,2023,4461,Eurostat (data supplied by Irish ISD),https://ec.europa.eu/eurostat/databrowser/view/migr_resfirst/default/table?lang=en,Ireland reports this to Eurostat under EU statutory reporting; the Department of Justice's statistics page directs users to these datasets.
First residence permits issued (family),permits,2024,4194,Eurostat (data supplied by Irish ISD),https://ec.europa.eu/eurostat/databrowser/view/migr_resfirst/default/table?lang=en,Ireland reports this to Eurostat under EU statutory reporting; the Department of Justice's statistics page directs users to these datasets.
First residence permits issued (family),permits,2025,4593,Eurostat (data supplied by Irish ISD),https://ec.europa.eu/eurostat/databrowser/view/migr_resfirst/default/table?lang=en,Ireland reports this to Eurostat under EU statutory reporting; the Department of Justice's statistics page directs users to these datasets.
Immigration (CSO estimate),thousands,1996,39.2,CSO,https://data.cso.ie/table/PEA24,"CSO Population and Migration Estimates; figures in thousands, year to April. 2022-2026 reflect Census 2022 rebasing."
Immigration (CSO estimate),thousands,1997,44.5,CSO,https://data.cso.ie/table/PEA24,"CSO Population and Migration Estimates; figures in thousands, year to April. 2022-2026 reflect Census 2022 rebasing."
Immigration (CSO estimate),thousands,1998,46.0,CSO,https://data.cso.ie/table/PEA24,"CSO Population and Migration Estimates; figures in thousands, year to April. 2022-2026 reflect Census 2022 rebasing."
Immigration (CSO estimate),thousands,1999,48.9,CSO,https://data.cso.ie/table/PEA24,"CSO Population and Migration Estimates; figures in thousands, year to April. 2022-2026 reflect Census 2022 rebasing."
Immigration (CSO estimate),thousands,2000,52.6,CSO,https://data.cso.ie/table/PEA24,"CSO Population and Migration Estimates; figures in thousands, year to April. 2022-2026 reflect Census 2022 rebasing."
Immigration (CSO estimate),thousands,2001,59.0,CSO,https://data.cso.ie/table/PEA24,"CSO Population and Migration Estimates; figures in thousands, year to April. 2022-2026 reflect Census 2022 rebasing."
Immigration (CSO estimate),thousands,2002,66.9,CSO,https://data.cso.ie/table/PEA24,"CSO Population and Migration Estimates; figures in thousands, year to April. 2022-2026 reflect Census 2022 rebasing."
Immigration (CSO estimate),thousands,2003,60.0,CSO,https://data.cso.ie/table/PEA24,"CSO Population and Migration Estimates; figures in thousands, year to April. 2022-2026 reflect Census 2022 rebasing."
Immigration (CSO estimate),thousands,2004,58.5,CSO,https://data.cso.ie/table/PEA24,"CSO Population and Migration Estimates; figures in thousands, year to April. 2022-2026 reflect Census 2022 rebasing."
Immigration (CSO estimate),thousands,2005,84.6,CSO,https://data.cso.ie/table/PEA24,"CSO Population and Migration Estimates; figures in thousands, year to April. 2022-2026 reflect Census 2022 rebasing."
Immigration (CSO estimate),thousands,2006,107.8,CSO,https://data.cso.ie/table/PEA24,"CSO Population and Migration Estimates; figures in thousands, year to April. 2022-2026 reflect Census 2022 rebasing."
Immigration (CSO estimate),thousands,2007,151.1,CSO,https://data.cso.ie/table/PEA24,"CSO Population and Migration Estimates; figures in thousands, year to April. 2022-2026 reflect Census 2022 rebasing."
Immigration (CSO estimate),thousands,2008,113.5,CSO,https://data.cso.ie/table/PEA24,"CSO Population and Migration Estimates; figures in thousands, year to April. 2022-2026 reflect Census 2022 rebasing."
Immigration (CSO estimate),thousands,2009,73.7,CSO,https://data.cso.ie/table/PEA24,"CSO Population and Migration Estimates; figures in thousands, year to April. 2022-2026 reflect Census 2022 rebasing."
Immigration (CSO estimate),thousands,2010,41.8,CSO,https://data.cso.ie/table/PEA24,"CSO Population and Migration Estimates; figures in thousands, year to April. 2022-2026 reflect Census 2022 rebasing."
Immigration (CSO estimate),thousands,2011,53.3,CSO,https://data.cso.ie/table/PEA24,"CSO Population and Migration Estimates; figures in thousands, year to April. 2022-2026 reflect Census 2022 rebasing."
Immigration (CSO estimate),thousands,2012,57.3,CSO,https://data.cso.ie/table/PEA24,"CSO Population and Migration Estimates; figures in thousands, year to April. 2022-2026 reflect Census 2022 rebasing."
Immigration (CSO estimate),thousands,2013,62.7,CSO,https://data.cso.ie/table/PEA24,"CSO Population and Migration Estimates; figures in thousands, year to April. 2022-2026 reflect Census 2022 rebasing."
Immigration (CSO estimate),thousands,2014,66.5,CSO,https://data.cso.ie/table/PEA24,"CSO Population and Migration Estimates; figures in thousands, year to April. 2022-2026 reflect Census 2022 rebasing."
Immigration (CSO estimate),thousands,2015,75.9,CSO,https://data.cso.ie/table/PEA24,"CSO Population and Migration Estimates; figures in thousands, year to April. 2022-2026 reflect Census 2022 rebasing."
Immigration (CSO estimate),thousands,2016,82.3,CSO,https://data.cso.ie/table/PEA24,"CSO Population and Migration Estimates; figures in thousands, year to April. 2022-2026 reflect Census 2022 rebasing."
Immigration (CSO estimate),thousands,2017,95.3,CSO,https://data.cso.ie/table/PEA24,"CSO Population and Migration Estimates; figures in thousands, year to April. 2022-2026 reflect Census 2022 rebasing."
Immigration (CSO estimate),thousands,2018,96.0,CSO,https://data.cso.ie/table/PEA24,"CSO Population and Migration Estimates; figures in thousands, year to April. 2022-2026 reflect Census 2022 rebasing."
Immigration (CSO estimate),thousands,2019,97.1,CSO,https://data.cso.ie/table/PEA24,"CSO Population and Migration Estimates; figures in thousands, year to April. 2022-2026 reflect Census 2022 rebasing."
Immigration (CSO estimate),thousands,2020,95.6,CSO,https://data.cso.ie/table/PEA24,"CSO Population and Migration Estimates; figures in thousands, year to April. 2022-2026 reflect Census 2022 rebasing."
Immigration (CSO estimate),thousands,2021,74.1,CSO,https://data.cso.ie/table/PEA24,"CSO Population and Migration Estimates; figures in thousands, year to April. 2022-2026 reflect Census 2022 rebasing."
Immigration (CSO estimate),thousands,2022,107.8,CSO,https://data.cso.ie/table/PEA24,"CSO Population and Migration Estimates; figures in thousands, year to April. 2022-2026 reflect Census 2022 rebasing."
Immigration (CSO estimate),thousands,2023,141.6,CSO,https://data.cso.ie/table/PEA24,"CSO Population and Migration Estimates; figures in thousands, year to April. 2022-2026 reflect Census 2022 rebasing."
Immigration (CSO estimate),thousands,2024,149.2,CSO,https://data.cso.ie/table/PEA24,"CSO Population and Migration Estimates; figures in thousands, year to April. 2022-2026 reflect Census 2022 rebasing."
Immigration (CSO estimate),thousands,2025,125.3,CSO,https://data.cso.ie/table/PEA24,"CSO Population and Migration Estimates; figures in thousands, year to April. 2022-2026 reflect Census 2022 rebasing."
Immigration (CSO estimate),thousands,2026,110.6,CSO,https://data.cso.ie/table/PEA24,"CSO Population and Migration Estimates; figures in thousands, year to April. 2022-2026 reflect Census 2022 rebasing."
Net migration (CSO estimate),thousands,1987,-23.0,CSO,https://data.cso.ie/table/PEA03,"CSO Population and Migration Estimates; figures in thousands, year to April. 2022-2026 reflect Census 2022 rebasing."
Net migration (CSO estimate),thousands,1988,-41.9,CSO,https://data.cso.ie/table/PEA03,"CSO Population and Migration Estimates; figures in thousands, year to April. 2022-2026 reflect Census 2022 rebasing."
Net migration (CSO estimate),thousands,1989,-43.9,CSO,https://data.cso.ie/table/PEA03,"CSO Population and Migration Estimates; figures in thousands, year to April. 2022-2026 reflect Census 2022 rebasing."
Net migration (CSO estimate),thousands,1990,-22.9,CSO,https://data.cso.ie/table/PEA03,"CSO Population and Migration Estimates; figures in thousands, year to April. 2022-2026 reflect Census 2022 rebasing."
Net migration (CSO estimate),thousands,1991,-2.0,CSO,https://data.cso.ie/table/PEA03,"CSO Population and Migration Estimates; figures in thousands, year to April. 2022-2026 reflect Census 2022 rebasing."
Net migration (CSO estimate),thousands,1992,7.4,CSO,https://data.cso.ie/table/PEA03,"CSO Population and Migration Estimates; figures in thousands, year to April. 2022-2026 reflect Census 2022 rebasing."
Net migration (CSO estimate),thousands,1993,-0.4,CSO,https://data.cso.ie/table/PEA03,"CSO Population and Migration Estimates; figures in thousands, year to April. 2022-2026 reflect Census 2022 rebasing."
Net migration (CSO estimate),thousands,1994,-4.7,CSO,https://data.cso.ie/table/PEA03,"CSO Population and Migration Estimates; figures in thousands, year to April. 2022-2026 reflect Census 2022 rebasing."
Net migration (CSO estimate),thousands,1995,-1.9,CSO,https://data.cso.ie/table/PEA03,"CSO Population and Migration Estimates; figures in thousands, year to April. 2022-2026 reflect Census 2022 rebasing."
Net migration (CSO estimate),thousands,1996,8.0,CSO,https://data.cso.ie/table/PEA03,"CSO Population and Migration Estimates; figures in thousands, year to April. 2022-2026 reflect Census 2022 rebasing."
Net migration (CSO estimate),thousands,1997,19.2,CSO,https://data.cso.ie/table/PEA03,"CSO Population and Migration Estimates; figures in thousands, year to April. 2022-2026 reflect Census 2022 rebasing."
Net migration (CSO estimate),thousands,1998,17.4,CSO,https://data.cso.ie/table/PEA03,"CSO Population and Migration Estimates; figures in thousands, year to April. 2022-2026 reflect Census 2022 rebasing."
Net migration (CSO estimate),thousands,1999,17.3,CSO,https://data.cso.ie/table/PEA03,"CSO Population and Migration Estimates; figures in thousands, year to April. 2022-2026 reflect Census 2022 rebasing."
Net migration (CSO estimate),thousands,2000,26.0,CSO,https://data.cso.ie/table/PEA03,"CSO Population and Migration Estimates; figures in thousands, year to April. 2022-2026 reflect Census 2022 rebasing."
Net migration (CSO estimate),thousands,2001,32.8,CSO,https://data.cso.ie/table/PEA03,"CSO Population and Migration Estimates; figures in thousands, year to April. 2022-2026 reflect Census 2022 rebasing."
Net migration (CSO estimate),thousands,2002,41.3,CSO,https://data.cso.ie/table/PEA03,"CSO Population and Migration Estimates; figures in thousands, year to April. 2022-2026 reflect Census 2022 rebasing."
Net migration (CSO estimate),thousands,2003,30.7,CSO,https://data.cso.ie/table/PEA03,"CSO Population and Migration Estimates; figures in thousands, year to April. 2022-2026 reflect Census 2022 rebasing."
Net migration (CSO estimate),thousands,2004,32.0,CSO,https://data.cso.ie/table/PEA03,"CSO Population and Migration Estimates; figures in thousands, year to April. 2022-2026 reflect Census 2022 rebasing."
Net migration (CSO estimate),thousands,2005,55.1,CSO,https://data.cso.ie/table/PEA03,"CSO Population and Migration Estimates; figures in thousands, year to April. 2022-2026 reflect Census 2022 rebasing."
Net migration (CSO estimate),thousands,2006,71.8,CSO,https://data.cso.ie/table/PEA03,"CSO Population and Migration Estimates; figures in thousands, year to April. 2022-2026 reflect Census 2022 rebasing."
Net migration (CSO estimate),thousands,2007,104.8,CSO,https://data.cso.ie/table/PEA03,"CSO Population and Migration Estimates; figures in thousands, year to April. 2022-2026 reflect Census 2022 rebasing."
Net migration (CSO estimate),thousands,2008,64.3,CSO,https://data.cso.ie/table/PEA03,"CSO Population and Migration Estimates; figures in thousands, year to April. 2022-2026 reflect Census 2022 rebasing."
Net migration (CSO estimate),thousands,2009,1.6,CSO,https://data.cso.ie/table/PEA03,"CSO Population and Migration Estimates; figures in thousands, year to April. 2022-2026 reflect Census 2022 rebasing."
Net migration (CSO estimate),thousands,2010,-27.5,CSO,https://data.cso.ie/table/PEA03,"CSO Population and Migration Estimates; figures in thousands, year to April. 2022-2026 reflect Census 2022 rebasing."
Net migration (CSO estimate),thousands,2011,-27.4,CSO,https://data.cso.ie/table/PEA03,"CSO Population and Migration Estimates; figures in thousands, year to April. 2022-2026 reflect Census 2022 rebasing."
Net migration (CSO estimate),thousands,2012,-25.7,CSO,https://data.cso.ie/table/PEA03,"CSO Population and Migration Estimates; figures in thousands, year to April. 2022-2026 reflect Census 2022 rebasing."
Net migration (CSO estimate),thousands,2013,-18.7,CSO,https://data.cso.ie/table/PEA03,"CSO Population and Migration Estimates; figures in thousands, year to April. 2022-2026 reflect Census 2022 rebasing."
Net migration (CSO estimate),thousands,2014,-8.5,CSO,https://data.cso.ie/table/PEA03,"CSO Population and Migration Estimates; figures in thousands, year to April. 2022-2026 reflect Census 2022 rebasing."
Net migration (CSO estimate),thousands,2015,5.9,CSO,https://data.cso.ie/table/PEA03,"CSO Population and Migration Estimates; figures in thousands, year to April. 2022-2026 reflect Census 2022 rebasing."
Net migration (CSO estimate),thousands,2016,16.2,CSO,https://data.cso.ie/table/PEA03,"CSO Population and Migration Estimates; figures in thousands, year to April. 2022-2026 reflect Census 2022 rebasing."
Net migration (CSO estimate),thousands,2017,39.2,CSO,https://data.cso.ie/table/PEA03,"CSO Population and Migration Estimates; figures in thousands, year to April. 2022-2026 reflect Census 2022 rebasing."
Net migration (CSO estimate),thousands,2018,44.4,CSO,https://data.cso.ie/table/PEA03,"CSO Population and Migration Estimates; figures in thousands, year to April. 2022-2026 reflect Census 2022 rebasing."
Net migration (CSO estimate),thousands,2019,44.0,CSO,https://data.cso.ie/table/PEA03,"CSO Population and Migration Estimates; figures in thousands, year to April. 2022-2026 reflect Census 2022 rebasing."
Net migration (CSO estimate),thousands,2020,44.7,CSO,https://data.cso.ie/table/PEA03,"CSO Population and Migration Estimates; figures in thousands, year to April. 2022-2026 reflect Census 2022 rebasing."
Net migration (CSO estimate),thousands,2021,21.8,CSO,https://data.cso.ie/table/PEA03,"CSO Population and Migration Estimates; figures in thousands, year to April. 2022-2026 reflect Census 2022 rebasing."
Net migration (CSO estimate),thousands,2022,51.7,CSO,https://data.cso.ie/table/PEA03,"CSO Population and Migration Estimates; figures in thousands, year to April. 2022-2026 reflect Census 2022 rebasing."
Net migration (CSO estimate),thousands,2023,77.7,CSO,https://data.cso.ie/table/PEA03,"CSO Population and Migration Estimates; figures in thousands, year to April. 2022-2026 reflect Census 2022 rebasing."
Net migration (CSO estimate),thousands,2024,79.3,CSO,https://data.cso.ie/table/PEA03,"CSO Population and Migration Estimates; figures in thousands, year to April. 2022-2026 reflect Census 2022 rebasing."
Net migration (CSO estimate),thousands,2025,59.7,CSO,https://data.cso.ie/table/PEA03,"CSO Population and Migration Estimates; figures in thousands, year to April. 2022-2026 reflect Census 2022 rebasing."
Net migration (CSO estimate),thousands,2026,48.1,CSO,https://data.cso.ie/table/PEA03,"CSO Population and Migration Estimates; figures in thousands, year to April. 2022-2026 reflect Census 2022 rebasing."
Visa applications received (all visa types),applications,2017,125676,Dept of Justice / data.gov.ie,https://data.gov.ie/dataset/visa-applications-and-decisions-year-and-month,Summed from published monthly figures.
Visa applications received (all visa types),applications,2018,140533,Dept of Justice / data.gov.ie,https://data.gov.ie/dataset/visa-applications-and-decisions-year-and-month,Summed from published monthly figures.
Visa applications received (all visa types),applications,2019,155760,Dept of Justice / data.gov.ie,https://data.gov.ie/dataset/visa-applications-and-decisions-year-and-month,Summed from published monthly figures.
Visa applications received (all visa types),applications,2020,43871,Dept of Justice / data.gov.ie,https://data.gov.ie/dataset/visa-applications-and-decisions-year-and-month,Summed from published monthly figures.
Visa applications received (all visa types),applications,2021,52253,Dept of Justice / data.gov.ie,https://data.gov.ie/dataset/visa-applications-and-decisions-year-and-month,Summed from published monthly figures.
Visa applications received (all visa types),applications,2022,135732,Dept of Justice / data.gov.ie,https://data.gov.ie/dataset/visa-applications-and-decisions-year-and-month,Summed from published monthly figures.
Visa applications received (all visa types),applications,2023,166656,Dept of Justice / data.gov.ie,https://data.gov.ie/dataset/visa-applications-and-decisions-year-and-month,Summed from published monthly figures.
Visa applications received (all visa types),applications,2024,201687,Dept of Justice / data.gov.ie,https://data.gov.ie/dataset/visa-applications-and-decisions-year-and-month,Summed from published monthly figures.
Visa applications received (all visa types),applications,2025,205618,Dept of Justice / data.gov.ie,https://data.gov.ie/dataset/visa-applications-and-decisions-year-and-month,Summed from published monthly figures.
Visa applications received (all visa types),applications,2026,124315,Dept of Justice / data.gov.ie,https://data.gov.ie/dataset/visa-applications-and-decisions-year-and-month,Summed from published monthly figures. 2026 is a part-year figure (source last updated 31/07/2026).
Visa granted (all visa types),applications,2017,110552,Dept of Justice / data.gov.ie,https://data.gov.ie/dataset/visa-applications-and-decisions-year-and-month,Summed from published monthly figures.
Visa granted (all visa types),applications,2018,121493,Dept of Justice / data.gov.ie,https://data.gov.ie/dataset/visa-applications-and-decisions-year-and-month,Summed from published monthly figures.
Visa granted (all visa types),applications,2019,137603,Dept of Justice / data.gov.ie,https://data.gov.ie/dataset/visa-applications-and-decisions-year-and-month,Summed from published monthly figures.
Visa granted (all visa types),applications,2020,37962,Dept of Justice / data.gov.ie,https://data.gov.ie/dataset/visa-applications-and-decisions-year-and-month,Summed from published monthly figures.
Visa granted (all visa types),applications,2021,42674,Dept of Justice / data.gov.ie,https://data.gov.ie/dataset/visa-applications-and-decisions-year-and-month,Summed from published monthly figures.
Visa granted (all visa types),applications,2022,113881,Dept of Justice / data.gov.ie,https://data.gov.ie/dataset/visa-applications-and-decisions-year-and-month,Summed from published monthly figures.
Visa granted (all visa types),applications,2023,138502,Dept of Justice / data.gov.ie,https://data.gov.ie/dataset/visa-applications-and-decisions-year-and-month,Summed from published monthly figures.
Visa granted (all visa types),applications,2024,159790,Dept of Justice / data.gov.ie,https://data.gov.ie/dataset/visa-applications-and-decisions-year-and-month,Summed from published monthly figures.
Visa granted (all visa types),applications,2025,161497,Dept of Justice / data.gov.ie,https://data.gov.ie/dataset/visa-applications-and-decisions-year-and-month,Summed from published monthly figures.
Visa granted (all visa types),applications,2026,85704,Dept of Justice / data.gov.ie,https://data.gov.ie/dataset/visa-applications-and-decisions-year-and-month,Summed from published monthly figures. 2026 is a part-year figure (source last updated 31/07/2026).
Visa refused (all visa types),applications,2017,15973,Dept of Justice / data.gov.ie,https://data.gov.ie/dataset/visa-applications-and-decisions-year-and-month,Summed from published monthly figures.
Visa refused (all visa types),applications,2018,18454,Dept of Justice / data.gov.ie,https://data.gov.ie/dataset/visa-applications-and-decisions-year-and-month,Summed from published monthly figures.
Visa refused (all visa types),applications,2019,18504,Dept of Justice / data.gov.ie,https://data.gov.ie/dataset/visa-applications-and-decisions-year-and-month,Summed from published monthly figures.
Visa refused (all visa types),applications,2020,5752,Dept of Justice / data.gov.ie,https://data.gov.ie/dataset/visa-applications-and-decisions-year-and-month,Summed from published monthly figures.
Visa refused (all visa types),applications,2021,4565,Dept of Justice / data.gov.ie,https://data.gov.ie/dataset/visa-applications-and-decisions-year-and-month,Summed from published monthly figures.
Visa refused (all visa types),applications,2022,16317,Dept of Justice / data.gov.ie,https://data.gov.ie/dataset/visa-applications-and-decisions-year-and-month,Summed from published monthly figures.
Visa refused (all visa types),applications,2023,21610,Dept of Justice / data.gov.ie,https://data.gov.ie/dataset/visa-applications-and-decisions-year-and-month,Summed from published monthly figures.
Visa refused (all visa types),applications,2024,28841,Dept of Justice / data.gov.ie,https://data.gov.ie/dataset/visa-applications-and-decisions-year-and-month,Summed from published monthly figures.
Visa refused (all visa types),applications,2025,35913,Dept of Justice / data.gov.ie,https://data.gov.ie/dataset/visa-applications-and-decisions-year-and-month,Summed from published monthly figures.
Visa refused (all visa types),applications,2026,18866,Dept of Justice / data.gov.ie,https://data.gov.ie/dataset/visa-applications-and-decisions-year-and-month,Summed from published monthly figures. 2026 is a part-year figure (source last updated 31/07/2026).
