dataset,type,status,year,value,note
Domestic Residence & Permissions applications and decisions - year and month,Domestic Residence & Permissions applications,Granted,2017,4109,summed from published monthly figures
Domestic Residence & Permissions applications and decisions - year and month,Domestic Residence & Permissions applications,Granted,2018,6781,summed from published monthly figures
Domestic Residence & Permissions applications and decisions - year and month,Domestic Residence & Permissions applications,Granted,2019,7355,summed from published monthly figures
Domestic Residence & Permissions applications and decisions - year and month,Domestic Residence & Permissions applications,Granted,2020,6326,summed from published monthly figures
Domestic Residence & Permissions applications and decisions - year and month,Domestic Residence & Permissions applications,Granted,2021,10178,summed from published monthly figures
Domestic Residence & Permissions applications and decisions - year and month,Domestic Residence & Permissions applications,Granted,2022,18645,summed from published monthly figures
Domestic Residence & Permissions applications and decisions - year and month,Domestic Residence & Permissions applications,Granted,2023,20025,summed from published monthly figures
Domestic Residence & Permissions applications and decisions - year and month,Domestic Residence & Permissions applications,Granted,2024,20319,summed from published monthly figures
Domestic Residence & Permissions applications and decisions - year and month,Domestic Residence & Permissions applications,Received,2017,6796,summed from published monthly figures
Domestic Residence & Permissions applications and decisions - year and month,Domestic Residence & Permissions applications,Received,2018,10080,summed from published monthly figures
Domestic Residence & Permissions applications and decisions - year and month,Domestic Residence & Permissions applications,Received,2019,10170,summed from published monthly figures
Domestic Residence & Permissions applications and decisions - year and month,Domestic Residence & Permissions applications,Received,2020,8484,summed from published monthly figures
Domestic Residence & Permissions applications and decisions - year and month,Domestic Residence & Permissions applications,Received,2021,11640,summed from published monthly figures
Domestic Residence & Permissions applications and decisions - year and month,Domestic Residence & Permissions applications,Received,2022,27676,summed from published monthly figures
Domestic Residence & Permissions applications and decisions - year and month,Domestic Residence & Permissions applications,Received,2023,27695,summed from published monthly figures
Domestic Residence & Permissions applications and decisions - year and month,Domestic Residence & Permissions applications,Received,2024,21835,summed from published monthly figures
Domestic Residence & Permissions applications and decisions - year and month,Domestic Residence & Permissions applications,Refused,2017,1208,summed from published monthly figures
Domestic Residence & Permissions applications and decisions - year and month,Domestic Residence & Permissions applications,Refused,2018,2503,summed from published monthly figures
Domestic Residence & Permissions applications and decisions - year and month,Domestic Residence & Permissions applications,Refused,2019,3190,summed from published monthly figures
Domestic Residence & Permissions applications and decisions - year and month,Domestic Residence & Permissions applications,Refused,2020,2006,summed from published monthly figures
Domestic Residence & Permissions applications and decisions - year and month,Domestic Residence & Permissions applications,Refused,2021,1935,summed from published monthly figures
Domestic Residence & Permissions applications and decisions - year and month,Domestic Residence & Permissions applications,Refused,2022,2602,summed from published monthly figures
Domestic Residence & Permissions applications and decisions - year and month,Domestic Residence & Permissions applications,Refused,2023,4665,summed from published monthly figures
Domestic Residence & Permissions applications and decisions - year and month,Domestic Residence & Permissions applications,Refused,2024,3862,summed from published monthly figures
EU Treaty Rights applications and decisions by year and month,EU1 - Residence Card,Granted,2017,2401,summed from published monthly figures
EU Treaty Rights applications and decisions by year and month,EU1 - Residence Card,Granted,2018,2532,summed from published monthly figures
EU Treaty Rights applications and decisions by year and month,EU1 - Residence Card,Granted,2019,4054,summed from published monthly figures
EU Treaty Rights applications and decisions by year and month,EU1 - Residence Card,Granted,2020,1499,summed from published monthly figures
EU Treaty Rights applications and decisions by year and month,EU1 - Residence Card,Granted,2021,2893,summed from published monthly figures
EU Treaty Rights applications and decisions by year and month,EU1 - Residence Card,Granted,2022,3448,summed from published monthly figures
EU Treaty Rights applications and decisions by year and month,EU1 - Residence Card,Granted,2023,4580,summed from published monthly figures
EU Treaty Rights applications and decisions by year and month,EU1 - Residence Card,Granted,2024,4155,summed from published monthly figures
EU Treaty Rights applications and decisions by year and month,EU1 - Residence Card,Granted,2025,4506,summed from published monthly figures
EU Treaty Rights applications and decisions by year and month,EU1 - Residence Card,Granted,2026,1364,summed from published monthly figures
EU Treaty Rights applications and decisions by year and month,EU1 - Residence Card,Received,2017,3767,summed from published monthly figures
EU Treaty Rights applications and decisions by year and month,EU1 - Residence Card,Received,2018,3667,summed from published monthly figures
EU Treaty Rights applications and decisions by year and month,EU1 - Residence Card,Received,2019,4145,summed from published monthly figures
EU Treaty Rights applications and decisions by year and month,EU1 - Residence Card,Received,2020,2736,summed from published monthly figures
EU Treaty Rights applications and decisions by year and month,EU1 - Residence Card,Received,2021,2463,summed from published monthly figures
EU Treaty Rights applications and decisions by year and month,EU1 - Residence Card,Received,2022,4144,summed from published monthly figures
EU Treaty Rights applications and decisions by year and month,EU1 - Residence Card,Received,2023,4276,summed from published monthly figures
EU Treaty Rights applications and decisions by year and month,EU1 - Residence Card,Received,2024,5060,summed from published monthly figures
EU Treaty Rights applications and decisions by year and month,EU1 - Residence Card,Received,2025,4689,summed from published monthly figures
EU Treaty Rights applications and decisions by year and month,EU1 - Residence Card,Received,2026,424,summed from published monthly figures
EU Treaty Rights applications and decisions by year and month,EU1 - Residence Card,Refused,2017,1563,summed from published monthly figures
EU Treaty Rights applications and decisions by year and month,EU1 - Residence Card,Refused,2018,975,summed from published monthly figures
EU Treaty Rights applications and decisions by year and month,EU1 - Residence Card,Refused,2019,735,summed from published monthly figures
EU Treaty Rights applications and decisions by year and month,EU1 - Residence Card,Refused,2020,232,summed from published monthly figures
EU Treaty Rights applications and decisions by year and month,EU1 - Residence Card,Refused,2021,460,summed from published monthly figures
EU Treaty Rights applications and decisions by year and month,EU1 - Residence Card,Refused,2022,563,summed from published monthly figures
EU Treaty Rights applications and decisions by year and month,EU1 - Residence Card,Refused,2023,475,summed from published monthly figures
EU Treaty Rights applications and decisions by year and month,EU1 - Residence Card,Refused,2024,340,summed from published monthly figures
EU Treaty Rights applications and decisions by year and month,EU1 - Residence Card,Refused,2025,551,summed from published monthly figures
EU Treaty Rights applications and decisions by year and month,EU1 - Residence Card,Refused,2026,253,summed from published monthly figures
EU Treaty Rights applications and decisions by year and month,EU2 - Permanent Residence Certificate,Granted,2017,40,summed from published monthly figures
EU Treaty Rights applications and decisions by year and month,EU2 - Permanent Residence Certificate,Granted,2018,25,summed from published monthly figures
EU Treaty Rights applications and decisions by year and month,EU2 - Permanent Residence Certificate,Granted,2019,38,summed from published monthly figures
EU Treaty Rights applications and decisions by year and month,EU2 - Permanent Residence Certificate,Granted,2020,7,summed from published monthly figures
EU Treaty Rights applications and decisions by year and month,EU2 - Permanent Residence Certificate,Granted,2021,36,summed from published monthly figures
EU Treaty Rights applications and decisions by year and month,EU2 - Permanent Residence Certificate,Granted,2022,18,summed from published monthly figures
EU Treaty Rights applications and decisions by year and month,EU2 - Permanent Residence Certificate,Granted,2023,19,summed from published monthly figures
EU Treaty Rights applications and decisions by year and month,EU2 - Permanent Residence Certificate,Granted,2024,6,summed from published monthly figures
EU Treaty Rights applications and decisions by year and month,EU2 - Permanent Residence Certificate,Granted,2025,0,summed from published monthly figures
EU Treaty Rights applications and decisions by year and month,EU2 - Permanent Residence Certificate,Granted,2026,6,summed from published monthly figures
EU Treaty Rights applications and decisions by year and month,EU2 - Permanent Residence Certificate,Received,2017,71,summed from published monthly figures
EU Treaty Rights applications and decisions by year and month,EU2 - Permanent Residence Certificate,Received,2018,14,summed from published monthly figures
EU Treaty Rights applications and decisions by year and month,EU2 - Permanent Residence Certificate,Received,2019,40,summed from published monthly figures
EU Treaty Rights applications and decisions by year and month,EU2 - Permanent Residence Certificate,Received,2020,38,summed from published monthly figures
EU Treaty Rights applications and decisions by year and month,EU2 - Permanent Residence Certificate,Received,2021,28,summed from published monthly figures
EU Treaty Rights applications and decisions by year and month,EU2 - Permanent Residence Certificate,Received,2022,13,summed from published monthly figures
EU Treaty Rights applications and decisions by year and month,EU2 - Permanent Residence Certificate,Received,2023,0,summed from published monthly figures
EU Treaty Rights applications and decisions by year and month,EU2 - Permanent Residence Certificate,Received,2024,0,summed from published monthly figures
EU Treaty Rights applications and decisions by year and month,EU2 - Permanent Residence Certificate,Received,2025,0,summed from published monthly figures
EU Treaty Rights applications and decisions by year and month,EU2 - Permanent Residence Certificate,Received,2026,16,summed from published monthly figures
EU Treaty Rights applications and decisions by year and month,EU2 - Permanent Residence Certificate,Refused,2017,0,summed from published monthly figures
EU Treaty Rights applications and decisions by year and month,EU2 - Permanent Residence Certificate,Refused,2018,0,summed from published monthly figures
EU Treaty Rights applications and decisions by year and month,EU2 - Permanent Residence Certificate,Refused,2019,0,summed from published monthly figures
EU Treaty Rights applications and decisions by year and month,EU2 - Permanent Residence Certificate,Refused,2020,0,summed from published monthly figures
EU Treaty Rights applications and decisions by year and month,EU2 - Permanent Residence Certificate,Refused,2021,0,summed from published monthly figures
EU Treaty Rights applications and decisions by year and month,EU2 - Permanent Residence Certificate,Refused,2022,0,summed from published monthly figures
EU Treaty Rights applications and decisions by year and month,EU2 - Permanent Residence Certificate,Refused,2023,0,summed from published monthly figures
EU Treaty Rights applications and decisions by year and month,EU2 - Permanent Residence Certificate,Refused,2024,0,summed from published monthly figures
EU Treaty Rights applications and decisions by year and month,EU2 - Permanent Residence Certificate,Refused,2025,0,summed from published monthly figures
EU Treaty Rights applications and decisions by year and month,EU2 - Permanent Residence Certificate,Refused,2026,0,summed from published monthly figures
EU Treaty Rights applications and decisions by year and month,EU3 - Permanent Residence Card,Granted,2017,340,summed from published monthly figures
EU Treaty Rights applications and decisions by year and month,EU3 - Permanent Residence Card,Granted,2018,438,summed from published monthly figures
EU Treaty Rights applications and decisions by year and month,EU3 - Permanent Residence Card,Granted,2019,522,summed from published monthly figures
EU Treaty Rights applications and decisions by year and month,EU3 - Permanent Residence Card,Granted,2020,200,summed from published monthly figures
EU Treaty Rights applications and decisions by year and month,EU3 - Permanent Residence Card,Granted,2021,948,summed from published monthly figures
EU Treaty Rights applications and decisions by year and month,EU3 - Permanent Residence Card,Granted,2022,2150,summed from published monthly figures
EU Treaty Rights applications and decisions by year and month,EU3 - Permanent Residence Card,Granted,2023,1727,summed from published monthly figures
EU Treaty Rights applications and decisions by year and month,EU3 - Permanent Residence Card,Granted,2024,1997,summed from published monthly figures
EU Treaty Rights applications and decisions by year and month,EU3 - Permanent Residence Card,Granted,2025,976,summed from published monthly figures
EU Treaty Rights applications and decisions by year and month,EU3 - Permanent Residence Card,Granted,2026,405,summed from published monthly figures
EU Treaty Rights applications and decisions by year and month,EU3 - Permanent Residence Card,Received,2017,531,summed from published monthly figures
EU Treaty Rights applications and decisions by year and month,EU3 - Permanent Residence Card,Received,2018,722,summed from published monthly figures
EU Treaty Rights applications and decisions by year and month,EU3 - Permanent Residence Card,Received,2019,920,summed from published monthly figures
EU Treaty Rights applications and decisions by year and month,EU3 - Permanent Residence Card,Received,2020,1115,summed from published monthly figures
EU Treaty Rights applications and decisions by year and month,EU3 - Permanent Residence Card,Received,2021,1328,summed from published monthly figures
EU Treaty Rights applications and decisions by year and month,EU3 - Permanent Residence Card,Received,2022,1505,summed from published monthly figures
EU Treaty Rights applications and decisions by year and month,EU3 - Permanent Residence Card,Received,2023,1968,summed from published monthly figures
EU Treaty Rights applications and decisions by year and month,EU3 - Permanent Residence Card,Received,2024,2230,summed from published monthly figures
EU Treaty Rights applications and decisions by year and month,EU3 - Permanent Residence Card,Received,2025,964,summed from published monthly figures
EU Treaty Rights applications and decisions by year and month,EU3 - Permanent Residence Card,Received,2026,882,summed from published monthly figures
EU Treaty Rights applications and decisions by year and month,EU3 - Permanent Residence Card,Refused,2017,142,summed from published monthly figures
EU Treaty Rights applications and decisions by year and month,EU3 - Permanent Residence Card,Refused,2018,107,summed from published monthly figures
EU Treaty Rights applications and decisions by year and month,EU3 - Permanent Residence Card,Refused,2019,167,summed from published monthly figures
EU Treaty Rights applications and decisions by year and month,EU3 - Permanent Residence Card,Refused,2020,29,summed from published monthly figures
EU Treaty Rights applications and decisions by year and month,EU3 - Permanent Residence Card,Refused,2021,104,summed from published monthly figures
EU Treaty Rights applications and decisions by year and month,EU3 - Permanent Residence Card,Refused,2022,310,summed from published monthly figures
EU Treaty Rights applications and decisions by year and month,EU3 - Permanent Residence Card,Refused,2023,379,summed from published monthly figures
EU Treaty Rights applications and decisions by year and month,EU3 - Permanent Residence Card,Refused,2024,107,summed from published monthly figures
EU Treaty Rights applications and decisions by year and month,EU3 - Permanent Residence Card,Refused,2025,594,summed from published monthly figures
EU Treaty Rights applications and decisions by year and month,EU3 - Permanent Residence Card,Refused,2026,106,summed from published monthly figures
EU Treaty Rights applications and decisions by year and month,EU4 - Appeal / Review,Granted,2017,146,summed from published monthly figures
EU Treaty Rights applications and decisions by year and month,EU4 - Appeal / Review,Granted,2018,118,summed from published monthly figures
EU Treaty Rights applications and decisions by year and month,EU4 - Appeal / Review,Granted,2019,360,summed from published monthly figures
EU Treaty Rights applications and decisions by year and month,EU4 - Appeal / Review,Granted,2020,61,summed from published monthly figures
EU Treaty Rights applications and decisions by year and month,EU4 - Appeal / Review,Granted,2021,293,summed from published monthly figures
EU Treaty Rights applications and decisions by year and month,EU4 - Appeal / Review,Granted,2022,246,summed from published monthly figures
EU Treaty Rights applications and decisions by year and month,EU4 - Appeal / Review,Granted,2023,168,summed from published monthly figures
EU Treaty Rights applications and decisions by year and month,EU4 - Appeal / Review,Granted,2024,152,summed from published monthly figures
EU Treaty Rights applications and decisions by year and month,EU4 - Appeal / Review,Granted,2025,162,summed from published monthly figures
EU Treaty Rights applications and decisions by year and month,EU4 - Appeal / Review,Received,2017,1994,summed from published monthly figures
EU Treaty Rights applications and decisions by year and month,EU4 - Appeal / Review,Received,2018,1093,summed from published monthly figures
EU Treaty Rights applications and decisions by year and month,EU4 - Appeal / Review,Received,2019,972,summed from published monthly figures
EU Treaty Rights applications and decisions by year and month,EU4 - Appeal / Review,Received,2020,291,summed from published monthly figures
EU Treaty Rights applications and decisions by year and month,EU4 - Appeal / Review,Received,2021,610,summed from published monthly figures
EU Treaty Rights applications and decisions by year and month,EU4 - Appeal / Review,Received,2022,286,summed from published monthly figures
EU Treaty Rights applications and decisions by year and month,EU4 - Appeal / Review,Received,2023,257,summed from published monthly figures
EU Treaty Rights applications and decisions by year and month,EU4 - Appeal / Review,Received,2024,192,summed from published monthly figures
EU Treaty Rights applications and decisions by year and month,EU4 - Appeal / Review,Received,2025,479,summed from published monthly figures
EU Treaty Rights applications and decisions by year and month,EU4 - Appeal / Review,Received,2026,208,summed from published monthly figures
EU Treaty Rights applications and decisions by year and month,EU4 - Appeal / Review,Refused,2017,860,summed from published monthly figures
EU Treaty Rights applications and decisions by year and month,EU4 - Appeal / Review,Refused,2018,592,summed from published monthly figures
EU Treaty Rights applications and decisions by year and month,EU4 - Appeal / Review,Refused,2019,540,summed from published monthly figures
EU Treaty Rights applications and decisions by year and month,EU4 - Appeal / Review,Refused,2020,502,summed from published monthly figures
EU Treaty Rights applications and decisions by year and month,EU4 - Appeal / Review,Refused,2021,904,summed from published monthly figures
EU Treaty Rights applications and decisions by year and month,EU4 - Appeal / Review,Refused,2022,663,summed from published monthly figures
EU Treaty Rights applications and decisions by year and month,EU4 - Appeal / Review,Refused,2023,313,summed from published monthly figures
EU Treaty Rights applications and decisions by year and month,EU4 - Appeal / Review,Refused,2024,525,summed from published monthly figures
EU Treaty Rights applications and decisions by year and month,EU4 - Appeal / Review,Refused,2025,264,summed from published monthly figures
EU Treaty Rights applications and decisions by year and month,EU4 - Appeal / Review,Refused,2026,53,summed from published monthly figures
EU Treaty Rights applications and decisions by year and month,EU5 - Retention,Granted,2017,12,summed from published monthly figures
EU Treaty Rights applications and decisions by year and month,EU5 - Retention,Granted,2018,34,summed from published monthly figures
EU Treaty Rights applications and decisions by year and month,EU5 - Retention,Granted,2019,32,summed from published monthly figures
EU Treaty Rights applications and decisions by year and month,EU5 - Retention,Granted,2020,0,summed from published monthly figures
EU Treaty Rights applications and decisions by year and month,EU5 - Retention,Granted,2021,87,summed from published monthly figures
EU Treaty Rights applications and decisions by year and month,EU5 - Retention,Granted,2022,29,summed from published monthly figures
EU Treaty Rights applications and decisions by year and month,EU5 - Retention,Granted,2023,76,summed from published monthly figures
EU Treaty Rights applications and decisions by year and month,EU5 - Retention,Granted,2024,63,summed from published monthly figures
EU Treaty Rights applications and decisions by year and month,EU5 - Retention,Granted,2025,39,summed from published monthly figures
EU Treaty Rights applications and decisions by year and month,EU5 - Retention,Granted,2026,0,summed from published monthly figures
EU Treaty Rights applications and decisions by year and month,EU5 - Retention,Received,2017,229,summed from published monthly figures
EU Treaty Rights applications and decisions by year and month,EU5 - Retention,Received,2018,237,summed from published monthly figures
EU Treaty Rights applications and decisions by year and month,EU5 - Retention,Received,2019,250,summed from published monthly figures
EU Treaty Rights applications and decisions by year and month,EU5 - Retention,Received,2020,267,summed from published monthly figures
EU Treaty Rights applications and decisions by year and month,EU5 - Retention,Received,2021,200,summed from published monthly figures
EU Treaty Rights applications and decisions by year and month,EU5 - Retention,Received,2022,124,summed from published monthly figures
EU Treaty Rights applications and decisions by year and month,EU5 - Retention,Received,2023,154,summed from published monthly figures
EU Treaty Rights applications and decisions by year and month,EU5 - Retention,Received,2024,106,summed from published monthly figures
EU Treaty Rights applications and decisions by year and month,EU5 - Retention,Received,2025,131,summed from published monthly figures
EU Treaty Rights applications and decisions by year and month,EU5 - Retention,Received,2026,41,summed from published monthly figures
EU Treaty Rights applications and decisions by year and month,EU5 - Retention,Refused,2017,200,summed from published monthly figures
EU Treaty Rights applications and decisions by year and month,EU5 - Retention,Refused,2018,145,summed from published monthly figures
EU Treaty Rights applications and decisions by year and month,EU5 - Retention,Refused,2019,147,summed from published monthly figures
EU Treaty Rights applications and decisions by year and month,EU5 - Retention,Refused,2020,72,summed from published monthly figures
EU Treaty Rights applications and decisions by year and month,EU5 - Retention,Refused,2021,395,summed from published monthly figures
EU Treaty Rights applications and decisions by year and month,EU5 - Retention,Refused,2022,158,summed from published monthly figures
EU Treaty Rights applications and decisions by year and month,EU5 - Retention,Refused,2023,59,summed from published monthly figures
EU Treaty Rights applications and decisions by year and month,EU5 - Retention,Refused,2024,32,summed from published monthly figures
EU Treaty Rights applications and decisions by year and month,EU5 - Retention,Refused,2025,41,summed from published monthly figures
EU Treaty Rights applications and decisions by year and month,EU5 - Retention,Refused,2026,6,summed from published monthly figures
EU Treaty Rights applications and decisions by year and month,EUCC - EU Citizen Child,Granted,2017,0,summed from published monthly figures
EU Treaty Rights applications and decisions by year and month,EUCC - EU Citizen Child,Granted,2018,33,summed from published monthly figures
EU Treaty Rights applications and decisions by year and month,EUCC - EU Citizen Child,Granted,2019,6,summed from published monthly figures
EU Treaty Rights applications and decisions by year and month,EUCC - EU Citizen Child,Granted,2020,0,summed from published monthly figures
EU Treaty Rights applications and decisions by year and month,EUCC - EU Citizen Child,Granted,2021,39,summed from published monthly figures
EU Treaty Rights applications and decisions by year and month,EUCC - EU Citizen Child,Granted,2022,54,summed from published monthly figures
EU Treaty Rights applications and decisions by year and month,EUCC - EU Citizen Child,Granted,2023,91,summed from published monthly figures
EU Treaty Rights applications and decisions by year and month,EUCC - EU Citizen Child,Granted,2024,63,summed from published monthly figures
EU Treaty Rights applications and decisions by year and month,EUCC - EU Citizen Child,Granted,2025,173,summed from published monthly figures
EU Treaty Rights applications and decisions by year and month,EUCC - EU Citizen Child,Granted,2026,40,summed from published monthly figures
EU Treaty Rights applications and decisions by year and month,EUCC - EU Citizen Child,Received,2017,31,summed from published monthly figures
EU Treaty Rights applications and decisions by year and month,EUCC - EU Citizen Child,Received,2018,51,summed from published monthly figures
EU Treaty Rights applications and decisions by year and month,EUCC - EU Citizen Child,Received,2019,43,summed from published monthly figures
EU Treaty Rights applications and decisions by year and month,EUCC - EU Citizen Child,Received,2020,37,summed from published monthly figures
EU Treaty Rights applications and decisions by year and month,EUCC - EU Citizen Child,Received,2021,13,summed from published monthly figures
EU Treaty Rights applications and decisions by year and month,EUCC - EU Citizen Child,Received,2022,39,summed from published monthly figures
EU Treaty Rights applications and decisions by year and month,EUCC - EU Citizen Child,Received,2023,96,summed from published monthly figures
EU Treaty Rights applications and decisions by year and month,EUCC - EU Citizen Child,Received,2024,174,summed from published monthly figures
EU Treaty Rights applications and decisions by year and month,EUCC - EU Citizen Child,Received,2025,197,summed from published monthly figures
EU Treaty Rights applications and decisions by year and month,EUCC - EU Citizen Child,Received,2026,104,summed from published monthly figures
EU Treaty Rights applications and decisions by year and month,EUCC - EU Citizen Child,Refused,2017,0,summed from published monthly figures
EU Treaty Rights applications and decisions by year and month,EUCC - EU Citizen Child,Refused,2018,0,summed from published monthly figures
EU Treaty Rights applications and decisions by year and month,EUCC - EU Citizen Child,Refused,2019,0,summed from published monthly figures
EU Treaty Rights applications and decisions by year and month,EUCC - EU Citizen Child,Refused,2020,0,summed from published monthly figures
EU Treaty Rights applications and decisions by year and month,EUCC - EU Citizen Child,Refused,2021,0,summed from published monthly figures
EU Treaty Rights applications and decisions by year and month,EUCC - EU Citizen Child,Refused,2022,0,summed from published monthly figures
EU Treaty Rights applications and decisions by year and month,EUCC - EU Citizen Child,Refused,2023,0,summed from published monthly figures
EU Treaty Rights applications and decisions by year and month,EUCC - EU Citizen Child,Refused,2024,8,summed from published monthly figures
EU Treaty Rights applications and decisions by year and month,EUCC - EU Citizen Child,Refused,2025,47,summed from published monthly figures
EU Treaty Rights applications and decisions by year and month,EUCC - EU Citizen Child,Refused,2026,0,summed from published monthly figures
EU Treaty Rights applications and decisions by year and month,EUPA - EU Permitted Family Member Assessment,Granted,2017,259,summed from published monthly figures
EU Treaty Rights applications and decisions by year and month,EUPA - EU Permitted Family Member Assessment,Granted,2018,282,summed from published monthly figures
EU Treaty Rights applications and decisions by year and month,EUPA - EU Permitted Family Member Assessment,Granted,2019,315,summed from published monthly figures
EU Treaty Rights applications and decisions by year and month,EUPA - EU Permitted Family Member Assessment,Granted,2020,283,summed from published monthly figures
EU Treaty Rights applications and decisions by year and month,EUPA - EU Permitted Family Member Assessment,Granted,2021,338,summed from published monthly figures
EU Treaty Rights applications and decisions by year and month,EUPA - EU Permitted Family Member Assessment,Granted,2022,304,summed from published monthly figures
EU Treaty Rights applications and decisions by year and month,EUPA - EU Permitted Family Member Assessment,Granted,2023,280,summed from published monthly figures
EU Treaty Rights applications and decisions by year and month,EUPA - EU Permitted Family Member Assessment,Granted,2024,508,summed from published monthly figures
EU Treaty Rights applications and decisions by year and month,EUPA - EU Permitted Family Member Assessment,Granted,2025,348,summed from published monthly figures
EU Treaty Rights applications and decisions by year and month,EUPA - EU Permitted Family Member Assessment,Granted,2026,37,summed from published monthly figures
EU Treaty Rights applications and decisions by year and month,EUPA - EU Permitted Family Member Assessment,Received,2017,738,summed from published monthly figures
EU Treaty Rights applications and decisions by year and month,EUPA - EU Permitted Family Member Assessment,Received,2018,487,summed from published monthly figures
EU Treaty Rights applications and decisions by year and month,EUPA - EU Permitted Family Member Assessment,Received,2019,477,summed from published monthly figures
EU Treaty Rights applications and decisions by year and month,EUPA - EU Permitted Family Member Assessment,Received,2020,435,summed from published monthly figures
EU Treaty Rights applications and decisions by year and month,EUPA - EU Permitted Family Member Assessment,Received,2021,407,summed from published monthly figures
EU Treaty Rights applications and decisions by year and month,EUPA - EU Permitted Family Member Assessment,Received,2022,598,summed from published monthly figures
EU Treaty Rights applications and decisions by year and month,EUPA - EU Permitted Family Member Assessment,Received,2023,493,summed from published monthly figures
EU Treaty Rights applications and decisions by year and month,EUPA - EU Permitted Family Member Assessment,Received,2024,488,summed from published monthly figures
EU Treaty Rights applications and decisions by year and month,EUPA - EU Permitted Family Member Assessment,Received,2025,489,summed from published monthly figures
EU Treaty Rights applications and decisions by year and month,EUPA - EU Permitted Family Member Assessment,Received,2026,31,summed from published monthly figures
EU Treaty Rights applications and decisions by year and month,EUPA - EU Permitted Family Member Assessment,Refused,2017,1465,summed from published monthly figures
EU Treaty Rights applications and decisions by year and month,EUPA - EU Permitted Family Member Assessment,Refused,2018,250,summed from published monthly figures
EU Treaty Rights applications and decisions by year and month,EUPA - EU Permitted Family Member Assessment,Refused,2019,170,summed from published monthly figures
EU Treaty Rights applications and decisions by year and month,EUPA - EU Permitted Family Member Assessment,Refused,2020,84,summed from published monthly figures
EU Treaty Rights applications and decisions by year and month,EUPA - EU Permitted Family Member Assessment,Refused,2021,110,summed from published monthly figures
EU Treaty Rights applications and decisions by year and month,EUPA - EU Permitted Family Member Assessment,Refused,2022,186,summed from published monthly figures
EU Treaty Rights applications and decisions by year and month,EUPA - EU Permitted Family Member Assessment,Refused,2023,178,summed from published monthly figures
EU Treaty Rights applications and decisions by year and month,EUPA - EU Permitted Family Member Assessment,Refused,2024,47,summed from published monthly figures
EU Treaty Rights applications and decisions by year and month,EUPA - EU Permitted Family Member Assessment,Refused,2025,150,summed from published monthly figures
EU Treaty Rights applications and decisions by year and month,EUPA - EU Permitted Family Member Assessment,Refused,2026,24,summed from published monthly figures
Family Reunification applications and decisions by year and month,FRU - International Protection by Applicant,Granted,2017,51,summed from published monthly figures
Family Reunification applications and decisions by year and month,FRU - International Protection by Applicant,Granted,2018,200,summed from published monthly figures
Family Reunification applications and decisions by year and month,FRU - International Protection by Applicant,Granted,2019,250,summed from published monthly figures
Family Reunification applications and decisions by year and month,FRU - International Protection by Applicant,Granted,2020,190,summed from published monthly figures
Family Reunification applications and decisions by year and month,FRU - International Protection by Applicant,Granted,2021,482,summed from published monthly figures
Family Reunification applications and decisions by year and month,FRU - International Protection by Applicant,Granted,2022,474,summed from published monthly figures
Family Reunification applications and decisions by year and month,FRU - International Protection by Applicant,Granted,2023,404,summed from published monthly figures
Family Reunification applications and decisions by year and month,FRU - International Protection by Applicant,Granted,2024,979,summed from published monthly figures
Family Reunification applications and decisions by year and month,FRU - International Protection by Applicant,Granted,2025,673,summed from published monthly figures
Family Reunification applications and decisions by year and month,FRU - International Protection by Applicant,Granted,2026,278,summed from published monthly figures
Family Reunification applications and decisions by year and month,FRU - International Protection by Applicant,Received,2017,1089,summed from published monthly figures
Family Reunification applications and decisions by year and month,FRU - International Protection by Applicant,Received,2018,975,summed from published monthly figures
Family Reunification applications and decisions by year and month,FRU - International Protection by Applicant,Received,2019,747,summed from published monthly figures
Family Reunification applications and decisions by year and month,FRU - International Protection by Applicant,Received,2020,1044,summed from published monthly figures
Family Reunification applications and decisions by year and month,FRU - International Protection by Applicant,Received,2021,1217,summed from published monthly figures
Family Reunification applications and decisions by year and month,FRU - International Protection by Applicant,Received,2022,2353,summed from published monthly figures
Family Reunification applications and decisions by year and month,FRU - International Protection by Applicant,Received,2023,2564,summed from published monthly figures
Family Reunification applications and decisions by year and month,FRU - International Protection by Applicant,Received,2024,4475,summed from published monthly figures
Family Reunification applications and decisions by year and month,FRU - International Protection by Applicant,Received,2025,4147,summed from published monthly figures
Family Reunification applications and decisions by year and month,FRU - International Protection by Applicant,Received,2026,2363,summed from published monthly figures
Family Reunification applications and decisions by year and month,FRU - International Protection by Applicant,Refused,2017,0,summed from published monthly figures
Family Reunification applications and decisions by year and month,FRU - International Protection by Applicant,Refused,2018,90,summed from published monthly figures
Family Reunification applications and decisions by year and month,FRU - International Protection by Applicant,Refused,2019,0,summed from published monthly figures
Family Reunification applications and decisions by year and month,FRU - International Protection by Applicant,Refused,2020,0,summed from published monthly figures
Family Reunification applications and decisions by year and month,FRU - International Protection by Applicant,Refused,2021,25,summed from published monthly figures
Family Reunification applications and decisions by year and month,FRU - International Protection by Applicant,Refused,2022,87,summed from published monthly figures
Family Reunification applications and decisions by year and month,FRU - International Protection by Applicant,Refused,2023,12,summed from published monthly figures
Family Reunification applications and decisions by year and month,FRU - International Protection by Applicant,Refused,2024,132,summed from published monthly figures
Family Reunification applications and decisions by year and month,FRU - International Protection by Applicant,Refused,2025,160,summed from published monthly figures
Family Reunification applications and decisions by year and month,FRU - International Protection by Applicant,Refused,2026,173,summed from published monthly figures
Family Reunification applications and decisions by year and month,FRU - International Protection by Application,Received,2017,440,summed from published monthly figures
Family Reunification applications and decisions by year and month,FRU - International Protection by Application,Received,2018,319,summed from published monthly figures
Family Reunification applications and decisions by year and month,FRU - International Protection by Application,Received,2019,312,summed from published monthly figures
Family Reunification applications and decisions by year and month,FRU - International Protection by Application,Received,2020,424,summed from published monthly figures
Family Reunification applications and decisions by year and month,FRU - International Protection by Application,Received,2021,454,summed from published monthly figures
Family Reunification applications and decisions by year and month,FRU - International Protection by Application,Received,2022,807,summed from published monthly figures
Family Reunification applications and decisions by year and month,FRU - International Protection by Application,Received,2023,872,summed from published monthly figures
Family Reunification applications and decisions by year and month,FRU - International Protection by Application,Received,2024,1465,summed from published monthly figures
Family Reunification applications and decisions by year and month,FRU - International Protection by Application,Received,2025,1423,summed from published monthly figures
Family Reunification applications and decisions by year and month,FRU - International Protection by Application,Received,2026,793,summed from published monthly figures
Visa applications and decisions - year and month,long term visa applications,Granted,2017,20057,summed from published monthly figures
Visa applications and decisions - year and month,long term visa applications,Granted,2018,22421,summed from published monthly figures
Visa applications and decisions - year and month,long term visa applications,Granted,2019,28664,summed from published monthly figures
Visa applications and decisions - year and month,long term visa applications,Granted,2020,20232,summed from published monthly figures
Visa applications and decisions - year and month,long term visa applications,Granted,2021,30378,summed from published monthly figures
Visa applications and decisions - year and month,long term visa applications,Granted,2022,51773,summed from published monthly figures
Visa applications and decisions - year and month,long term visa applications,Granted,2023,51326,summed from published monthly figures
Visa applications and decisions - year and month,long term visa applications,Granted,2024,52909,summed from published monthly figures
Visa applications and decisions - year and month,long term visa applications,Granted,2025,46314,summed from published monthly figures
Visa applications and decisions - year and month,long term visa applications,Granted,2026,18680,summed from published monthly figures
Visa applications and decisions - year and month,long term visa applications,Received,2017,23478,summed from published monthly figures
Visa applications and decisions - year and month,long term visa applications,Received,2018,25960,summed from published monthly figures
Visa applications and decisions - year and month,long term visa applications,Received,2019,31883,summed from published monthly figures
Visa applications and decisions - year and month,long term visa applications,Received,2020,22506,summed from published monthly figures
Visa applications and decisions - year and month,long term visa applications,Received,2021,35869,summed from published monthly figures
Visa applications and decisions - year and month,long term visa applications,Received,2022,59707,summed from published monthly figures
Visa applications and decisions - year and month,long term visa applications,Received,2023,62756,summed from published monthly figures
Visa applications and decisions - year and month,long term visa applications,Received,2024,69869,summed from published monthly figures
Visa applications and decisions - year and month,long term visa applications,Received,2025,61141,summed from published monthly figures
Visa applications and decisions - year and month,long term visa applications,Received,2026,35270,summed from published monthly figures
Visa applications and decisions - year and month,long term visa applications,Refused,2017,3283,summed from published monthly figures
Visa applications and decisions - year and month,long term visa applications,Refused,2018,3784,summed from published monthly figures
Visa applications and decisions - year and month,long term visa applications,Refused,2019,3914,summed from published monthly figures
Visa applications and decisions - year and month,long term visa applications,Refused,2020,2554,summed from published monthly figures
Visa applications and decisions - year and month,long term visa applications,Refused,2021,2941,summed from published monthly figures
Visa applications and decisions - year and month,long term visa applications,Refused,2022,5332,summed from published monthly figures
Visa applications and decisions - year and month,long term visa applications,Refused,2023,8429,summed from published monthly figures
Visa applications and decisions - year and month,long term visa applications,Refused,2024,10446,summed from published monthly figures
Visa applications and decisions - year and month,long term visa applications,Refused,2025,13324,summed from published monthly figures
Visa applications and decisions - year and month,long term visa applications,Refused,2026,6630,summed from published monthly figures
Visa applications and decisions - year and month,short term visa applications,Granted,2017,90495,summed from published monthly figures
Visa applications and decisions - year and month,short term visa applications,Granted,2018,99072,summed from published monthly figures
Visa applications and decisions - year and month,short term visa applications,Granted,2019,108939,summed from published monthly figures
Visa applications and decisions - year and month,short term visa applications,Granted,2020,17730,summed from published monthly figures
Visa applications and decisions - year and month,short term visa applications,Granted,2021,12296,summed from published monthly figures
Visa applications and decisions - year and month,short term visa applications,Granted,2022,62108,summed from published monthly figures
Visa applications and decisions - year and month,short term visa applications,Granted,2023,87176,summed from published monthly figures
Visa applications and decisions - year and month,short term visa applications,Granted,2024,106881,summed from published monthly figures
Visa applications and decisions - year and month,short term visa applications,Granted,2025,115183,summed from published monthly figures
Visa applications and decisions - year and month,short term visa applications,Granted,2026,67024,summed from published monthly figures
Visa applications and decisions - year and month,short term visa applications,Received,2017,102198,summed from published monthly figures
Visa applications and decisions - year and month,short term visa applications,Received,2018,114573,summed from published monthly figures
Visa applications and decisions - year and month,short term visa applications,Received,2019,123877,summed from published monthly figures
Visa applications and decisions - year and month,short term visa applications,Received,2020,21365,summed from published monthly figures
Visa applications and decisions - year and month,short term visa applications,Received,2021,16384,summed from published monthly figures
Visa applications and decisions - year and month,short term visa applications,Received,2022,76025,summed from published monthly figures
Visa applications and decisions - year and month,short term visa applications,Received,2023,103900,summed from published monthly figures
Visa applications and decisions - year and month,short term visa applications,Received,2024,131818,summed from published monthly figures
Visa applications and decisions - year and month,short term visa applications,Received,2025,144477,summed from published monthly figures
Visa applications and decisions - year and month,short term visa applications,Received,2026,89045,summed from published monthly figures
Visa applications and decisions - year and month,short term visa applications,Refused,2017,12690,summed from published monthly figures
Visa applications and decisions - year and month,short term visa applications,Refused,2018,14670,summed from published monthly figures
Visa applications and decisions - year and month,short term visa applications,Refused,2019,14590,summed from published monthly figures
Visa applications and decisions - year and month,short term visa applications,Refused,2020,3198,summed from published monthly figures
Visa applications and decisions - year and month,short term visa applications,Refused,2021,1624,summed from published monthly figures
Visa applications and decisions - year and month,short term visa applications,Refused,2022,10985,summed from published monthly figures
Visa applications and decisions - year and month,short term visa applications,Refused,2023,13181,summed from published monthly figures
Visa applications and decisions - year and month,short term visa applications,Refused,2024,18395,summed from published monthly figures
Visa applications and decisions - year and month,short term visa applications,Refused,2025,22589,summed from published monthly figures
Visa applications and decisions - year and month,short term visa applications,Refused,2026,12236,summed from published monthly figures
