year,route,certificates_issued,suppressed,source_file,source_url,pq_url
2016,Standard Adult,5709,False,data/raw/pq_attachments/2026-01-22_pq-482-486a-22-01-2026_en.docx,https://data.oireachtas.ie/ie/oireachtas/debates/questions/supportingDocumentation/2026-01-22_pq-482-486a-22-01-2026_en.docx,https://www.oireachtas.ie/en/debates/question/2026-01-22/483/
2016,S15 residency,2001,False,data/raw/pq_attachments/2026-01-22_pq-482-486a-22-01-2026_en.docx,https://data.oireachtas.ie/ie/oireachtas/debates/questions/supportingDocumentation/2026-01-22_pq-482-486a-22-01-2026_en.docx,https://www.oireachtas.ie/en/debates/question/2026-01-22/483/
2016,Granted International Protection,200,False,data/raw/pq_attachments/2026-01-22_pq-482-486a-22-01-2026_en.docx,https://data.oireachtas.ie/ie/oireachtas/debates/questions/supportingDocumentation/2026-01-22_pq-482-486a-22-01-2026_en.docx,https://www.oireachtas.ie/en/debates/question/2026-01-22/483/
2016,Minors,2061,False,data/raw/pq_attachments/2026-01-22_pq-482-486a-22-01-2026_en.docx,https://data.oireachtas.ie/ie/oireachtas/debates/questions/supportingDocumentation/2026-01-22_pq-482-486a-22-01-2026_en.docx,https://www.oireachtas.ie/en/debates/question/2026-01-22/483/
2016,Other,31,False,data/raw/pq_attachments/2026-01-22_pq-482-486a-22-01-2026_en.docx,https://data.oireachtas.ie/ie/oireachtas/debates/questions/supportingDocumentation/2026-01-22_pq-482-486a-22-01-2026_en.docx,https://www.oireachtas.ie/en/debates/question/2026-01-22/483/
2017,Standard Adult,5249,False,data/raw/pq_attachments/2026-01-22_pq-482-486a-22-01-2026_en.docx,https://data.oireachtas.ie/ie/oireachtas/debates/questions/supportingDocumentation/2026-01-22_pq-482-486a-22-01-2026_en.docx,https://www.oireachtas.ie/en/debates/question/2026-01-22/483/
2017,S15 residency,1455,False,data/raw/pq_attachments/2026-01-22_pq-482-486a-22-01-2026_en.docx,https://data.oireachtas.ie/ie/oireachtas/debates/questions/supportingDocumentation/2026-01-22_pq-482-486a-22-01-2026_en.docx,https://www.oireachtas.ie/en/debates/question/2026-01-22/483/
2017,Granted International Protection,66,False,data/raw/pq_attachments/2026-01-22_pq-482-486a-22-01-2026_en.docx,https://data.oireachtas.ie/ie/oireachtas/debates/questions/supportingDocumentation/2026-01-22_pq-482-486a-22-01-2026_en.docx,https://www.oireachtas.ie/en/debates/question/2026-01-22/483/
2017,Minors,1390,False,data/raw/pq_attachments/2026-01-22_pq-482-486a-22-01-2026_en.docx,https://data.oireachtas.ie/ie/oireachtas/debates/questions/supportingDocumentation/2026-01-22_pq-482-486a-22-01-2026_en.docx,https://www.oireachtas.ie/en/debates/question/2026-01-22/483/
2017,Other,18,False,data/raw/pq_attachments/2026-01-22_pq-482-486a-22-01-2026_en.docx,https://data.oireachtas.ie/ie/oireachtas/debates/questions/supportingDocumentation/2026-01-22_pq-482-486a-22-01-2026_en.docx,https://www.oireachtas.ie/en/debates/question/2026-01-22/483/
2018,Standard Adult,5446,False,data/raw/pq_attachments/2026-01-22_pq-482-486a-22-01-2026_en.docx,https://data.oireachtas.ie/ie/oireachtas/debates/questions/supportingDocumentation/2026-01-22_pq-482-486a-22-01-2026_en.docx,https://www.oireachtas.ie/en/debates/question/2026-01-22/483/
2018,S15 residency,1461,False,data/raw/pq_attachments/2026-01-22_pq-482-486a-22-01-2026_en.docx,https://data.oireachtas.ie/ie/oireachtas/debates/questions/supportingDocumentation/2026-01-22_pq-482-486a-22-01-2026_en.docx,https://www.oireachtas.ie/en/debates/question/2026-01-22/483/
2018,Granted International Protection,37,False,data/raw/pq_attachments/2026-01-22_pq-482-486a-22-01-2026_en.docx,https://data.oireachtas.ie/ie/oireachtas/debates/questions/supportingDocumentation/2026-01-22_pq-482-486a-22-01-2026_en.docx,https://www.oireachtas.ie/en/debates/question/2026-01-22/483/
2018,Minors,1254,False,data/raw/pq_attachments/2026-01-22_pq-482-486a-22-01-2026_en.docx,https://data.oireachtas.ie/ie/oireachtas/debates/questions/supportingDocumentation/2026-01-22_pq-482-486a-22-01-2026_en.docx,https://www.oireachtas.ie/en/debates/question/2026-01-22/483/
2018,Other,10,False,data/raw/pq_attachments/2026-01-22_pq-482-486a-22-01-2026_en.docx,https://data.oireachtas.ie/ie/oireachtas/debates/questions/supportingDocumentation/2026-01-22_pq-482-486a-22-01-2026_en.docx,https://www.oireachtas.ie/en/debates/question/2026-01-22/483/
2019,Standard Adult,3580,False,data/raw/pq_attachments/2026-01-22_pq-482-486a-22-01-2026_en.docx,https://data.oireachtas.ie/ie/oireachtas/debates/questions/supportingDocumentation/2026-01-22_pq-482-486a-22-01-2026_en.docx,https://www.oireachtas.ie/en/debates/question/2026-01-22/483/
2019,S15 residency,1234,False,data/raw/pq_attachments/2026-01-22_pq-482-486a-22-01-2026_en.docx,https://data.oireachtas.ie/ie/oireachtas/debates/questions/supportingDocumentation/2026-01-22_pq-482-486a-22-01-2026_en.docx,https://www.oireachtas.ie/en/debates/question/2026-01-22/483/
2019,Granted International Protection,66,False,data/raw/pq_attachments/2026-01-22_pq-482-486a-22-01-2026_en.docx,https://data.oireachtas.ie/ie/oireachtas/debates/questions/supportingDocumentation/2026-01-22_pq-482-486a-22-01-2026_en.docx,https://www.oireachtas.ie/en/debates/question/2026-01-22/483/
2019,Minors,895,False,data/raw/pq_attachments/2026-01-22_pq-482-486a-22-01-2026_en.docx,https://data.oireachtas.ie/ie/oireachtas/debates/questions/supportingDocumentation/2026-01-22_pq-482-486a-22-01-2026_en.docx,https://www.oireachtas.ie/en/debates/question/2026-01-22/483/
2019,Other,,True,data/raw/pq_attachments/2026-01-22_pq-482-486a-22-01-2026_en.docx,https://data.oireachtas.ie/ie/oireachtas/debates/questions/supportingDocumentation/2026-01-22_pq-482-486a-22-01-2026_en.docx,https://www.oireachtas.ie/en/debates/question/2026-01-22/483/
2020,Standard Adult,3657,False,data/raw/pq_attachments/2026-01-22_pq-482-486a-22-01-2026_en.docx,https://data.oireachtas.ie/ie/oireachtas/debates/questions/supportingDocumentation/2026-01-22_pq-482-486a-22-01-2026_en.docx,https://www.oireachtas.ie/en/debates/question/2026-01-22/483/
2020,S15 residency,1203,False,data/raw/pq_attachments/2026-01-22_pq-482-486a-22-01-2026_en.docx,https://data.oireachtas.ie/ie/oireachtas/debates/questions/supportingDocumentation/2026-01-22_pq-482-486a-22-01-2026_en.docx,https://www.oireachtas.ie/en/debates/question/2026-01-22/483/
2020,Granted International Protection,121,False,data/raw/pq_attachments/2026-01-22_pq-482-486a-22-01-2026_en.docx,https://data.oireachtas.ie/ie/oireachtas/debates/questions/supportingDocumentation/2026-01-22_pq-482-486a-22-01-2026_en.docx,https://www.oireachtas.ie/en/debates/question/2026-01-22/483/
2020,Minors,481,False,data/raw/pq_attachments/2026-01-22_pq-482-486a-22-01-2026_en.docx,https://data.oireachtas.ie/ie/oireachtas/debates/questions/supportingDocumentation/2026-01-22_pq-482-486a-22-01-2026_en.docx,https://www.oireachtas.ie/en/debates/question/2026-01-22/483/
2020,Other,,True,data/raw/pq_attachments/2026-01-22_pq-482-486a-22-01-2026_en.docx,https://data.oireachtas.ie/ie/oireachtas/debates/questions/supportingDocumentation/2026-01-22_pq-482-486a-22-01-2026_en.docx,https://www.oireachtas.ie/en/debates/question/2026-01-22/483/
2021,Standard Adult,6119,False,data/raw/pq_attachments/2026-01-22_pq-482-486a-22-01-2026_en.docx,https://data.oireachtas.ie/ie/oireachtas/debates/questions/supportingDocumentation/2026-01-22_pq-482-486a-22-01-2026_en.docx,https://www.oireachtas.ie/en/debates/question/2026-01-22/483/
2021,S15 residency,2233,False,data/raw/pq_attachments/2026-01-22_pq-482-486a-22-01-2026_en.docx,https://data.oireachtas.ie/ie/oireachtas/debates/questions/supportingDocumentation/2026-01-22_pq-482-486a-22-01-2026_en.docx,https://www.oireachtas.ie/en/debates/question/2026-01-22/483/
2021,Granted International Protection,408,False,data/raw/pq_attachments/2026-01-22_pq-482-486a-22-01-2026_en.docx,https://data.oireachtas.ie/ie/oireachtas/debates/questions/supportingDocumentation/2026-01-22_pq-482-486a-22-01-2026_en.docx,https://www.oireachtas.ie/en/debates/question/2026-01-22/483/
2021,Minors,1005,False,data/raw/pq_attachments/2026-01-22_pq-482-486a-22-01-2026_en.docx,https://data.oireachtas.ie/ie/oireachtas/debates/questions/supportingDocumentation/2026-01-22_pq-482-486a-22-01-2026_en.docx,https://www.oireachtas.ie/en/debates/question/2026-01-22/483/
2021,Other,,True,data/raw/pq_attachments/2026-01-22_pq-482-486a-22-01-2026_en.docx,https://data.oireachtas.ie/ie/oireachtas/debates/questions/supportingDocumentation/2026-01-22_pq-482-486a-22-01-2026_en.docx,https://www.oireachtas.ie/en/debates/question/2026-01-22/483/
2022,Standard Adult,8495,False,data/raw/pq_attachments/2026-01-22_pq-482-486a-22-01-2026_en.docx,https://data.oireachtas.ie/ie/oireachtas/debates/questions/supportingDocumentation/2026-01-22_pq-482-486a-22-01-2026_en.docx,https://www.oireachtas.ie/en/debates/question/2026-01-22/483/
2022,S15 residency,2294,False,data/raw/pq_attachments/2026-01-22_pq-482-486a-22-01-2026_en.docx,https://data.oireachtas.ie/ie/oireachtas/debates/questions/supportingDocumentation/2026-01-22_pq-482-486a-22-01-2026_en.docx,https://www.oireachtas.ie/en/debates/question/2026-01-22/483/
2022,Granted International Protection,1091,False,data/raw/pq_attachments/2026-01-22_pq-482-486a-22-01-2026_en.docx,https://data.oireachtas.ie/ie/oireachtas/debates/questions/supportingDocumentation/2026-01-22_pq-482-486a-22-01-2026_en.docx,https://www.oireachtas.ie/en/debates/question/2026-01-22/483/
2022,Minors,1714,False,data/raw/pq_attachments/2026-01-22_pq-482-486a-22-01-2026_en.docx,https://data.oireachtas.ie/ie/oireachtas/debates/questions/supportingDocumentation/2026-01-22_pq-482-486a-22-01-2026_en.docx,https://www.oireachtas.ie/en/debates/question/2026-01-22/483/
2022,Other,,True,data/raw/pq_attachments/2026-01-22_pq-482-486a-22-01-2026_en.docx,https://data.oireachtas.ie/ie/oireachtas/debates/questions/supportingDocumentation/2026-01-22_pq-482-486a-22-01-2026_en.docx,https://www.oireachtas.ie/en/debates/question/2026-01-22/483/
2023,Standard Adult,9862,False,data/raw/pq_attachments/2026-01-22_pq-482-486a-22-01-2026_en.docx,https://data.oireachtas.ie/ie/oireachtas/debates/questions/supportingDocumentation/2026-01-22_pq-482-486a-22-01-2026_en.docx,https://www.oireachtas.ie/en/debates/question/2026-01-22/483/
2023,S15 residency,2470,False,data/raw/pq_attachments/2026-01-22_pq-482-486a-22-01-2026_en.docx,https://data.oireachtas.ie/ie/oireachtas/debates/questions/supportingDocumentation/2026-01-22_pq-482-486a-22-01-2026_en.docx,https://www.oireachtas.ie/en/debates/question/2026-01-22/483/
2023,Granted International Protection,954,False,data/raw/pq_attachments/2026-01-22_pq-482-486a-22-01-2026_en.docx,https://data.oireachtas.ie/ie/oireachtas/debates/questions/supportingDocumentation/2026-01-22_pq-482-486a-22-01-2026_en.docx,https://www.oireachtas.ie/en/debates/question/2026-01-22/483/
2023,Minors,4950,False,data/raw/pq_attachments/2026-01-22_pq-482-486a-22-01-2026_en.docx,https://data.oireachtas.ie/ie/oireachtas/debates/questions/supportingDocumentation/2026-01-22_pq-482-486a-22-01-2026_en.docx,https://www.oireachtas.ie/en/debates/question/2026-01-22/483/
2023,Other,,True,data/raw/pq_attachments/2026-01-22_pq-482-486a-22-01-2026_en.docx,https://data.oireachtas.ie/ie/oireachtas/debates/questions/supportingDocumentation/2026-01-22_pq-482-486a-22-01-2026_en.docx,https://www.oireachtas.ie/en/debates/question/2026-01-22/483/
2024,Standard Adult,15999,False,data/raw/pq_attachments/2026-01-22_pq-482-486a-22-01-2026_en.docx,https://data.oireachtas.ie/ie/oireachtas/debates/questions/supportingDocumentation/2026-01-22_pq-482-486a-22-01-2026_en.docx,https://www.oireachtas.ie/en/debates/question/2026-01-22/483/
2024,S15 residency,3791,False,data/raw/pq_attachments/2026-01-22_pq-482-486a-22-01-2026_en.docx,https://data.oireachtas.ie/ie/oireachtas/debates/questions/supportingDocumentation/2026-01-22_pq-482-486a-22-01-2026_en.docx,https://www.oireachtas.ie/en/debates/question/2026-01-22/483/
2024,Granted International Protection,1197,False,data/raw/pq_attachments/2026-01-22_pq-482-486a-22-01-2026_en.docx,https://data.oireachtas.ie/ie/oireachtas/debates/questions/supportingDocumentation/2026-01-22_pq-482-486a-22-01-2026_en.docx,https://www.oireachtas.ie/en/debates/question/2026-01-22/483/
2024,Minors,3081,False,data/raw/pq_attachments/2026-01-22_pq-482-486a-22-01-2026_en.docx,https://data.oireachtas.ie/ie/oireachtas/debates/questions/supportingDocumentation/2026-01-22_pq-482-486a-22-01-2026_en.docx,https://www.oireachtas.ie/en/debates/question/2026-01-22/483/
2024,Other,0,False,data/raw/pq_attachments/2026-01-22_pq-482-486a-22-01-2026_en.docx,https://data.oireachtas.ie/ie/oireachtas/debates/questions/supportingDocumentation/2026-01-22_pq-482-486a-22-01-2026_en.docx,https://www.oireachtas.ie/en/debates/question/2026-01-22/483/
2025,Standard Adult,19329,False,data/raw/pq_attachments/2026-01-22_pq-482-486a-22-01-2026_en.docx,https://data.oireachtas.ie/ie/oireachtas/debates/questions/supportingDocumentation/2026-01-22_pq-482-486a-22-01-2026_en.docx,https://www.oireachtas.ie/en/debates/question/2026-01-22/483/
2025,S15 residency,2929,False,data/raw/pq_attachments/2026-01-22_pq-482-486a-22-01-2026_en.docx,https://data.oireachtas.ie/ie/oireachtas/debates/questions/supportingDocumentation/2026-01-22_pq-482-486a-22-01-2026_en.docx,https://www.oireachtas.ie/en/debates/question/2026-01-22/483/
2025,Granted International Protection,712,False,data/raw/pq_attachments/2026-01-22_pq-482-486a-22-01-2026_en.docx,https://data.oireachtas.ie/ie/oireachtas/debates/questions/supportingDocumentation/2026-01-22_pq-482-486a-22-01-2026_en.docx,https://www.oireachtas.ie/en/debates/question/2026-01-22/483/
2025,Minors,6949,False,data/raw/pq_attachments/2026-01-22_pq-482-486a-22-01-2026_en.docx,https://data.oireachtas.ie/ie/oireachtas/debates/questions/supportingDocumentation/2026-01-22_pq-482-486a-22-01-2026_en.docx,https://www.oireachtas.ie/en/debates/question/2026-01-22/483/
2025,Other,0,False,data/raw/pq_attachments/2026-01-22_pq-482-486a-22-01-2026_en.docx,https://data.oireachtas.ie/ie/oireachtas/debates/questions/supportingDocumentation/2026-01-22_pq-482-486a-22-01-2026_en.docx,https://www.oireachtas.ie/en/debates/question/2026-01-22/483/
