year_to_april,noneu_immigration,ukraine_temp_protection_granted,noneu_immigration_ex_ukraine,permits_issued_calendar_year,permits_blended_to_cso_window,csep_plus_general,permits_pct_of_noneu_ex_ukraine,blended_pct_of_noneu_ex_ukraine,csep_gep_pct_of_noneu_ex_ukraine,permits_are_partial_year
2015,21900,0,21900,7253,,,33.1,,,False
2016,23600,0,23600,9373,7960,,39.7,33.7,,False
2017,35500,0,35500,11361,10036,,32.0,28.3,,False
2018,36900,0,36900,13398,12040,,36.3,32.6,,False
2019,37100,0,37100,16383,14393,,44.2,38.8,,False
2020,37400,0,37400,16419,16395,15157,43.9,43.8,40.5,False
2021,16100,0,16100,16275,16371,15334,101.1,101.7,95.2,False
2022,58800,24371,34429,39955,24168,37632,116.1,70.2,109.3,False
2023,81100,55623,25477,30981,36964,28576,121.6,145.1,112.2,False
2024,86800,25786,61014,39390,33784,36646,64.6,55.4,60.1,False
2025,63600,9239,54361,31044,36608,,57.1,67.3,,False
2026,55500,11624,43876,26629,,,60.7,,,True
