file,format,bytes,pq_date,pq_number,topic,asked_by,sheets_or_pages,content_summary,attachment_url,pq_url
data/raw/pq_attachments/2026-09-07_pq2531-07-09-2026_en.docx,docx,28451,2026-09-07,2618,"Domestic, Sexual and Gender-based Violence",Sorca Clarke,1 table(s),DV Accommodation by County | DV Refuge Units | Safe Home Units | Total DV Accommodation | Dublin - City | 17 | 16 | 33,https://data.oireachtas.ie/ie/oireachtas/debates/questions/supportingDocumentation/2026-09-07_pq2531-07-09-2026_en.docx,https://www.oireachtas.ie/en/debates/question/2026-09-07/2618/
data/raw/pq_attachments/2026-09-07_pq2555-07-09-2026_en.docx,docx,22602,2026-09-07,2556,"Domestic, Sexual and Gender-based Violence",Emer Currie,1 table(s),DV Accommodation by County | DV Refuge Units | Safe Home Units | Total DV Accommodation | Dublin - City | 17 | 16 | 33,https://data.oireachtas.ie/ie/oireachtas/debates/questions/supportingDocumentation/2026-09-07_pq2555-07-09-2026_en.docx,https://www.oireachtas.ie/en/debates/question/2026-09-07/2556/
data/raw/pq_attachments/2026-09-07_pq2552-07-09-2026_en.docx,docx,19022,2026-09-07,2552,Prison Service,Seán Ó Fearghaíl,1 table(s),Salary Cert Calculation | ﻿ | Grade | Scale Point | Staff,https://data.oireachtas.ie/ie/oireachtas/debates/questions/supportingDocumentation/2026-09-07_pq2552-07-09-2026_en.docx,https://www.oireachtas.ie/en/debates/question/2026-09-07/2552/
data/raw/pq_attachments/2026-09-07_pq2493-07-09-2026_en.xlsx,xlsx,11934,2026-09-07,2493,An Garda Síochána,Tom Brabazon,Table 1; Table 2,Pulse Incident Type | 2007 | 2008 | 2009 | 2010 | 2011 | 2012 | 2013 | 2014 | 2015 | 2016 | 2017 | 2018 | 2019 | 2020 | 2021 | 2022 | 2023,https://data.oireachtas.ie/ie/oireachtas/debates/questions/supportingDocumentation/2026-09-07_pq2493-07-09-2026_en.xlsx,https://www.oireachtas.ie/en/debates/question/2026-09-07/2493/
data/raw/pq_attachments/2026-09-07_pq2492-07-09-2026_en.xlsx,xlsx,18715,2026-09-07,2492,Prison Service,Peadar Tóibín,Sheet1,Nationality split as of 31 July 2026 | Nationality | Violent Crimes | Non-Violent Crimes | Irish | 2759 | 1926,https://data.oireachtas.ie/ie/oireachtas/debates/questions/supportingDocumentation/2026-09-07_pq2492-07-09-2026_en.xlsx,https://www.oireachtas.ie/en/debates/question/2026-09-07/2492/
data/raw/pq_attachments/2026-09-07_pq-2371-07-09-2026_en.xlsx,xlsx,23521,2026-09-07,2371,Departmental Bodies,Sorca Clarke,Department; Agencies Gift Register,Date Received | Received From | Occasion | Gift Description | Value Approx | Notes | 2025-06-09 00:00:00 | Holmes Sols. | Thank you for speaking at conference | 12 x bottles of wine | €200 - €299 | Donated to Department ,https://data.oireachtas.ie/ie/oireachtas/debates/questions/supportingDocumentation/2026-09-07_pq-2371-07-09-2026_en.xlsx,https://www.oireachtas.ie/en/debates/question/2026-09-07/2371/
data/raw/pq_attachments/2026-09-07_pq-2314-07-09-2026_en.xlsx,xlsx,23509,2026-09-07,2328,Visa Applications,Emer Currie,Applications Received; Applications Granted; Applications Refused,Category | 2023 | 2024 | 2025 | 2026 | Business | 13386 | 16708 | 16702 | 12119 | Business Permission | <5 | Category | 2023 | 2024 | 2025 | 2026 | Business,https://data.oireachtas.ie/ie/oireachtas/debates/questions/supportingDocumentation/2026-09-07_pq-2314-07-09-2026_en.xlsx,https://www.oireachtas.ie/en/debates/question/2026-09-07/2328/
data/raw/pq_attachments/2026-09-07_pq-2271-07-09-2026_en.docx,docx,67336,2026-09-07,2310,An Garda Síochána,Roderic O'Gorman,0 table(s),"The following table counts the number of fireworks offences reported, the number of those sanctioned (charge/summons/caution), the number of objects seized and the estimated value thereof for the 2016 to 2026 YTD period ",https://data.oireachtas.ie/ie/oireachtas/debates/questions/supportingDocumentation/2026-09-07_pq-2271-07-09-2026_en.docx,https://www.oireachtas.ie/en/debates/question/2026-09-07/2310/
data/raw/pq_attachments/2026-09-07_pq-2292-07-09-2026_en.xlsx,xlsx,17622,2026-09-07,2292,Probation and Welfare Service,Aidan Farrelly,Sheet1,"Smithfield, Dublin 7 | Cork Street, Dublin 8 | Donaghmede, Dublin 13 | Ballymun, Dublin 9 | Arbour Hill, Dublin 7 | Mountjoy Prions and Dochas, Dublin 7 | Wheatfield, Co Dublin | Blanchardstown and Finglas Dublin | Talla",https://data.oireachtas.ie/ie/oireachtas/debates/questions/supportingDocumentation/2026-09-07_pq-2292-07-09-2026_en.xlsx,https://www.oireachtas.ie/en/debates/question/2026-09-07/2292/
data/raw/pq_attachments/2026-09-07_pq-2239-07-09-2026_en.pdf,pdf,112638,2026-09-07,2239,Departmental Data,Ken O'Flynn,1 page(s),Beneficiaries of temporary protection in accommodation supported by the Accommodation Recognition Payment (ARP) Beneficiary Count to County Name Beneficiary Count 2022 Beneficiary Count 2023 Beneficiary Count 2024 Benefi,https://data.oireachtas.ie/ie/oireachtas/debates/questions/supportingDocumentation/2026-09-07_pq-2239-07-09-2026_en.pdf,https://www.oireachtas.ie/en/debates/question/2026-09-07/2239/
data/raw/pq_attachments/2026-09-07_pq-2204-07-09-2026_en.docx,docx,31770,2026-09-07,2210,Prison Service,Ken O'Flynn,5 table(s),"Total* | Year 2026 (to 31 July) | 1,873 | Year | Total Releases | 2021 | 218 | 2022 | 2023 | 2024 | 2025 | 2026 (to 25 August) | Total | 321 | 363 | 444 | 406 | 330 | 173",https://data.oireachtas.ie/ie/oireachtas/debates/questions/supportingDocumentation/2026-09-07_pq-2204-07-09-2026_en.docx,https://www.oireachtas.ie/en/debates/question/2026-09-07/2210/
data/raw/pq_attachments/2026-09-07_pq-2190-07-09-2026_en.pdf,pdf,229886,2026-09-07,2190,Departmental Bodies,Ken O'Flynn,2 page(s),"Committee Organisation 2023 (€) 2024 (€) 2025 (€) Notes Member Represented Martin Collins Pavee Point 0 0 0 N/A NIF - €38,471.62 Irish Network Against NIF - Shane O’Curry 0 Racism (INAR) €38,471.62 IARF - €50,000 Dr Jame",https://data.oireachtas.ie/ie/oireachtas/debates/questions/supportingDocumentation/2026-09-07_pq-2190-07-09-2026_en.pdf,https://www.oireachtas.ie/en/debates/question/2026-09-07/2190/
data/raw/pq_attachments/2026-07-28_pq-869-28-07-26_en.pdf,pdf,1258966,2026-07-28,869,Departmental Expenditure,Mairéad Farrell,23 page(s),Fiscal Monitor Incorporating the Exchequer Statement June 2026 Prepared by the Economic Division Department of Finance finance.gov.ie 1 Fiscal Monitor June 2026,https://data.oireachtas.ie/ie/oireachtas/debates/questions/supportingDocumentation/2026-07-28_pq-869-28-07-26_en.pdf,https://www.oireachtas.ie/en/debates/question/2026-07-28/869/
data/raw/pq_attachments/2026-07-28_pq-2451-28-07-2026_en.docx,docx,82007,2026-07-28,2451,Prison Service,Matt Carthy,0 table(s),"PQ 59263/26 To ask the Minister for Justice; Home Affairs and Migration the number of crimes that were recorded where the suspected offenders were on bail in each of the last three years and in 2026 to date, by county an",https://data.oireachtas.ie/ie/oireachtas/debates/questions/supportingDocumentation/2026-07-28_pq-2451-28-07-2026_en.docx,https://www.oireachtas.ie/en/debates/question/2026-07-28/2451/
data/raw/pq_attachments/2026-07-28_pq-2407-28-07-2026_en.xlsx,xlsx,23250,2026-07-28,2407,Departmental Data,John Brady,Sheet1; Sheet2,Date Received | Received From | Occasion | Gift Description | Value Approx | Notes | 2025-06-09 00:00:00 | Holmes Sols. | Thank you for speaking at conference | 12 x bottles of wine | €200 - €299 | Donated to Department ,https://data.oireachtas.ie/ie/oireachtas/debates/questions/supportingDocumentation/2026-07-28_pq-2407-28-07-2026_en.xlsx,https://www.oireachtas.ie/en/debates/question/2026-07-28/2407/
data/raw/pq_attachments/2026-07-28_pq-2201-28-07-2026_en.xlsx,xlsx,24105,2026-07-28,2201,Departmental Data,Aindrias Moynihan,Department & Agency Training; Other Agency Training,Course Title | Provider | Number of staff per training | Total cost - EUR | Level of Training - Introductory or Advanced?* | AI in the Public Service | OneLearning | 663 | Included in OneLearning training offering | Intr,https://data.oireachtas.ie/ie/oireachtas/debates/questions/supportingDocumentation/2026-07-28_pq-2201-28-07-2026_en.xlsx,https://www.oireachtas.ie/en/debates/question/2026-07-28/2201/
data/raw/pq_attachments/2026-07-14_pq-591-592a-14-07-2026_en.docx,docx,15150,2026-07-14,592,Sentencing Policy,John Clendennen,1 table(s),- | 2021 | 2022 | 2023 | 2024 | 2025 | 2026 (up to 10 July) | Deportations | 5 | 13 | 15 | 23 | 76 | 55,https://data.oireachtas.ie/ie/oireachtas/debates/questions/supportingDocumentation/2026-07-14_pq-591-592a-14-07-2026_en.docx,https://www.oireachtas.ie/en/debates/question/2026-07-14/592/
data/raw/pq_attachments/2026-07-14_pq-591-592b-14-07-2026_en.xlsx,xlsx,17355,2026-07-14,592,Sentencing Policy,John Clendennen,Removal Orders by natonality; Deportations by nationality,Removal Orders Effected 2021 | Lithuania | 11 | Poland | 11 | Deportations Effected 2025 | Brazil | 22 | Georgia | 7,https://data.oireachtas.ie/ie/oireachtas/debates/questions/supportingDocumentation/2026-07-14_pq-591-592b-14-07-2026_en.xlsx,https://www.oireachtas.ie/en/debates/question/2026-07-14/592/
data/raw/pq_attachments/2026-07-14_pq-534-14-07-2026_en.docx,docx,17342,2026-07-14,534,Immigration Policy,Peadar Tóibín,3 table(s),Year | 2020 | 2021 | 2022 | 2023 | 2024 | 2025 | 2026 YTD | Non-International Protection VR | 105 | 72 | 50 | 240 | 417 | 258 | Programme Cycle | Individuals Assisted | Family Groups Assisted | Total Reintegration Grants,https://data.oireachtas.ie/ie/oireachtas/debates/questions/supportingDocumentation/2026-07-14_pq-534-14-07-2026_en.docx,https://www.oireachtas.ie/en/debates/question/2026-07-14/534/
data/raw/pq_attachments/2026-07-14_pq-533-14-07-2026_en.docx,docx,15302,2026-07-14,533,International Protection,Peadar Tóibín,1 table(s),"2020 | 2021 | 2022 | 2023 | 2024 | 2025 | 2026 | Interpretation | 393,372 | 148,197 | 610,796 | 1,390,317 | 2,095,316 | 5,757,893 | 2,208,401",https://data.oireachtas.ie/ie/oireachtas/debates/questions/supportingDocumentation/2026-07-14_pq-533-14-07-2026_en.docx,https://www.oireachtas.ie/en/debates/question/2026-07-14/533/
data/raw/pq_attachments/2026-07-14_pq-527-530-14-07-2026_en.docx,docx,20173,2026-07-14,530,International Protection,Peadar Tóibín,5 table(s),"All First instance decisions | 2020 | 2021 | 2022 | 2023 | 2024 | 2025 | 2026 | Granted (RS, SP, PTR) | 725 | 1,521 | 3,537 | 3,235 | 3,906 | 3,743 | 1,428 | Safe Country First instance decisions | 67 | 71 | 698 | 394 | ",https://data.oireachtas.ie/ie/oireachtas/debates/questions/supportingDocumentation/2026-07-14_pq-527-530-14-07-2026_en.docx,https://www.oireachtas.ie/en/debates/question/2026-07-14/530/
data/raw/pq_attachments/2026-06-30_pq-600-601-602-603-604-606-608-30-06-26_en.xlsx,xlsx,27770,2026-06-30,608,Departmental Data,Pádraig O'Sullivan,Visas Received; Visas Refused; Granted by Category; Join Family Visas Granted; IP-FRU Applications,Visa Applications Received | Category | 2021 | 2022 | 2023 | 2024 | 2025 | 2026 (to 31/05) | Business | 1375 | 9018 | 13386 | 16708 | 16702 | 7276 | Visa Applications Refused | Category | 2021,https://data.oireachtas.ie/ie/oireachtas/debates/questions/supportingDocumentation/2026-06-30_pq-600-601-602-603-604-606-608-30-06-26_en.xlsx,https://www.oireachtas.ie/en/debates/question/2026-06-30/608/
data/raw/pq_attachments/2026-06-30_pq-590-30-06-2026_en.docx,docx,27869,2026-06-30,590,Housing Provision,Seán Kyne,1 table(s),DV Accommodation by County | DV Refuge Units | Safe Home Units | Total DV Accommodation | Dublin - City | 17 | 16 | 33,https://data.oireachtas.ie/ie/oireachtas/debates/questions/supportingDocumentation/2026-06-30_pq-590-30-06-2026_en.docx,https://www.oireachtas.ie/en/debates/question/2026-06-30/590/
data/raw/pq_attachments/2026-06-30_pq-569-30-06-2026_en.xlsx,xlsx,20343,2026-06-30,569,Departmental Funding,Gary Gannon,Sheet1,"Project 2024 | County | Amount Awarded | Proposed Expenditure | Aiseiri Cahir | Tipperary | 17000 | Contribution towards the replacement of the current heating system | Bridge | Dublin 8 | 15000 | 6 x PC’s, 1 x Smart mul",https://data.oireachtas.ie/ie/oireachtas/debates/questions/supportingDocumentation/2026-06-30_pq-569-30-06-2026_en.xlsx,https://www.oireachtas.ie/en/debates/question/2026-06-30/569/
data/raw/pq_attachments/2026-06-23_pq290-23-06-2026_en.docx,docx,166802,2026-06-23,290,International Protection,Peadar Tóibín,0 table(s),Fáilte Ireland June 2026 analysis of D/JHAM May 2026 data,https://data.oireachtas.ie/ie/oireachtas/debates/questions/supportingDocumentation/2026-06-23_pq290-23-06-2026_en.docx,https://www.oireachtas.ie/en/debates/question/2026-06-23/290/
data/raw/pq_attachments/2026-06-16_pq-653-6-06-2026-a_en.pdf,pdf,326832,2026-06-16,654,Extradition Arrangements,Malcolm Byrne,19 page(s),Report on the operation of the European Arrest Warrant Act 2003 (as amended) for the year 2022 made to the Houses of the Oireachtas by the Central Authority in the person of the Minister for Justice pursuant to section 6,https://data.oireachtas.ie/ie/oireachtas/debates/questions/supportingDocumentation/2026-06-16_pq-653-6-06-2026-a_en.pdf,https://www.oireachtas.ie/en/debates/question/2026-06-16/654/
data/raw/pq_attachments/2026-06-16_pq-653c-16-06-2026_en.pdf,pdf,386502,2026-06-16,654,Extradition Arrangements,Malcolm Byrne,19 page(s),Report on the operation of the European Arrest Warrant Act 2003 (as amended) for the year 2024 made to the Houses of the Oireachtas by the Central Authority in the person of the Minister for Justice pursuant to section 6,https://data.oireachtas.ie/ie/oireachtas/debates/questions/supportingDocumentation/2026-06-16_pq-653c-16-06-2026_en.pdf,https://www.oireachtas.ie/en/debates/question/2026-06-16/654/
data/raw/pq_attachments/2026-07-29_20260729-deferred-pq44388-26_en.pdf,pdf,411502,2026-06-10,206,Child Safety,Claire Kerrane,3 page(s),"Deputy Claire Kerrane Leinster House Office, Kildare St. Dublin 2 claire.kerrane@oireachtas.ie 29th July 2026 Dear Deputy Kerrane, Further to your Parliamentary Question number 206 of 10th June, 2026 and as previously ad",https://data.oireachtas.ie/ie/oireachtas/debates/questions/supportingDocumentation/2026-07-29_20260729-deferred-pq44388-26_en.pdf,https://www.oireachtas.ie/en/debates/question/2026-06-10/206/
data/raw/pq_attachments/2026-06-10_pq-169-10-06-2026_en.docx,docx,23548,2026-06-10,169,Domestic Violence,Shónagh Ní Raghallaigh,2 table(s),Division | 2022 | 2023 | 2024 | 2025 | 2026* | Grand Total | 46106 | 47146 | 49756 | 52590 | 13327 | 12361 | 12356 | 13129 | 13362 | 3745 | 54953,https://data.oireachtas.ie/ie/oireachtas/debates/questions/supportingDocumentation/2026-06-10_pq-169-10-06-2026_en.docx,https://www.oireachtas.ie/en/debates/question/2026-06-10/169/
data/raw/pq_attachments/2026-06-09_pq1459-09-06-2026_en.pdf,pdf,55500,2026-06-09,1459,Prison Service,Pádraig O'Sullivan,1 page(s),,https://data.oireachtas.ie/ie/oireachtas/debates/questions/supportingDocumentation/2026-06-09_pq1459-09-06-2026_en.pdf,https://www.oireachtas.ie/en/debates/question/2026-06-09/1459/
data/raw/pq_attachments/2026-05-28_pq-461-28-05-2026_en.pdf,pdf,175212,2026-05-28,461,Programme for Government,Cormac Devlin,13 page(s),Garda Recruitment and Operations My first priority as Minister for Justice is to get more Gardaí out onto our streets preventing the commission of crime through high visibility patrols. Increased recruitment and appropri,https://data.oireachtas.ie/ie/oireachtas/debates/questions/supportingDocumentation/2026-05-28_pq-461-28-05-2026_en.pdf,https://www.oireachtas.ie/en/debates/question/2026-05-28/461/
data/raw/pq_attachments/2026-05-28_pq-452-455-458_en.docx,docx,22747,2026-05-28,458,Domestic Violence,Ken O'Flynn,1 table(s),DV Accommodation by County | DV Refuge Units | Safe Home Units | Total DV Accommodation | Dublin - City | 17 | 16 | 33,https://data.oireachtas.ie/ie/oireachtas/debates/questions/supportingDocumentation/2026-05-28_pq-452-455-458_en.docx,https://www.oireachtas.ie/en/debates/question/2026-05-28/458/
data/raw/pq_attachments/2026-05-26_pq-881-882-26-05-2026_en.xlsx,xlsx,22752,2026-05-26,882,Question Heading for question(s)  881,Emer Currie,Table 1; Table 2; Table 3; Table 4; Table 5; Table 6,Table 1. Visas granted and refused by category 2019-2025 | All Other Visa Types | Employment & Employment/Scientific Researcher Visas | Join Family Visas | Study Visas | Visit Visas | Table 2. Type C Short Stay and Type ,https://data.oireachtas.ie/ie/oireachtas/debates/questions/supportingDocumentation/2026-05-26_pq-881-882-26-05-2026_en.xlsx,https://www.oireachtas.ie/en/debates/question/2026-05-26/882/
data/raw/pq_attachments/2026-05-26_pq-865-26-05-2026_en.docx,docx,17532,2026-05-26,865,Prison Service,Barry Ward,2 table(s),Prison | 2022 | 2023 | 2024 | 2025 | Up to April 26 | Arbour Hill | 11 | 30 | 22 | 13 | 5 | Year | Total no. of formal disciplinary actions | 109 | 218 | 107 | 116,https://data.oireachtas.ie/ie/oireachtas/debates/questions/supportingDocumentation/2026-05-26_pq-865-26-05-2026_en.docx,https://www.oireachtas.ie/en/debates/question/2026-05-26/865/
data/raw/pq_attachments/2026-05-26_pq-862-864-26-05-2026_en.docx,docx,16278,2026-05-26,864,Prison Service,Barry Ward,1 table(s),"Prison Location | Number in Custody | Prison Capacity | % Prison Capacity | Mountjoy (m) | 1,132 | 831 | 136%",https://data.oireachtas.ie/ie/oireachtas/debates/questions/supportingDocumentation/2026-05-26_pq-862-864-26-05-2026_en.docx,https://www.oireachtas.ie/en/debates/question/2026-05-26/864/
data/raw/pq_attachments/2026-05-26_pq-843-26-05-2026_en.docx,docx,16989,2026-05-26,843,Prison Service,Barry Ward,1 table(s),Table 1: Total Prison Population Per Year | Institution | 2025 | 2024 | 2023 | 2022 | 2021,https://data.oireachtas.ie/ie/oireachtas/debates/questions/supportingDocumentation/2026-05-26_pq-843-26-05-2026_en.docx,https://www.oireachtas.ie/en/debates/question/2026-05-26/843/
data/raw/pq_attachments/2026-05-21_pq-301-282-302-21-05-26_en.docx,docx,22412,2026-05-21,302,Domestic Violence,Ken O'Flynn,1 table(s),DV Accommodation by County | DV Refuge Units | Safe Home Units | Total DV Accommodation | Dublin - City | 17 | 16 | 33,https://data.oireachtas.ie/ie/oireachtas/debates/questions/supportingDocumentation/2026-05-21_pq-301-282-302-21-05-26_en.docx,https://www.oireachtas.ie/en/debates/question/2026-05-21/302/
data/raw/pq_attachments/2026-05-13_pq-154-157-13-05-2026_en.docx,docx,17693,2026-05-13,157,Departmental Data,Peadar Tóibín,2 table(s),"Year | 2020 | 2021 | 2022 | 2023 | 2024 | 2025 | 2026 (up to 08 May) | Deportation orders signed | 598 | 33 | 549 | 859 | 2,403 | 4,700 | 1,712 | 2026 (up to 08 May) | Enforced Deportations | 42 | 5 | 24 | 51 | 134 | 185",https://data.oireachtas.ie/ie/oireachtas/debates/questions/supportingDocumentation/2026-05-13_pq-154-157-13-05-2026_en.docx,https://www.oireachtas.ie/en/debates/question/2026-05-13/157/
data/raw/pq_attachments/2026-05-07_pq-397-07-05-2026_en.xlsx,xlsx,19561,2026-05-07,397,Departmental Staff,Micheál Carrigy,Sheet1,Table 1: Department and agencies within the Justice Vote (Vote 24) for who my Department provide HR services | 2016 | 2017 | 2018 | 2019 | 2020 | 2021 | 2022 | 2023 | 2024 | 2025 | 2026 (@ 05/05/26),https://data.oireachtas.ie/ie/oireachtas/debates/questions/supportingDocumentation/2026-05-07_pq-397-07-05-2026_en.xlsx,https://www.oireachtas.ie/en/debates/question/2026-05-07/397/
data/raw/pq_attachments/2026-05-06_pq-696-06-05-2026_en.xlsx,xlsx,18560,2026-05-06,696,Departmental Data,John Brady,Sheet1; Sheet2,Date Received | Received From | Occasion | Gift Description | Value Approx | Notes | 2025-06-09 00:00:00 | Holmes Sols. | Thank you for speaking at conference | 12 x bottles of wine | €200 - €299 | Donated to Department ,https://data.oireachtas.ie/ie/oireachtas/debates/questions/supportingDocumentation/2026-05-06_pq-696-06-05-2026_en.xlsx,https://www.oireachtas.ie/en/debates/question/2026-05-06/696/
data/raw/pq_attachments/2026-05-06_pq-641-643-06-05-2026_en.docx,docx,26540,2026-05-06,643,"Domestic, Sexual and Gender-based Violence",Pádraig O'Sullivan,1 table(s),Court Office | 2021 | 2022 | 2023 | 2024 | 2025 | Athlone District Court Office* | 55 | NA,https://data.oireachtas.ie/ie/oireachtas/debates/questions/supportingDocumentation/2026-05-06_pq-641-643-06-05-2026_en.docx,https://www.oireachtas.ie/en/debates/question/2026-05-06/643/
data/raw/pq_attachments/2026-05-06_pq-613-616-06-05-2026_en.docx,docx,16933,2026-05-06,616,Residency Permits,Emer Currie,1 table(s),2026 | 2025** | 2024 | 2023 | 2022 | January | 21280 | 20691 | 18774 | 15631 | 10334,https://data.oireachtas.ie/ie/oireachtas/debates/questions/supportingDocumentation/2026-05-06_pq-613-616-06-05-2026_en.docx,https://www.oireachtas.ie/en/debates/question/2026-05-06/616/
data/raw/pq_attachments/2026-04-30_pq-376-377-30-04-2026_en.xlsx,xlsx,20021,2026-04-30,377,Youth Services,Emer Currie,Sheet1,"PROJECT | AREA | DUBLIN REGION | 2019 | 2020 | 2021 | 2022 | 2023 | 2024 | 2025 | ABLE | Ballyfermot, Dublin 10 | Dublin 10 | 21 | 20 | 20 | 19 | 32",https://data.oireachtas.ie/ie/oireachtas/debates/questions/supportingDocumentation/2026-04-30_pq-376-377-30-04-2026_en.xlsx,https://www.oireachtas.ie/en/debates/question/2026-04-30/377/
data/raw/pq_attachments/2026-04-29_pq-199-29-04-2026_en.xlsx,xlsx,17294,2026-04-29,199,An Garda Síochána,Aidan Farrelly,Sheet1,Divisional Drugs Units | 2023-12-01 00:00:00 | 2024-12-01 00:00:00 | 2025-11-01 00:00:00 | 2025-12-01 00:00:00 | 2026-01-01 00:00:00 | 2026-02-01 00:00:00 | Dublin Metropolitan Region (DMR) South Central | 15 | 9 | 8 | 1,https://data.oireachtas.ie/ie/oireachtas/debates/questions/supportingDocumentation/2026-04-29_pq-199-29-04-2026_en.xlsx,https://www.oireachtas.ie/en/debates/question/2026-04-29/199/
data/raw/pq_attachments/2026-04-28_pq-501-28-04-2026_en.docx,docx,18930,2026-04-28,501,Work Permits,Peadar Tóibín,1 table(s),2022 | 2023 | 2024 | 2025 | 2026 (Jan-Mar) | Economic Sector | Issued,https://data.oireachtas.ie/ie/oireachtas/debates/questions/supportingDocumentation/2026-04-28_pq-501-28-04-2026_en.docx,https://www.oireachtas.ie/en/debates/question/2026-04-28/501/
data/raw/pq_attachments/2026-04-23_pq-346-23-04-2026_en.docx,docx,15448,2026-04-23,346,Work Permits,Cormac Devlin,1 table(s),SOC Code | SOC Title | Permits Issued 2024 | Permits Issued 2025 | Permits Issued 2026 | Average Processing Time 2024 | Average Processing Time 2025 | Average processing Time 2026 | 5230 | HGV / Bus Mechanic | 159 | 165 ,https://data.oireachtas.ie/ie/oireachtas/debates/questions/supportingDocumentation/2026-04-23_pq-346-23-04-2026_en.docx,https://www.oireachtas.ie/en/debates/question/2026-04-23/346/
data/raw/pq_attachments/2026-04-21_pq-632-21-04-2026_en.docx,docx,17149,2026-04-21,632,An Garda Síochána,Thomas Gould,1 table(s),"Jan | Feb | Mar | Apr | May | Jun | Jul | Aug | Sep | Oct | Nov | Dec | 2023 | 12,176 | 15,037 | 11,291 | 13,121 | 12,500 | 14,167 | 10,410 | 12,539 | 10,288 | 15,245 | 19,236 | 20,716",https://data.oireachtas.ie/ie/oireachtas/debates/questions/supportingDocumentation/2026-04-21_pq-632-21-04-2026_en.docx,https://www.oireachtas.ie/en/debates/question/2026-04-21/632/
data/raw/pq_attachments/2026-04-15_pq-288-15-04-2026_en.docx,docx,26082,2026-04-15,288,Departmental Data,Holly Cairns,0 table(s),"Table 1: Incident breakdown of Harassment, Harmful Communications and Related Offences Act 2020",https://data.oireachtas.ie/ie/oireachtas/debates/questions/supportingDocumentation/2026-04-15_pq-288-15-04-2026_en.docx,https://www.oireachtas.ie/en/debates/question/2026-04-15/288/
data/raw/pq_attachments/2026-04-14_pq-2053-14-04-2026_en.xlsx,xlsx,19364,2026-04-14,2053,Artificial Intelligence,Naoise Ó Cearúil,Department & Agency Training; Other Agency Training,Course Theme | Provider | No. of staff attendees per course | AI in the Public Service | OneLearning | 555 | Navigating the Guidelines for the Responsible Use of Artificial Intelligence in the Public Service | OneLearnin,https://data.oireachtas.ie/ie/oireachtas/debates/questions/supportingDocumentation/2026-04-14_pq-2053-14-04-2026_en.xlsx,https://www.oireachtas.ie/en/debates/question/2026-04-14/2053/
data/raw/pq_attachments/2026-03-26_pq-354-26-03-2026_en.pdf,pdf,40611,2026-03-26,354,Departmental Expenditure,Matt Carthy,1 page(s),2022 2023 2024 2025 2026 Jan €3.78m €8.8m €15.88m €14.58m Feb €4.23m €9.13m €16.44m €14.26m Mar €4.68m €9.45m €16.99m Apr €5.12m €10.29m €17.43m May €5.43m €10.86m €17.6m Jun €5.65m €11.2m €18.05m Jul €5.94m €11.77m €13.,https://data.oireachtas.ie/ie/oireachtas/debates/questions/supportingDocumentation/2026-03-26_pq-354-26-03-2026_en.pdf,https://www.oireachtas.ie/en/debates/question/2026-03-26/354/
data/raw/pq_attachments/2026-03-26_pq353-26-03-2026_en.pdf,pdf,110441,2026-03-26,353,Departmental Schemes,Matt Carthy,2 page(s),"County No. of beneficiaries connected to active ARP claims Carlow 813 Cavan 848 Clare 1,317 Cork 3,322 Donegal 4,747 Dublin 4,284 Galway 1,864 Kerry 2,949 Kildare 1,318 Kilkenny 564 Laois 649 Leitrim 1,073 Limerick 1,709",https://data.oireachtas.ie/ie/oireachtas/debates/questions/supportingDocumentation/2026-03-26_pq353-26-03-2026_en.pdf,https://www.oireachtas.ie/en/debates/question/2026-03-26/353/
data/raw/pq_attachments/2026-03-26_pq352-26-03-2026_en.xlsx,xlsx,30724,2026-03-26,352,Departmental Schemes,Matt Carthy,2022; 2023; 2024; 2025; 2026,Awarded Claims by County | Property Eircode County Name | Property Count 30/10/2022 | Property Count 18/12/2022 | Carlow | 34 | 47 | Awarded Claims by County | Property Eircode County Name | Property Count (26/03/2023) |,https://data.oireachtas.ie/ie/oireachtas/debates/questions/supportingDocumentation/2026-03-26_pq352-26-03-2026_en.xlsx,https://www.oireachtas.ie/en/debates/question/2026-03-26/352/
data/raw/pq_attachments/2026-03-26_pq351-26-03-2026_en.pdf,pdf,48340,2026-03-26,351,Departmental Data,Matt Carthy,1 page(s),County No. of properties No. of properties connected Number of hosts awarded connected to active to ARP claims since the an ARP claim since the ARP claims scheme launched scheme launched Carlow 538 724 542 Cavan 446 591 ,https://data.oireachtas.ie/ie/oireachtas/debates/questions/supportingDocumentation/2026-03-26_pq351-26-03-2026_en.pdf,https://www.oireachtas.ie/en/debates/question/2026-03-26/351/
data/raw/pq_attachments/2026-03-25_pq-218-25-3-26_en.xlsx,xlsx,31304,2026-03-25,218,An Garda Síochána,Michael Murphy,January 2025; February 2025; March 2025; April 2025; May 2025; June 2025; July 2025; August 2025; September 2025; October 2025; November 2025; December 2025; January 2026,Division | Total | CLARE/TIPPERARY | 40 | CORK CITY | 28 | Division | Total | CLARE/TIPPERARY | 40 | CORK CITY | 28 | Division | Total | CLARE/TIPPERARY | 40 | CORK CITY | 28,https://data.oireachtas.ie/ie/oireachtas/debates/questions/supportingDocumentation/2026-03-25_pq-218-25-3-26_en.xlsx,https://www.oireachtas.ie/en/debates/question/2026-03-25/218/
data/raw/pq_attachments/2026-03-25_pq-198-199-25-03-2026_en.xlsx,xlsx,21173,2026-03-25,199,Departmental Staff,Barry Ward,Dept. and Vote 24 HR agencies; Department Vote Agencies,Core Department | Headcount | Secretary General | 1 | Deputy Secretary General | 3 | Courts Service | Headcount | Secretary General | 1 | Assistant Secretary | 5,https://data.oireachtas.ie/ie/oireachtas/debates/questions/supportingDocumentation/2026-03-25_pq-198-199-25-03-2026_en.xlsx,https://www.oireachtas.ie/en/debates/question/2026-03-25/199/
data/raw/pq_attachments/2026-03-25_pq-193-25-03-2026_en.docx,docx,19520,2026-03-25,193,Prison Service,Pa Daly,2 table(s),Prison | Head of Psychology | Principal Psychologist Manager | Principal Specialist (Sex offender treatment) | Senior Psychologist | Senior Psychologist Specialist (Sex offender treatment) | Staff Grade Psychologist | As,https://data.oireachtas.ie/ie/oireachtas/debates/questions/supportingDocumentation/2026-03-25_pq-193-25-03-2026_en.docx,https://www.oireachtas.ie/en/debates/question/2026-03-25/193/
data/raw/pq_attachments/2026-03-25_pq-174-176-178-179-25-03-2026_en.pdf,pdf,153118,2026-03-25,174,Social Welfare Payments,Ken O'Flynn,1 page(s),,https://data.oireachtas.ie/ie/oireachtas/debates/questions/supportingDocumentation/2026-03-25_pq-174-176-178-179-25-03-2026_en.pdf,https://www.oireachtas.ie/en/debates/question/2026-03-25/174/
data/raw/pq_attachments/2026-03-24_pq436-24-03-2026_en.pdf,pdf,235464,2026-03-24,437,Official Engagements,Malcolm Byrne,2 page(s),"Our Ref: PQ 21900/26, 21918/26, 21936/26 Mr Malcolm Byrne T.D. Dáil Éireann Leinster House Kildare Street Dublin 2 8th April 2026 Dear Malcolm, I refer to the following Parliamentary Questions answered on the 24th March.",https://data.oireachtas.ie/ie/oireachtas/debates/questions/supportingDocumentation/2026-03-24_pq436-24-03-2026_en.pdf,https://www.oireachtas.ie/en/debates/question/2026-03-24/437/
data/raw/pq_attachments/2026-03-18_pq1255_en.xlsx,xlsx,21187,2026-03-18,1410,Closed-Circuit Television Systems,James Geoghegan,Sheet1,Summary of Funded CCTV Schemes by County and by Year,https://data.oireachtas.ie/ie/oireachtas/debates/questions/supportingDocumentation/2026-03-18_pq1255_en.xlsx,https://www.oireachtas.ie/en/debates/question/2026-03-18/1410/
data/raw/pq_attachments/2026-03-18_pq1362-18-03-2026_en.xlsx,xlsx,21719,2026-03-18,1362,Prison Service,Aidan Farrelly,Sheet1,Turnover | Arbour Hill | Castlerea | Cloverhill | Cork | Limerick | Loughan House | Midlands | Mountjoy | Portlaoise | Shelton | Wheatfield,https://data.oireachtas.ie/ie/oireachtas/debates/questions/supportingDocumentation/2026-03-18_pq1362-18-03-2026_en.xlsx,https://www.oireachtas.ie/en/debates/question/2026-03-18/1362/
data/raw/pq_attachments/2026-02-12_pq-459-12-02-26_en.xlsx,xlsx,52548,2026-02-12,459,Departmental Data,Emer Currie,2016; 2017; 2018; 2019; 2020; 2021; 2022; 2023; 2024; 2025 ; Indian,Nationality | 2016 | Poland | 1321 | Nationality | 2017 | Poland | 1355 | Romania | 763 | Nationality | 2018 | Poland | 1463 | Romania | 819 | Nationality | 2019,https://data.oireachtas.ie/ie/oireachtas/debates/questions/supportingDocumentation/2026-02-12_pq-459-12-02-26_en.xlsx,https://www.oireachtas.ie/en/debates/question/2026-02-12/459/
data/raw/pq_attachments/2026-02-11_pq-226-228-11-02-2026_en.docx,docx,16894,2026-02-11,228,Deportation Orders,Peadar Tóibín,2 table(s),"Year | 2021 | 2022 | 2023 | 2024 | 2025 | Deportation orders signed | 33 | 549 | 859 | 2,403 | 4,700 | Enforced Deportations | 5 | 24 | 51 | 134 | 185",https://data.oireachtas.ie/ie/oireachtas/debates/questions/supportingDocumentation/2026-02-11_pq-226-228-11-02-2026_en.docx,https://www.oireachtas.ie/en/debates/question/2026-02-11/228/
data/raw/pq_attachments/2026-02-11_pq-225a-11-02-2026_en.docx,docx,16606,2026-02-11,225,Asylum Applications,Peadar Tóibín,1 table(s),"First instance decisions | 2021 | 2022 | 2023 | 2024 | 2025 | 2026* | Granted (RS, SP, PTR) | 1,521 61.77% | 3,537 71.70% | 3,236 36.72% | 3,909 27.80% | 3,737 18.61% | 241 12.42%",https://data.oireachtas.ie/ie/oireachtas/debates/questions/supportingDocumentation/2026-02-11_pq-225a-11-02-2026_en.docx,https://www.oireachtas.ie/en/debates/question/2026-02-11/225/
data/raw/pq_attachments/2026-02-11_pq-225b-11-02-2026_en.docx,docx,15810,2026-02-11,225,Asylum Applications,Peadar Tóibín,1 table(s),International Protection Appeals Tribunal Decisions Issued | Year | Decision | Grand Total | Decision %,https://data.oireachtas.ie/ie/oireachtas/debates/questions/supportingDocumentation/2026-02-11_pq-225b-11-02-2026_en.docx,https://www.oireachtas.ie/en/debates/question/2026-02-11/225/
data/raw/pq_attachments/2026-02-11_pq-224-11-02-2026_en.docx,docx,16553,2026-02-11,224,Visa Applications,Peadar Tóibín,1 table(s),"Year | Employment | Join Family | Other*** | Study | Visit | Grand Total | 2016 | 4,056 | 5,416 | 37,043 | 9,872 | 46,500 | 102,887",https://data.oireachtas.ie/ie/oireachtas/debates/questions/supportingDocumentation/2026-02-11_pq-224-11-02-2026_en.docx,https://www.oireachtas.ie/en/debates/question/2026-02-11/224/
data/raw/pq_attachments/2026-02-11_pq-213-220-11-02-2026_en.docx,docx,14812,2026-02-11,220,International Protection,Peadar Tóibín,1 table(s),- | 2021 | 2022 | 2023 | 2024 | 2025 | 2026 (Year To Date) | Violence towards other residents or staff | 3 | 9 | 20 | 17 | 14 | 1,https://data.oireachtas.ie/ie/oireachtas/debates/questions/supportingDocumentation/2026-02-11_pq-213-220-11-02-2026_en.docx,https://www.oireachtas.ie/en/debates/question/2026-02-11/220/
data/raw/pq_attachments/2026-01-28_pq-99-28-01-2026_en.docx,docx,14816,2026-01-28,99,Departmental Data,Barry Ward,1 table(s),"Week | Working age income supports | Child related supports | Pension, illness, disability, caring, supplementary and other supports | Pension related supports | Total unique persons | 2025 November 09 | 17,057 | 17,179 ",https://data.oireachtas.ie/ie/oireachtas/debates/questions/supportingDocumentation/2026-01-28_pq-99-28-01-2026_en.docx,https://www.oireachtas.ie/en/debates/question/2026-01-28/99/
data/raw/pq_attachments/2026-01-27_pq768-27-01-2026_en.docx,docx,34092,2026-01-27,768,Domestic Violence,Holly Cairns,1 table(s),DV Accommodation by County – 26th January 2026 | DV Refuge Units | Safe Home Units | Total DV Accommodation | Dublin - City | 17 | 16 | 33,https://data.oireachtas.ie/ie/oireachtas/debates/questions/supportingDocumentation/2026-01-27_pq768-27-01-2026_en.docx,https://www.oireachtas.ie/en/debates/question/2026-01-27/768/
data/raw/pq_attachments/2026-01-27_pq-202-27-01-25_en.docx,docx,29055,2026-01-27,202,An Garda Síochána,John Connolly,5 table(s),Division | Number of Incidents | Clare/Tipperary | 95 | Year | Number of persons convicted in the District Court/District Court Appeals | 2023 | 0 | No. of offences finalised in District Court/District Court Appeals | 22,https://data.oireachtas.ie/ie/oireachtas/debates/questions/supportingDocumentation/2026-01-27_pq-202-27-01-25_en.docx,https://www.oireachtas.ie/en/debates/question/2026-01-27/202/
data/raw/pq_attachments/2026-01-22_pq-484-22-01-2026_en.xlsx,xlsx,32847,2026-01-22,484,Departmental Data,Matt Carthy,Sheet1,International Protection Applications by Nationality 2015 to 2026* | 2015 | 2016 | 2017 | 2018 | 2019 | 2020 | 2021 | 2022 | 2023 | 2024 | 2025 | 2026* | Pakistan | 1352 | Syria | 244 | Syrian Arab Republic,https://data.oireachtas.ie/ie/oireachtas/debates/questions/supportingDocumentation/2026-01-22_pq-484-22-01-2026_en.xlsx,https://www.oireachtas.ie/en/debates/question/2026-01-22/484/
data/raw/pq_attachments/2026-01-22_pq-482-483b-22-01-2026_en.xlsx,xlsx,58040,2026-01-22,483,Citizenship Applications,Matt Carthy,2016; 2017; 2018; 2019; 2020; 2021; 2022; 2023; 2024; 2025 ; Indian,Nationality | 2016 | Poland | 1321 | Nationality | 2017 | Poland | 1355 | Romania | 763 | Nationality | 2018 | Poland | 1463 | Romania | 819 | Nationality | 2019,https://data.oireachtas.ie/ie/oireachtas/debates/questions/supportingDocumentation/2026-01-22_pq-482-483b-22-01-2026_en.xlsx,https://www.oireachtas.ie/en/debates/question/2026-01-22/483/
data/raw/pq_attachments/2026-01-22_pq-482-486a-22-01-2026_en.docx,docx,17423,2026-01-22,483,Citizenship Applications,Matt Carthy,2 table(s),"Year | Certs Issued | 2016 | 10,002 | Standard Adult | S15 residency | Granted International Protection | Minors | Other** | Total | 5,709 | 2,001 | 200 | 2,061 | 31",https://data.oireachtas.ie/ie/oireachtas/debates/questions/supportingDocumentation/2026-01-22_pq-482-486a-22-01-2026_en.docx,https://www.oireachtas.ie/en/debates/question/2026-01-22/483/
data/raw/pq_attachments/2026-01-22_pq-452-471-481-22-01-2026_en.docx,docx,17277,2026-01-22,481,Visa Applications,Matt Carthy,3 table(s),"Year | Type C apps Made | Type C Granted | Type C Refused | 2023 | 103,898 | 86,318 | 13,181 | Employment Visa Granted (1st Instance) | 2021 | 6,826 | 2022 | 2024 | 2025 | Country | Number Granted",https://data.oireachtas.ie/ie/oireachtas/debates/questions/supportingDocumentation/2026-01-22_pq-452-471-481-22-01-2026_en.docx,https://www.oireachtas.ie/en/debates/question/2026-01-22/481/
data/raw/pq_attachments/2026-01-22_pq-478-22-01-2026_en.docx,docx,19772,2026-01-22,478,Departmental Funding,Pat Buckley,1 table(s),"Year/ Project No | County | Applicant Organisation | Project | Funding | 2024-3 | Dublin | Dublin City Council | Dublin Safe Bus Project | €150,000",https://data.oireachtas.ie/ie/oireachtas/debates/questions/supportingDocumentation/2026-01-22_pq-478-22-01-2026_en.docx,https://www.oireachtas.ie/en/debates/question/2026-01-22/478/
data/raw/pq_attachments/2026-01-21_pq-125-21-01-2025_en.docx,docx,40418,2026-01-21,195,Legislative Measures,Matt Carthy,3 table(s),2018 | Supplier Name | Category | CTC Icl. VAT | 2022 | 2025 | Figures supplied excl VAT,https://data.oireachtas.ie/ie/oireachtas/debates/questions/supportingDocumentation/2026-01-21_pq-125-21-01-2025_en.docx,https://www.oireachtas.ie/en/debates/question/2026-01-21/195/
data/raw/pq_attachments/2026-01-13_pq-1650-13-01-2025_en.xlsx,xlsx,11478,2026-01-13,1650,Departmental Expenditure,Grace Boland,Sheet1,Cuan | Total Cost (per annum) | 2024 | 442800 | 2025 | 442800,https://data.oireachtas.ie/ie/oireachtas/debates/questions/supportingDocumentation/2026-01-13_pq-1650-13-01-2025_en.xlsx,https://www.oireachtas.ie/en/debates/question/2026-01-13/1650/
data/raw/pq_attachments/2025-10-01_pq-46-1-10-25_en.docx,docx,29528,2025-10-01,46,Work Permits,Carol Nolan,0 table(s),,https://data.oireachtas.ie/ie/oireachtas/debates/questions/supportingDocumentation/2025-10-01_pq-46-1-10-25_en.docx,https://www.oireachtas.ie/en/debates/question/2025-10-01/46/
data/raw/pq_attachments/2025-09-30_pq-393-30-09-2025_en.docx,docx,19675,2025-09-30,393,Work Permits,Pádraig O'Sullivan,1 table(s),Nationality | Permits | India | 6859,https://data.oireachtas.ie/ie/oireachtas/debates/questions/supportingDocumentation/2025-09-30_pq-393-30-09-2025_en.docx,https://www.oireachtas.ie/en/debates/question/2025-09-30/393/
data/raw/pq_attachments/2025-09-08_pq-737-08-09-2025_en.pdf,pdf,127374,2025-09-08,737,Residency Permits,Roderic O'Gorman,2 page(s),"Critical Skills Employment Permit 2025 to 2021 2022 2023 2024 date Issued Issued Issued Issued Issued Economic Sector 9,435 21,448 15,673 17,168 7,040 A - Agriculture, Forestry & Fishing 12 38 24 28 27 B - Mining & Quarr",https://data.oireachtas.ie/ie/oireachtas/debates/questions/supportingDocumentation/2025-09-08_pq-737-08-09-2025_en.pdf,https://www.oireachtas.ie/en/debates/question/2025-09-08/737/
data/raw/pq_attachments/2025-07-29_pq-898-29-07-2025_en.docx,docx,48932,2025-07-29,898,Work Permits,Paul Nicholas Gogarty,1 table(s),2015 | 2016 | 2017 | 2018 | 2019 | 2020 | 2021 | 2022 | 2023 | 2024 | Nationality | Issued,https://data.oireachtas.ie/ie/oireachtas/debates/questions/supportingDocumentation/2025-07-29_pq-898-29-07-2025_en.docx,https://www.oireachtas.ie/en/debates/question/2025-07-29/898/
data/raw/pq_attachments/2025-07-01_pq321-01-07-2025_en.xlsx,xlsx,11952,2025-07-01,321,Work Permits,Carol Nolan,Sheet1,,https://data.oireachtas.ie/ie/oireachtas/debates/questions/supportingDocumentation/2025-07-01_pq321-01-07-2025_en.xlsx,https://www.oireachtas.ie/en/debates/question/2025-07-01/321/
data/raw/pq_attachments/2025-06-17_pq358-176-25_en.docx,docx,140277,2025-06-17,363,Work Permits,Darren O'Rourke,0 table(s),"ANNEX Employment Permits Online introduces a portal space with separate and individual accounts for both employers, employees and agents, making it easier to get up-to-date information on the status of applications. It a",https://data.oireachtas.ie/ie/oireachtas/debates/questions/supportingDocumentation/2025-06-17_pq358-176-25_en.docx,https://www.oireachtas.ie/en/debates/question/2025-06-17/363/
data/raw/pq_attachments/2025-05-20_pq-388-390-20-05-25_en.xlsx,xlsx,22177,2025-05-20,390,Work Permits,Matt Carthy,Sheet1,Nationality | 2020 | 2021 | 2022 | 2023 | 2024 | Grand Total | 2830 | 3272 | 9155 | 4428 | 2726 | Cancelled | Afghanistan | 4 | 1 | 28 | 1,https://data.oireachtas.ie/ie/oireachtas/debates/questions/supportingDocumentation/2025-05-20_pq-388-390-20-05-25_en.xlsx,https://www.oireachtas.ie/en/debates/question/2025-05-20/390/
data/raw/pq_attachments/2025-05-20_pq381-20-05-25_en.xlsx,xlsx,42435,2025-05-20,387,Work Permits,Matt Carthy,Nationality; Economic Sector,2020 | 2021 | 2022 | 2023 | 2024 | Permit Type | Nationality | Issued | Issued | Issued | Issued | Issued | Grand Total | 16363 | 16283 | 39961 | 30979 | 39398,https://data.oireachtas.ie/ie/oireachtas/debates/questions/supportingDocumentation/2025-05-20_pq381-20-05-25_en.xlsx,https://www.oireachtas.ie/en/debates/question/2025-05-20/387/
data/raw/pq_attachments/2025-03-26_pq56-26-03-2025_en.docx,docx,29536,2025-03-26,56,Work Permits,John Connolly,1 table(s),2024 | Permit Type | Soc Code | Soc Title | Issued,https://data.oireachtas.ie/ie/oireachtas/debates/questions/supportingDocumentation/2025-03-26_pq56-26-03-2025_en.docx,https://www.oireachtas.ie/en/debates/question/2025-03-26/56/
data/raw/pq_attachments/2024-05-22_pq71-22-05-2024_en.docx ,docx,25378,2024-05-22,71,Work Permits,Brendan Griffin,1 table(s),Q 1. Confirm the Employment Permit application number? | A 1.,https://data.oireachtas.ie/ie/oireachtas/debates/questions/supportingDocumentation/2024-05-22_pq71-22-05-2024_en.docx ,https://www.oireachtas.ie/en/debates/question/2024-05-22/71/
data/raw/pq_attachments/2024-01-30_pq247-30-01-24_en.docx ,docx,37527,2024-01-30,248,Work Permits,Colm Burke,2 table(s),2023 | Nationality (group) | Issued | Refused | Withdrawn | 2022 | Nationality,https://data.oireachtas.ie/ie/oireachtas/debates/questions/supportingDocumentation/2024-01-30_pq247-30-01-24_en.docx ,https://www.oireachtas.ie/en/debates/question/2024-01-30/248/
data/raw/pq_attachments/2023-05-11_pq74-11-05-23_en.docx,docx,31901,2023-05-11,74,Work Permits,Pádraig O'Sullivan,0 table(s),PQ 22031/23 Supplementary Briefing Material Key messages Ireland operates a managed employment permits system maximising the benefits of economic migration and minimising disruption to Ireland’s labour market. The State',https://data.oireachtas.ie/ie/oireachtas/debates/questions/supportingDocumentation/2023-05-11_pq74-11-05-23_en.docx,https://www.oireachtas.ie/en/debates/question/2023-05-11/74/
data/raw/pq_attachments/2023-04-20_pq212-20-04-23_en.docx ,docx,36002,2023-04-20,212,Labour Market,Peadar Tóibín,1 table(s),Q 1. Confirm the Employment Permit application number? | A 1.,https://data.oireachtas.ie/ie/oireachtas/debates/questions/supportingDocumentation/2023-04-20_pq212-20-04-23_en.docx ,https://www.oireachtas.ie/en/debates/question/2023-04-20/212/
data/raw/pq_attachments/2022-12-14_pq77-13-12-22_en.docx ,docx,71882,2022-12-13,77,Work Permits,Pádraig O'Sullivan,0 table(s),PQ 62098/22 Supplementary Briefing Material To ask the Tánaiste and Minister for Enterprise; Trade and Employment if he will request that his Department place speech and language therapists and occupational therapists on,https://data.oireachtas.ie/ie/oireachtas/debates/questions/supportingDocumentation/2022-12-14_pq77-13-12-22_en.docx ,https://www.oireachtas.ie/en/debates/question/2022-12-13/77/
data/raw/pq_attachments/2022-11-24_pq148-24-11-2022_en.docx,docx,33740,2022-11-24,148,Work Permits,John McGuinness,1 table(s),Employment Permits Issued between 2020 - 2022* | Economic Sector | 2020 | 2021 | 2022,https://data.oireachtas.ie/ie/oireachtas/debates/questions/supportingDocumentation/2022-11-24_pq148-24-11-2022_en.docx,https://www.oireachtas.ie/en/debates/question/2022-11-24/148/
data/raw/pq_attachments/2022-09-28_pq77-28-09-2022_en.xlsx,xlsx,17336,2022-09-28,80,Work Permits,Jackie Cahill,Sheet1,Issued 2022 (25/09/2022) | | | | | | | | | | Economic Sector | January | February | March | April | May | June | July,https://data.oireachtas.ie/ie/oireachtas/debates/questions/supportingDocumentation/2022-09-28_pq77-28-09-2022_en.xlsx,https://www.oireachtas.ie/en/debates/question/2022-09-28/80/
data/raw/pq_attachments/2022-07-06_pq4-06-07-22_en.docx ,docx,20015,2022-07-06,4,Work Permits,Niall Collins,1 table(s),Q 1. Confirm the Employment Permit application number? | A 1.,https://data.oireachtas.ie/ie/oireachtas/debates/questions/supportingDocumentation/2022-07-06_pq4-06-07-22_en.docx ,https://www.oireachtas.ie/en/debates/question/2022-07-06/4/
data/raw/pq_attachments/2022-05-25_pq1-25-05-22_en.docx ,docx,36672,2022-05-25,1,Work Permits,Patricia Ryan,1 table(s),Nationality | 2019 | 2020 | 2021 | 2022 | Afghanistan | 6 | 14 | 11 | 9,https://data.oireachtas.ie/ie/oireachtas/debates/questions/supportingDocumentation/2022-05-25_pq1-25-05-22_en.docx ,https://www.oireachtas.ie/en/debates/question/2022-05-25/1/
data/raw/pq_attachments/2022-05-17_pq164-17-05-22_en.docx,docx,35266,2022-05-17,164,Work Permits,Carol Nolan,2 table(s),Issue Date | SocTitle | 2016 | 2017 | 2018 | 2019 | 2020 | 2021 | 2022 (up to and incl 11/05/22 | 2022 (up to and incl 11/05/2022,https://data.oireachtas.ie/ie/oireachtas/debates/questions/supportingDocumentation/2022-05-17_pq164-17-05-22_en.docx,https://www.oireachtas.ie/en/debates/question/2022-05-17/164/
data/raw/pq_attachments/2022-04-07_pq-37-7-4-22_en.docx,docx,39047,2022-04-07,52,Work Permits,David Stanton,1 table(s),Q 1. Confirm the Employment Permit application number? | A 1.,https://data.oireachtas.ie/ie/oireachtas/debates/questions/supportingDocumentation/2022-04-07_pq-37-7-4-22_en.docx,https://www.oireachtas.ie/en/debates/question/2022-04-07/52/
data/raw/pq_attachments/2022-03-29_pq184a-29-03-22_en.docx,docx,35129,2022-03-29,184,Work Permits,Michael Healy-Rae,1 table(s),Q 1. Confirm the Employment Permit application number? | A 1.,https://data.oireachtas.ie/ie/oireachtas/debates/questions/supportingDocumentation/2022-03-29_pq184a-29-03-22_en.docx,https://www.oireachtas.ie/en/debates/question/2022-03-29/184/
data/raw/pq_attachments/2022-02-16_pq44-16022022_en.docx,docx,22851,2022-02-16,44,Work Permits,Mary Butler,1 table(s),Q 1. Confirm the Employment Permit application number? | A 1.,https://data.oireachtas.ie/ie/oireachtas/debates/questions/supportingDocumentation/2022-02-16_pq44-16022022_en.docx,https://www.oireachtas.ie/en/debates/question/2022-02-16/44/
data/raw/pq_attachments/2022-02-15_pq197-15022022_en.docx ,docx,35129,2022-02-15,197,Work Permits,Michael Healy-Rae,1 table(s),Q 1. Confirm the Employment Permit application number? | A 1.,https://data.oireachtas.ie/ie/oireachtas/debates/questions/supportingDocumentation/2022-02-15_pq197-15022022_en.docx ,https://www.oireachtas.ie/en/debates/question/2022-02-15/197/
data/raw/pq_attachments/2021-11-30_pq145-30-11-21_en.pdf,pdf,143441,2021-11-30,145,Work Permits,Cormac Devlin,2 page(s),,https://data.oireachtas.ie/ie/oireachtas/debates/questions/supportingDocumentation/2021-11-30_pq145-30-11-21_en.pdf,https://www.oireachtas.ie/en/debates/question/2021-11-30/145/
data/raw/pq_attachments/2021-10-05_pq83-5-oct-21_en.docx ,docx,19760,2021-10-05,83,Work Permits,Neale Richmond,1 table(s),"Economic Sector | 2015 | 2016 | 2017 | 2018 | 2019 | 2020 | 2021 | Agriculture, Forestry & Fishing | 48 | 299 | 258 | 1,106 | 1,981 | 1,949 | 631",https://data.oireachtas.ie/ie/oireachtas/debates/questions/supportingDocumentation/2021-10-05_pq83-5-oct-21_en.docx ,https://www.oireachtas.ie/en/debates/question/2021-10-05/83/
data/raw/pq_attachments/2021-03-03_pq39-03-03-21_en.pdf,pdf,633713,2021-03-03,39,Work Permits,Michael McNamara,21 page(s),"Permits Issued to all Sectors between 1st March 2020 to 31st January 2021 2020 2021 Economic Sector Nationality Mar Apr May Jun Jul Aug Sep Oct Nov Dec Jan A - Agriculture, Forestry & Fishing Argentina 0 0 0 0 0 0 0 1 0 ",https://data.oireachtas.ie/ie/oireachtas/debates/questions/supportingDocumentation/2021-03-03_pq39-03-03-21_en.pdf,https://www.oireachtas.ie/en/debates/question/2021-03-03/39/
data/raw/pq_attachments/2021-03-03_pq39a-03-03-21_en.pdf,pdf,674087,2021-03-03,39,Work Permits,Michael McNamara,22 page(s),"Permits Issued to all Sectors between 1st March 2019 to 31st January 2020 2019 2020 Economic Sector Nationality Mar Apr May Jun Jul Aug Sep Oct Nov Dec Jan A - Agriculture, Albania 0 0 0 4 0 0 0 0 0 0 0 Forestry & Fishin",https://data.oireachtas.ie/ie/oireachtas/debates/questions/supportingDocumentation/2021-03-03_pq39a-03-03-21_en.pdf,https://www.oireachtas.ie/en/debates/question/2021-03-03/39/
data/raw/pq_attachments/2021-03-03_pq19-03-03-21_en.pdf,pdf,142811,2021-03-03,19,Work Permits,Michael McNamara,2 page(s),"Premits Issued to Brazilians in all Economic Sectors 2019 2020 Application Grand Economic Sector Type Mar Apr May Jun Jul Aug Sep Oct Nov Dec Jan Total A - Agriculture, Forestry & New Permit 95 105 9 13 7 15 27 150 13 3 ",https://data.oireachtas.ie/ie/oireachtas/debates/questions/supportingDocumentation/2021-03-03_pq19-03-03-21_en.pdf,https://www.oireachtas.ie/en/debates/question/2021-03-03/19/
data/raw/pq_attachments/2021-01-13_pq45-13-01-21_en.docx,docx,28538,2021-01-13,46,Work Permits,Neale Richmond,2 table(s),"Economic Sector | Permits Issued in 2020 | A - Agriculture, Forestry & Fishing | 1,786 | Nationality | Afghanistan | 14",https://data.oireachtas.ie/ie/oireachtas/debates/questions/supportingDocumentation/2021-01-13_pq45-13-01-21_en.docx,https://www.oireachtas.ie/en/debates/question/2021-01-13/46/
data/raw/pq_attachments/2020-03-05_pq472-05-03-20_en.docx,docx,18640,2020-03-05,472,Work Permits Data,Robert Troy,1 table(s),"Month | Sept 2019 | Oct 2019 | Nov 2019 | Dec 2019 | Jan 2020 | Feb 2020 | Number of applications received during month | 1,636 | 1,626 | 1,677 | 1,721 | 1,394",https://data.oireachtas.ie/ie/oireachtas/debates/questions/supportingDocumentation/2020-03-05_pq472-05-03-20_en.docx,https://www.oireachtas.ie/en/debates/question/2020-03-05/472/
data/raw/pq_attachments/2019-12-18_pq234-18-12-2013_en.pdf ,pdf,120452,2019-12-18,234,Work Permits Applications,Robert Troy,2 page(s),"Number of outstanding works permits at the end of each month for 2019 PQ Ref No: 53773 2019 Jan Feb Mar Apr May Jun July Aug Sept Oct Nov TOTAL Number of 1,172 1,358 1,213 1,575 2,047 1,741 1,680 1,485 1,636 1,626 1,678 ",https://data.oireachtas.ie/ie/oireachtas/debates/questions/supportingDocumentation/2019-12-18_pq234-18-12-2013_en.pdf ,https://www.oireachtas.ie/en/debates/question/2019-12-18/234/
data/raw/pq_attachments/2019-01-16_pq161-16-1-19_en.docx,docx,37522,2019-01-16,161,Work Permits Eligibility,Billy Kelleher,1 table(s),SOC-3 | Categories of employment | SOC-4 | Employment | 122 | Managers in Hospitality and Leisure Services | 1221 | Hotel and accommodation managers,https://data.oireachtas.ie/ie/oireachtas/debates/questions/supportingDocumentation/2019-01-16_pq161-16-1-19_en.docx,https://www.oireachtas.ie/en/debates/question/2019-01-16/161/
data/raw/pq_attachments/2019-01-16_pq161-2-16-1-19_en.docx,docx,37522,2019-01-16,161,Work Permits Eligibility,Billy Kelleher,1 table(s),SOC-3 | Categories of employment | SOC-4 | Employment | 122 | Managers in Hospitality and Leisure Services | 1221 | Hotel and accommodation managers,https://data.oireachtas.ie/ie/oireachtas/debates/questions/supportingDocumentation/2019-01-16_pq161-2-16-1-19_en.docx,https://www.oireachtas.ie/en/debates/question/2019-01-16/161/
data/raw/pq_attachments/2019-01-16_pq-159-16-1-19_en.xlsx,xlsx,161218,2019-01-16,160,Work Permits Data,Billy Kelleher,2018; 2010-2017,"Year | Economic Sector | Job Class | New | Renewal | Total | 2018 | 11305 | 2093 | 13398 | A - Agriculture, Forestry & Fishing | 874 | 90 | 964 | Year | Economic Sector | SOC Code and Occupation Title | New",https://data.oireachtas.ie/ie/oireachtas/debates/questions/supportingDocumentation/2019-01-16_pq-159-16-1-19_en.xlsx,https://www.oireachtas.ie/en/debates/question/2019-01-16/160/
data/raw/pq_attachments/2018-05-03_pq133-3-05-18_en.docx,docx,44604,2018-05-03,133,Work Permits Data,Billy Kelleher,2 table(s),"SOC-3 | Employment Category | SOC-4 | Employments | 211 | Natural and Social Science Professionals | 2111 | Chemical scientists in manufacturing (including food & beverages, medical devices), product development, analyti",https://data.oireachtas.ie/ie/oireachtas/debates/questions/supportingDocumentation/2018-05-03_pq133-3-05-18_en.docx,https://www.oireachtas.ie/en/debates/question/2018-05-03/133/
