series,unit,year,value,source,pq_date,pq_number,answered_by,topic,pq_url
Certificates of naturalisation issued,certificates,2013,24202,Parliamentary answer (Houses of the Oireachtas),2023-11-28,424,Justice,Citizenship Applications,https://www.oireachtas.ie/en/debates/question/2023-11-28/424/
Certificates of naturalisation issued,certificates,2014,21064,Parliamentary answer (Houses of the Oireachtas),2023-11-28,424,Justice,Citizenship Applications,https://www.oireachtas.ie/en/debates/question/2023-11-28/424/
Certificates of naturalisation issued,certificates,2015,13532,Parliamentary answer (Houses of the Oireachtas),2023-11-28,424,Justice,Citizenship Applications,https://www.oireachtas.ie/en/debates/question/2023-11-28/424/
Certificates of naturalisation issued,certificates,2016,10017,Parliamentary answer (Houses of the Oireachtas),2023-11-28,424,Justice,Citizenship Applications,https://www.oireachtas.ie/en/debates/question/2023-11-28/424/
Certificates of naturalisation issued,certificates,2017,8186,Parliamentary answer (Houses of the Oireachtas),2023-11-28,424,Justice,Citizenship Applications,https://www.oireachtas.ie/en/debates/question/2023-11-28/424/
Certificates of naturalisation issued,certificates,2018,8213,Parliamentary answer (Houses of the Oireachtas),2023-11-28,424,Justice,Citizenship Applications,https://www.oireachtas.ie/en/debates/question/2023-11-28/424/
Certificates of naturalisation issued,certificates,2019,5781,Parliamentary answer (Houses of the Oireachtas),2023-11-28,424,Justice,Citizenship Applications,https://www.oireachtas.ie/en/debates/question/2023-11-28/424/
Certificates of naturalisation issued,certificates,2020,5468,Parliamentary answer (Houses of the Oireachtas),2023-11-28,424,Justice,Citizenship Applications,https://www.oireachtas.ie/en/debates/question/2023-11-28/424/
Certificates of naturalisation issued,certificates,2021,9776,Parliamentary answer (Houses of the Oireachtas),2023-11-28,424,Justice,Citizenship Applications,https://www.oireachtas.ie/en/debates/question/2023-11-28/424/
Certificates of naturalisation issued,certificates,2022,13601,Parliamentary answer (Houses of the Oireachtas),2023-11-28,424,Justice,Citizenship Applications,https://www.oireachtas.ie/en/debates/question/2023-11-28/424/
Citizenship (naturalisation) applications received,applications,2021,11975,Parliamentary answer (Houses of the Oireachtas),2026-09-07,2397,Justice,Naturalisation Applications,https://www.oireachtas.ie/en/debates/question/2026-09-07/2397/
Citizenship (naturalisation) applications received,applications,2022,17202,Parliamentary answer (Houses of the Oireachtas),2026-09-07,2397,Justice,Naturalisation Applications,https://www.oireachtas.ie/en/debates/question/2026-09-07/2397/
Citizenship (naturalisation) applications received,applications,2023,22690,Parliamentary answer (Houses of the Oireachtas),2026-09-07,2397,Justice,Naturalisation Applications,https://www.oireachtas.ie/en/debates/question/2026-09-07/2397/
Citizenship (naturalisation) applications received,applications,2024,27032,Parliamentary answer (Houses of the Oireachtas),2026-09-07,2397,Justice,Naturalisation Applications,https://www.oireachtas.ie/en/debates/question/2026-09-07/2397/
Citizenship (naturalisation) applications received,applications,2025,41511,Parliamentary answer (Houses of the Oireachtas),2026-09-07,2397,Justice,Naturalisation Applications,https://www.oireachtas.ie/en/debates/question/2026-09-07/2397/
Citizenship (naturalisation) applications received,applications,2026,22055,Parliamentary answer (Houses of the Oireachtas),2026-09-07,2397,Justice,Naturalisation Applications,https://www.oireachtas.ie/en/debates/question/2026-09-07/2397/
Deportation orders issued,orders,2011,1353,Parliamentary answer (Houses of the Oireachtas),2021-11-23,474,Justice,Deportation Orders,https://www.oireachtas.ie/en/debates/question/2021-11-23/474/
Deportation orders issued,orders,2012,1330,Parliamentary answer (Houses of the Oireachtas),2021-11-23,474,Justice,Deportation Orders,https://www.oireachtas.ie/en/debates/question/2021-11-23/474/
Deportation orders issued,orders,2013,1173,Parliamentary answer (Houses of the Oireachtas),2021-11-23,474,Justice,Deportation Orders,https://www.oireachtas.ie/en/debates/question/2021-11-23/474/
Deportation orders issued,orders,2014,959,Parliamentary answer (Houses of the Oireachtas),2021-11-23,474,Justice,Deportation Orders,https://www.oireachtas.ie/en/debates/question/2021-11-23/474/
Deportation orders issued,orders,2015,817,Parliamentary answer (Houses of the Oireachtas),2021-11-23,474,Justice,Deportation Orders,https://www.oireachtas.ie/en/debates/question/2021-11-23/474/
Deportation orders issued,orders,2016,1442,Parliamentary answer (Houses of the Oireachtas),2021-11-23,474,Justice,Deportation Orders,https://www.oireachtas.ie/en/debates/question/2021-11-23/474/
Deportation orders issued,orders,2017,1122,Parliamentary answer (Houses of the Oireachtas),2021-11-23,474,Justice,Deportation Orders,https://www.oireachtas.ie/en/debates/question/2021-11-23/474/
Deportation orders issued,orders,2018,1117,Parliamentary answer (Houses of the Oireachtas),2021-11-23,474,Justice,Deportation Orders,https://www.oireachtas.ie/en/debates/question/2021-11-23/474/
Deportation orders issued,orders,2019,2017,Parliamentary answer (Houses of the Oireachtas),2021-11-23,474,Justice,Deportation Orders,https://www.oireachtas.ie/en/debates/question/2021-11-23/474/
Deportation orders issued,orders,2020,873,Parliamentary answer (Houses of the Oireachtas),2021-11-23,474,Justice,Deportation Orders,https://www.oireachtas.ie/en/debates/question/2021-11-23/474/
Deportation orders issued,orders,2021,26,Parliamentary answer (Houses of the Oireachtas),2021-11-23,474,Justice,Deportation Orders,https://www.oireachtas.ie/en/debates/question/2021-11-23/474/
Deportation orders revoked,orders,2015,481,Parliamentary answer (Houses of the Oireachtas),2025-05-07,316,Justice,Deportation Orders,https://www.oireachtas.ie/en/debates/question/2025-05-07/316/
Deportation orders revoked,orders,2016,360,Parliamentary answer (Houses of the Oireachtas),2025-05-07,316,Justice,Deportation Orders,https://www.oireachtas.ie/en/debates/question/2025-05-07/316/
Deportation orders revoked,orders,2017,163,Parliamentary answer (Houses of the Oireachtas),2025-05-07,316,Justice,Deportation Orders,https://www.oireachtas.ie/en/debates/question/2025-05-07/316/
Deportation orders revoked,orders,2018,318,Parliamentary answer (Houses of the Oireachtas),2025-05-07,316,Justice,Deportation Orders,https://www.oireachtas.ie/en/debates/question/2025-05-07/316/
Deportation orders revoked,orders,2019,340,Parliamentary answer (Houses of the Oireachtas),2025-05-07,316,Justice,Deportation Orders,https://www.oireachtas.ie/en/debates/question/2025-05-07/316/
Deportation orders revoked,orders,2020,301,Parliamentary answer (Houses of the Oireachtas),2025-05-07,316,Justice,Deportation Orders,https://www.oireachtas.ie/en/debates/question/2025-05-07/316/
Deportation orders revoked,orders,2021,232,Parliamentary answer (Houses of the Oireachtas),2025-05-07,316,Justice,Deportation Orders,https://www.oireachtas.ie/en/debates/question/2025-05-07/316/
Deportation orders revoked,orders,2022,586,Parliamentary answer (Houses of the Oireachtas),2025-05-07,316,Justice,Deportation Orders,https://www.oireachtas.ie/en/debates/question/2025-05-07/316/
Deportation orders revoked,orders,2023,416,Parliamentary answer (Houses of the Oireachtas),2025-05-07,316,Justice,Deportation Orders,https://www.oireachtas.ie/en/debates/question/2025-05-07/316/
Deportation orders revoked,orders,2024,524,Parliamentary answer (Houses of the Oireachtas),2025-05-07,316,Justice,Deportation Orders,https://www.oireachtas.ie/en/debates/question/2025-05-07/316/
Employment permits issued (as stated to the Dail),permits,2011,5200,Parliamentary answer (Houses of the Oireachtas),2026-06-23,289,Enterprise,Work Permits,https://www.oireachtas.ie/en/debates/question/2026-06-23/289/
Employment permits issued (as stated to the Dail),permits,2012,4007,Parliamentary answer (Houses of the Oireachtas),2026-06-23,289,Enterprise,Work Permits,https://www.oireachtas.ie/en/debates/question/2026-06-23/289/
Employment permits issued (as stated to the Dail),permits,2013,3863,Parliamentary answer (Houses of the Oireachtas),2026-06-23,289,Enterprise,Work Permits,https://www.oireachtas.ie/en/debates/question/2026-06-23/289/
Employment permits issued (as stated to the Dail),permits,2014,5495,Parliamentary answer (Houses of the Oireachtas),2026-06-23,289,Enterprise,Work Permits,https://www.oireachtas.ie/en/debates/question/2026-06-23/289/
Employment permits issued (as stated to the Dail),permits,2015,7253,Parliamentary answer (Houses of the Oireachtas),2026-06-23,289,Enterprise,Work Permits,https://www.oireachtas.ie/en/debates/question/2026-06-23/289/
Employment permits issued (as stated to the Dail),permits,2016,9373,Parliamentary answer (Houses of the Oireachtas),2026-06-23,289,Enterprise,Work Permits,https://www.oireachtas.ie/en/debates/question/2026-06-23/289/
Employment permits issued (as stated to the Dail),permits,2017,11361,Parliamentary answer (Houses of the Oireachtas),2026-06-23,289,Enterprise,Work Permits,https://www.oireachtas.ie/en/debates/question/2026-06-23/289/
Employment permits issued (as stated to the Dail),permits,2018,13398,Parliamentary answer (Houses of the Oireachtas),2026-06-23,289,Enterprise,Work Permits,https://www.oireachtas.ie/en/debates/question/2026-06-23/289/
Employment permits issued (as stated to the Dail),permits,2019,16383,Parliamentary answer (Houses of the Oireachtas),2026-06-23,289,Enterprise,Work Permits,https://www.oireachtas.ie/en/debates/question/2026-06-23/289/
Employment permits issued (as stated to the Dail),permits,2020,16419,Parliamentary answer (Houses of the Oireachtas),2026-06-23,289,Enterprise,Work Permits,https://www.oireachtas.ie/en/debates/question/2026-06-23/289/
Employment permits issued (as stated to the Dail),permits,2021,16275,Parliamentary answer (Houses of the Oireachtas),2026-06-23,289,Enterprise,Work Permits,https://www.oireachtas.ie/en/debates/question/2026-06-23/289/
Employment permits issued (as stated to the Dail),permits,2022,39955,Parliamentary answer (Houses of the Oireachtas),2026-06-23,289,Enterprise,Work Permits,https://www.oireachtas.ie/en/debates/question/2026-06-23/289/
Employment permits issued (as stated to the Dail),permits,2023,30981,Parliamentary answer (Houses of the Oireachtas),2026-06-23,289,Enterprise,Work Permits,https://www.oireachtas.ie/en/debates/question/2026-06-23/289/
Employment permits issued (as stated to the Dail),permits,2024,39390,Parliamentary answer (Houses of the Oireachtas),2026-06-23,289,Enterprise,Work Permits,https://www.oireachtas.ie/en/debates/question/2026-06-23/289/
Employment permits issued (as stated to the Dail),permits,2025,31044,Parliamentary answer (Houses of the Oireachtas),2026-06-23,289,Enterprise,Work Permits,https://www.oireachtas.ie/en/debates/question/2026-06-23/289/
Employment permits issued (as stated to the Dail),permits,2026,15535,Parliamentary answer (Houses of the Oireachtas),2026-06-23,289,Enterprise,Work Permits,https://www.oireachtas.ie/en/debates/question/2026-06-23/289/
International protection applications received,applications,2011,1290,Parliamentary answer (Houses of the Oireachtas),2026-06-23,515,Justice,International Protection,https://www.oireachtas.ie/en/debates/question/2026-06-23/515/
International protection applications received,applications,2012,956,Parliamentary answer (Houses of the Oireachtas),2026-06-23,515,Justice,International Protection,https://www.oireachtas.ie/en/debates/question/2026-06-23/515/
International protection applications received,applications,2013,947,Parliamentary answer (Houses of the Oireachtas),2026-06-23,515,Justice,International Protection,https://www.oireachtas.ie/en/debates/question/2026-06-23/515/
International protection applications received,applications,2014,1448,Parliamentary answer (Houses of the Oireachtas),2026-06-23,515,Justice,International Protection,https://www.oireachtas.ie/en/debates/question/2026-06-23/515/
International protection applications received,applications,2015,3276,Parliamentary answer (Houses of the Oireachtas),2026-06-23,515,Justice,International Protection,https://www.oireachtas.ie/en/debates/question/2026-06-23/515/
International protection applications received,applications,2016,2244,Parliamentary answer (Houses of the Oireachtas),2026-06-23,515,Justice,International Protection,https://www.oireachtas.ie/en/debates/question/2026-06-23/515/
International protection applications received,applications,2017,2920,Parliamentary answer (Houses of the Oireachtas),2026-06-23,515,Justice,International Protection,https://www.oireachtas.ie/en/debates/question/2026-06-23/515/
International protection applications received,applications,2018,3674,Parliamentary answer (Houses of the Oireachtas),2026-06-23,515,Justice,International Protection,https://www.oireachtas.ie/en/debates/question/2026-06-23/515/
International protection applications received,applications,2019,4783,Parliamentary answer (Houses of the Oireachtas),2026-06-23,515,Justice,International Protection,https://www.oireachtas.ie/en/debates/question/2026-06-23/515/
International protection applications received,applications,2020,1565,Parliamentary answer (Houses of the Oireachtas),2026-06-23,515,Justice,International Protection,https://www.oireachtas.ie/en/debates/question/2026-06-23/515/
International protection applications received,applications,2021,2647,Parliamentary answer (Houses of the Oireachtas),2026-06-23,515,Justice,International Protection,https://www.oireachtas.ie/en/debates/question/2026-06-23/515/
International protection applications received,applications,2022,13642,Parliamentary answer (Houses of the Oireachtas),2026-06-23,515,Justice,International Protection,https://www.oireachtas.ie/en/debates/question/2026-06-23/515/
International protection applications received,applications,2023,13271,Parliamentary answer (Houses of the Oireachtas),2026-06-23,515,Justice,International Protection,https://www.oireachtas.ie/en/debates/question/2026-06-23/515/
International protection applications received,applications,2024,18553,Parliamentary answer (Houses of the Oireachtas),2026-06-23,515,Justice,International Protection,https://www.oireachtas.ie/en/debates/question/2026-06-23/515/
International protection applications received,applications,2025,13162,Parliamentary answer (Houses of the Oireachtas),2026-06-23,515,Justice,International Protection,https://www.oireachtas.ie/en/debates/question/2026-06-23/515/
International protection applications received,applications,2026,5135,Parliamentary answer (Houses of the Oireachtas),2026-06-23,515,Justice,International Protection,https://www.oireachtas.ie/en/debates/question/2026-06-23/515/
International protection refusals (refugee status and subsidiary protection),refusals,2013,770,Parliamentary answer (Houses of the Oireachtas),2022-12-06,481,Justice,Asylum Applications,https://www.oireachtas.ie/en/debates/question/2022-12-06/481/
International protection refusals (refugee status and subsidiary protection),refusals,2014,1547,Parliamentary answer (Houses of the Oireachtas),2022-12-06,481,Justice,Asylum Applications,https://www.oireachtas.ie/en/debates/question/2022-12-06/481/
International protection refusals (refugee status and subsidiary protection),refusals,2015,2244,Parliamentary answer (Houses of the Oireachtas),2022-12-06,481,Justice,Asylum Applications,https://www.oireachtas.ie/en/debates/question/2022-12-06/481/
International protection refusals (refugee status and subsidiary protection),refusals,2016,2070,Parliamentary answer (Houses of the Oireachtas),2022-12-06,481,Justice,Asylum Applications,https://www.oireachtas.ie/en/debates/question/2022-12-06/481/
International protection refusals (refugee status and subsidiary protection),refusals,2017,408,Parliamentary answer (Houses of the Oireachtas),2022-12-06,481,Justice,Asylum Applications,https://www.oireachtas.ie/en/debates/question/2022-12-06/481/
International protection refusals (refugee status and subsidiary protection),refusals,2018,551,Parliamentary answer (Houses of the Oireachtas),2022-12-06,481,Justice,Asylum Applications,https://www.oireachtas.ie/en/debates/question/2022-12-06/481/
International protection refusals (refugee status and subsidiary protection),refusals,2019,1745,Parliamentary answer (Houses of the Oireachtas),2022-12-06,481,Justice,Asylum Applications,https://www.oireachtas.ie/en/debates/question/2022-12-06/481/
International protection refusals (refugee status and subsidiary protection),refusals,2020,951,Parliamentary answer (Houses of the Oireachtas),2022-12-06,481,Justice,Asylum Applications,https://www.oireachtas.ie/en/debates/question/2022-12-06/481/
International protection refusals (refugee status and subsidiary protection),refusals,2021,981,Parliamentary answer (Houses of the Oireachtas),2022-12-06,481,Justice,Asylum Applications,https://www.oireachtas.ie/en/debates/question/2022-12-06/481/
International protection refusals (refugee status and subsidiary protection),refusals,2022,3530,Parliamentary answer (Houses of the Oireachtas),2022-12-06,481,Justice,Asylum Applications,https://www.oireachtas.ie/en/debates/question/2022-12-06/481/
