table_label,metric,year,count,percent,raw_cell,source_file,source_url,pq_url
All First instance decisions,"Granted (RS, SP, PTR)",2020,725,,725,data/raw/pq_attachments/2026-07-14_pq-527-530-14-07-2026_en.docx,https://data.oireachtas.ie/ie/oireachtas/debates/questions/supportingDocumentation/2026-07-14_pq-527-530-14-07-2026_en.docx,https://www.oireachtas.ie/en/debates/question/2026-07-14/530/
All First instance decisions,"Granted (RS, SP, PTR)",2021,1521,,"1,521",data/raw/pq_attachments/2026-07-14_pq-527-530-14-07-2026_en.docx,https://data.oireachtas.ie/ie/oireachtas/debates/questions/supportingDocumentation/2026-07-14_pq-527-530-14-07-2026_en.docx,https://www.oireachtas.ie/en/debates/question/2026-07-14/530/
All First instance decisions,"Granted (RS, SP, PTR)",2022,3537,,"3,537",data/raw/pq_attachments/2026-07-14_pq-527-530-14-07-2026_en.docx,https://data.oireachtas.ie/ie/oireachtas/debates/questions/supportingDocumentation/2026-07-14_pq-527-530-14-07-2026_en.docx,https://www.oireachtas.ie/en/debates/question/2026-07-14/530/
All First instance decisions,"Granted (RS, SP, PTR)",2023,3235,,"3,235",data/raw/pq_attachments/2026-07-14_pq-527-530-14-07-2026_en.docx,https://data.oireachtas.ie/ie/oireachtas/debates/questions/supportingDocumentation/2026-07-14_pq-527-530-14-07-2026_en.docx,https://www.oireachtas.ie/en/debates/question/2026-07-14/530/
All First instance decisions,"Granted (RS, SP, PTR)",2024,3906,,"3,906",data/raw/pq_attachments/2026-07-14_pq-527-530-14-07-2026_en.docx,https://data.oireachtas.ie/ie/oireachtas/debates/questions/supportingDocumentation/2026-07-14_pq-527-530-14-07-2026_en.docx,https://www.oireachtas.ie/en/debates/question/2026-07-14/530/
All First instance decisions,"Granted (RS, SP, PTR)",2025,3743,,"3,743",data/raw/pq_attachments/2026-07-14_pq-527-530-14-07-2026_en.docx,https://data.oireachtas.ie/ie/oireachtas/debates/questions/supportingDocumentation/2026-07-14_pq-527-530-14-07-2026_en.docx,https://www.oireachtas.ie/en/debates/question/2026-07-14/530/
All First instance decisions,"Granted (RS, SP, PTR)",2026,1428,,"1,428",data/raw/pq_attachments/2026-07-14_pq-527-530-14-07-2026_en.docx,https://data.oireachtas.ie/ie/oireachtas/debates/questions/supportingDocumentation/2026-07-14_pq-527-530-14-07-2026_en.docx,https://www.oireachtas.ie/en/debates/question/2026-07-14/530/
All First instance decisions,Percentage,2020,,32.17,32.17%,data/raw/pq_attachments/2026-07-14_pq-527-530-14-07-2026_en.docx,https://data.oireachtas.ie/ie/oireachtas/debates/questions/supportingDocumentation/2026-07-14_pq-527-530-14-07-2026_en.docx,https://www.oireachtas.ie/en/debates/question/2026-07-14/530/
All First instance decisions,Percentage,2021,,61.78,61.78%,data/raw/pq_attachments/2026-07-14_pq-527-530-14-07-2026_en.docx,https://data.oireachtas.ie/ie/oireachtas/debates/questions/supportingDocumentation/2026-07-14_pq-527-530-14-07-2026_en.docx,https://www.oireachtas.ie/en/debates/question/2026-07-14/530/
All First instance decisions,Percentage,2022,,71.86,71.86%,data/raw/pq_attachments/2026-07-14_pq-527-530-14-07-2026_en.docx,https://data.oireachtas.ie/ie/oireachtas/debates/questions/supportingDocumentation/2026-07-14_pq-527-530-14-07-2026_en.docx,https://www.oireachtas.ie/en/debates/question/2026-07-14/530/
All First instance decisions,Percentage,2023,,36.79,36.79%,data/raw/pq_attachments/2026-07-14_pq-527-530-14-07-2026_en.docx,https://data.oireachtas.ie/ie/oireachtas/debates/questions/supportingDocumentation/2026-07-14_pq-527-530-14-07-2026_en.docx,https://www.oireachtas.ie/en/debates/question/2026-07-14/530/
All First instance decisions,Percentage,2024,,28.07,28.07%,data/raw/pq_attachments/2026-07-14_pq-527-530-14-07-2026_en.docx,https://data.oireachtas.ie/ie/oireachtas/debates/questions/supportingDocumentation/2026-07-14_pq-527-530-14-07-2026_en.docx,https://www.oireachtas.ie/en/debates/question/2026-07-14/530/
All First instance decisions,Percentage,2025,,18.55,18.55%,data/raw/pq_attachments/2026-07-14_pq-527-530-14-07-2026_en.docx,https://data.oireachtas.ie/ie/oireachtas/debates/questions/supportingDocumentation/2026-07-14_pq-527-530-14-07-2026_en.docx,https://www.oireachtas.ie/en/debates/question/2026-07-14/530/
All First instance decisions,Percentage,2026,,15.6,15.6%,data/raw/pq_attachments/2026-07-14_pq-527-530-14-07-2026_en.docx,https://data.oireachtas.ie/ie/oireachtas/debates/questions/supportingDocumentation/2026-07-14_pq-527-530-14-07-2026_en.docx,https://www.oireachtas.ie/en/debates/question/2026-07-14/530/
All First instance decisions,Refused / withdrew / inadmissible/ Dormant,2020,1529,,1529,data/raw/pq_attachments/2026-07-14_pq-527-530-14-07-2026_en.docx,https://data.oireachtas.ie/ie/oireachtas/debates/questions/supportingDocumentation/2026-07-14_pq-527-530-14-07-2026_en.docx,https://www.oireachtas.ie/en/debates/question/2026-07-14/530/
All First instance decisions,Refused / withdrew / inadmissible/ Dormant,2021,941,,941,data/raw/pq_attachments/2026-07-14_pq-527-530-14-07-2026_en.docx,https://data.oireachtas.ie/ie/oireachtas/debates/questions/supportingDocumentation/2026-07-14_pq-527-530-14-07-2026_en.docx,https://www.oireachtas.ie/en/debates/question/2026-07-14/530/
All First instance decisions,Refused / withdrew / inadmissible/ Dormant,2022,1385,,"1,385",data/raw/pq_attachments/2026-07-14_pq-527-530-14-07-2026_en.docx,https://data.oireachtas.ie/ie/oireachtas/debates/questions/supportingDocumentation/2026-07-14_pq-527-530-14-07-2026_en.docx,https://www.oireachtas.ie/en/debates/question/2026-07-14/530/
All First instance decisions,Refused / withdrew / inadmissible/ Dormant,2023,5558,,"5,558",data/raw/pq_attachments/2026-07-14_pq-527-530-14-07-2026_en.docx,https://data.oireachtas.ie/ie/oireachtas/debates/questions/supportingDocumentation/2026-07-14_pq-527-530-14-07-2026_en.docx,https://www.oireachtas.ie/en/debates/question/2026-07-14/530/
All First instance decisions,Refused / withdrew / inadmissible/ Dormant,2024,10010,,"10,010",data/raw/pq_attachments/2026-07-14_pq-527-530-14-07-2026_en.docx,https://data.oireachtas.ie/ie/oireachtas/debates/questions/supportingDocumentation/2026-07-14_pq-527-530-14-07-2026_en.docx,https://www.oireachtas.ie/en/debates/question/2026-07-14/530/
All First instance decisions,Refused / withdrew / inadmissible/ Dormant,2025,16434,,"16,434",data/raw/pq_attachments/2026-07-14_pq-527-530-14-07-2026_en.docx,https://data.oireachtas.ie/ie/oireachtas/debates/questions/supportingDocumentation/2026-07-14_pq-527-530-14-07-2026_en.docx,https://www.oireachtas.ie/en/debates/question/2026-07-14/530/
All First instance decisions,Refused / withdrew / inadmissible/ Dormant,2026,7730,,"7,730",data/raw/pq_attachments/2026-07-14_pq-527-530-14-07-2026_en.docx,https://data.oireachtas.ie/ie/oireachtas/debates/questions/supportingDocumentation/2026-07-14_pq-527-530-14-07-2026_en.docx,https://www.oireachtas.ie/en/debates/question/2026-07-14/530/
All First instance decisions,Percentage,2020,,67.83,67.83%,data/raw/pq_attachments/2026-07-14_pq-527-530-14-07-2026_en.docx,https://data.oireachtas.ie/ie/oireachtas/debates/questions/supportingDocumentation/2026-07-14_pq-527-530-14-07-2026_en.docx,https://www.oireachtas.ie/en/debates/question/2026-07-14/530/
All First instance decisions,Percentage,2021,,38.22,38.22%,data/raw/pq_attachments/2026-07-14_pq-527-530-14-07-2026_en.docx,https://data.oireachtas.ie/ie/oireachtas/debates/questions/supportingDocumentation/2026-07-14_pq-527-530-14-07-2026_en.docx,https://www.oireachtas.ie/en/debates/question/2026-07-14/530/
All First instance decisions,Percentage,2022,,28.14,28.14%,data/raw/pq_attachments/2026-07-14_pq-527-530-14-07-2026_en.docx,https://data.oireachtas.ie/ie/oireachtas/debates/questions/supportingDocumentation/2026-07-14_pq-527-530-14-07-2026_en.docx,https://www.oireachtas.ie/en/debates/question/2026-07-14/530/
All First instance decisions,Percentage,2023,,63.21,63.21%,data/raw/pq_attachments/2026-07-14_pq-527-530-14-07-2026_en.docx,https://data.oireachtas.ie/ie/oireachtas/debates/questions/supportingDocumentation/2026-07-14_pq-527-530-14-07-2026_en.docx,https://www.oireachtas.ie/en/debates/question/2026-07-14/530/
All First instance decisions,Percentage,2024,,71.93,71.93%,data/raw/pq_attachments/2026-07-14_pq-527-530-14-07-2026_en.docx,https://data.oireachtas.ie/ie/oireachtas/debates/questions/supportingDocumentation/2026-07-14_pq-527-530-14-07-2026_en.docx,https://www.oireachtas.ie/en/debates/question/2026-07-14/530/
All First instance decisions,Percentage,2025,,81.45,81.45%,data/raw/pq_attachments/2026-07-14_pq-527-530-14-07-2026_en.docx,https://data.oireachtas.ie/ie/oireachtas/debates/questions/supportingDocumentation/2026-07-14_pq-527-530-14-07-2026_en.docx,https://www.oireachtas.ie/en/debates/question/2026-07-14/530/
All First instance decisions,Percentage,2026,,84.4,84.4%,data/raw/pq_attachments/2026-07-14_pq-527-530-14-07-2026_en.docx,https://data.oireachtas.ie/ie/oireachtas/debates/questions/supportingDocumentation/2026-07-14_pq-527-530-14-07-2026_en.docx,https://www.oireachtas.ie/en/debates/question/2026-07-14/530/
All First instance decisions,Total first instance decisions,2020,2254,,"2,254",data/raw/pq_attachments/2026-07-14_pq-527-530-14-07-2026_en.docx,https://data.oireachtas.ie/ie/oireachtas/debates/questions/supportingDocumentation/2026-07-14_pq-527-530-14-07-2026_en.docx,https://www.oireachtas.ie/en/debates/question/2026-07-14/530/
All First instance decisions,Total first instance decisions,2021,2462,,"2,462",data/raw/pq_attachments/2026-07-14_pq-527-530-14-07-2026_en.docx,https://data.oireachtas.ie/ie/oireachtas/debates/questions/supportingDocumentation/2026-07-14_pq-527-530-14-07-2026_en.docx,https://www.oireachtas.ie/en/debates/question/2026-07-14/530/
All First instance decisions,Total first instance decisions,2022,4922,,"4,922",data/raw/pq_attachments/2026-07-14_pq-527-530-14-07-2026_en.docx,https://data.oireachtas.ie/ie/oireachtas/debates/questions/supportingDocumentation/2026-07-14_pq-527-530-14-07-2026_en.docx,https://www.oireachtas.ie/en/debates/question/2026-07-14/530/
All First instance decisions,Total first instance decisions,2023,8793,,"8,793",data/raw/pq_attachments/2026-07-14_pq-527-530-14-07-2026_en.docx,https://data.oireachtas.ie/ie/oireachtas/debates/questions/supportingDocumentation/2026-07-14_pq-527-530-14-07-2026_en.docx,https://www.oireachtas.ie/en/debates/question/2026-07-14/530/
All First instance decisions,Total first instance decisions,2024,13916,,"13,916",data/raw/pq_attachments/2026-07-14_pq-527-530-14-07-2026_en.docx,https://data.oireachtas.ie/ie/oireachtas/debates/questions/supportingDocumentation/2026-07-14_pq-527-530-14-07-2026_en.docx,https://www.oireachtas.ie/en/debates/question/2026-07-14/530/
All First instance decisions,Total first instance decisions,2025,20177,,"20,177",data/raw/pq_attachments/2026-07-14_pq-527-530-14-07-2026_en.docx,https://data.oireachtas.ie/ie/oireachtas/debates/questions/supportingDocumentation/2026-07-14_pq-527-530-14-07-2026_en.docx,https://www.oireachtas.ie/en/debates/question/2026-07-14/530/
All First instance decisions,Total first instance decisions,2026,9158,,"9,158",data/raw/pq_attachments/2026-07-14_pq-527-530-14-07-2026_en.docx,https://data.oireachtas.ie/ie/oireachtas/debates/questions/supportingDocumentation/2026-07-14_pq-527-530-14-07-2026_en.docx,https://www.oireachtas.ie/en/debates/question/2026-07-14/530/
Safe Country First instance decisions,"Granted (RS, SP, PTR)",2020,67,,67,data/raw/pq_attachments/2026-07-14_pq-527-530-14-07-2026_en.docx,https://data.oireachtas.ie/ie/oireachtas/debates/questions/supportingDocumentation/2026-07-14_pq-527-530-14-07-2026_en.docx,https://www.oireachtas.ie/en/debates/question/2026-07-14/530/
Safe Country First instance decisions,"Granted (RS, SP, PTR)",2021,71,,71,data/raw/pq_attachments/2026-07-14_pq-527-530-14-07-2026_en.docx,https://data.oireachtas.ie/ie/oireachtas/debates/questions/supportingDocumentation/2026-07-14_pq-527-530-14-07-2026_en.docx,https://www.oireachtas.ie/en/debates/question/2026-07-14/530/
Safe Country First instance decisions,"Granted (RS, SP, PTR)",2022,698,,698,data/raw/pq_attachments/2026-07-14_pq-527-530-14-07-2026_en.docx,https://data.oireachtas.ie/ie/oireachtas/debates/questions/supportingDocumentation/2026-07-14_pq-527-530-14-07-2026_en.docx,https://www.oireachtas.ie/en/debates/question/2026-07-14/530/
Safe Country First instance decisions,"Granted (RS, SP, PTR)",2023,394,,394,data/raw/pq_attachments/2026-07-14_pq-527-530-14-07-2026_en.docx,https://data.oireachtas.ie/ie/oireachtas/debates/questions/supportingDocumentation/2026-07-14_pq-527-530-14-07-2026_en.docx,https://www.oireachtas.ie/en/debates/question/2026-07-14/530/
Safe Country First instance decisions,"Granted (RS, SP, PTR)",2024,276,,276,data/raw/pq_attachments/2026-07-14_pq-527-530-14-07-2026_en.docx,https://data.oireachtas.ie/ie/oireachtas/debates/questions/supportingDocumentation/2026-07-14_pq-527-530-14-07-2026_en.docx,https://www.oireachtas.ie/en/debates/question/2026-07-14/530/
Safe Country First instance decisions,"Granted (RS, SP, PTR)",2025,209,,209,data/raw/pq_attachments/2026-07-14_pq-527-530-14-07-2026_en.docx,https://data.oireachtas.ie/ie/oireachtas/debates/questions/supportingDocumentation/2026-07-14_pq-527-530-14-07-2026_en.docx,https://www.oireachtas.ie/en/debates/question/2026-07-14/530/
Safe Country First instance decisions,"Granted (RS, SP, PTR)",2026,97,,97,data/raw/pq_attachments/2026-07-14_pq-527-530-14-07-2026_en.docx,https://data.oireachtas.ie/ie/oireachtas/debates/questions/supportingDocumentation/2026-07-14_pq-527-530-14-07-2026_en.docx,https://www.oireachtas.ie/en/debates/question/2026-07-14/530/
Safe Country First instance decisions,Percentage,2020,,11.74,11.74%,data/raw/pq_attachments/2026-07-14_pq-527-530-14-07-2026_en.docx,https://data.oireachtas.ie/ie/oireachtas/debates/questions/supportingDocumentation/2026-07-14_pq-527-530-14-07-2026_en.docx,https://www.oireachtas.ie/en/debates/question/2026-07-14/530/
Safe Country First instance decisions,Percentage,2021,,22.75,22.75%,data/raw/pq_attachments/2026-07-14_pq-527-530-14-07-2026_en.docx,https://data.oireachtas.ie/ie/oireachtas/debates/questions/supportingDocumentation/2026-07-14_pq-527-530-14-07-2026_en.docx,https://www.oireachtas.ie/en/debates/question/2026-07-14/530/
Safe Country First instance decisions,Percentage,2022,,66.8,66.80%,data/raw/pq_attachments/2026-07-14_pq-527-530-14-07-2026_en.docx,https://data.oireachtas.ie/ie/oireachtas/debates/questions/supportingDocumentation/2026-07-14_pq-527-530-14-07-2026_en.docx,https://www.oireachtas.ie/en/debates/question/2026-07-14/530/
Safe Country First instance decisions,Percentage,2023,,12.79,12.79%,data/raw/pq_attachments/2026-07-14_pq-527-530-14-07-2026_en.docx,https://data.oireachtas.ie/ie/oireachtas/debates/questions/supportingDocumentation/2026-07-14_pq-527-530-14-07-2026_en.docx,https://www.oireachtas.ie/en/debates/question/2026-07-14/530/
Safe Country First instance decisions,Percentage,2024,,9.1,9.10%,data/raw/pq_attachments/2026-07-14_pq-527-530-14-07-2026_en.docx,https://data.oireachtas.ie/ie/oireachtas/debates/questions/supportingDocumentation/2026-07-14_pq-527-530-14-07-2026_en.docx,https://www.oireachtas.ie/en/debates/question/2026-07-14/530/
Safe Country First instance decisions,Percentage,2025,,8.25,8.25%,data/raw/pq_attachments/2026-07-14_pq-527-530-14-07-2026_en.docx,https://data.oireachtas.ie/ie/oireachtas/debates/questions/supportingDocumentation/2026-07-14_pq-527-530-14-07-2026_en.docx,https://www.oireachtas.ie/en/debates/question/2026-07-14/530/
Safe Country First instance decisions,Percentage,2026,,10.34,10.34%,data/raw/pq_attachments/2026-07-14_pq-527-530-14-07-2026_en.docx,https://data.oireachtas.ie/ie/oireachtas/debates/questions/supportingDocumentation/2026-07-14_pq-527-530-14-07-2026_en.docx,https://www.oireachtas.ie/en/debates/question/2026-07-14/530/
Safe Country First instance decisions,Refused / withdrew / inadmissible/ Dormant,2020,504,,504,data/raw/pq_attachments/2026-07-14_pq-527-530-14-07-2026_en.docx,https://data.oireachtas.ie/ie/oireachtas/debates/questions/supportingDocumentation/2026-07-14_pq-527-530-14-07-2026_en.docx,https://www.oireachtas.ie/en/debates/question/2026-07-14/530/
Safe Country First instance decisions,Refused / withdrew / inadmissible/ Dormant,2021,241,,241,data/raw/pq_attachments/2026-07-14_pq-527-530-14-07-2026_en.docx,https://data.oireachtas.ie/ie/oireachtas/debates/questions/supportingDocumentation/2026-07-14_pq-527-530-14-07-2026_en.docx,https://www.oireachtas.ie/en/debates/question/2026-07-14/530/
Safe Country First instance decisions,Refused / withdrew / inadmissible/ Dormant,2022,347,,347,data/raw/pq_attachments/2026-07-14_pq-527-530-14-07-2026_en.docx,https://data.oireachtas.ie/ie/oireachtas/debates/questions/supportingDocumentation/2026-07-14_pq-527-530-14-07-2026_en.docx,https://www.oireachtas.ie/en/debates/question/2026-07-14/530/
Safe Country First instance decisions,Refused / withdrew / inadmissible/ Dormant,2023,2687,,"2,687",data/raw/pq_attachments/2026-07-14_pq-527-530-14-07-2026_en.docx,https://data.oireachtas.ie/ie/oireachtas/debates/questions/supportingDocumentation/2026-07-14_pq-527-530-14-07-2026_en.docx,https://www.oireachtas.ie/en/debates/question/2026-07-14/530/
Safe Country First instance decisions,Refused / withdrew / inadmissible/ Dormant,2024,2760,,"2,760",data/raw/pq_attachments/2026-07-14_pq-527-530-14-07-2026_en.docx,https://data.oireachtas.ie/ie/oireachtas/debates/questions/supportingDocumentation/2026-07-14_pq-527-530-14-07-2026_en.docx,https://www.oireachtas.ie/en/debates/question/2026-07-14/530/
Safe Country First instance decisions,Refused / withdrew / inadmissible/ Dormant,2025,2326,,"2,326",data/raw/pq_attachments/2026-07-14_pq-527-530-14-07-2026_en.docx,https://data.oireachtas.ie/ie/oireachtas/debates/questions/supportingDocumentation/2026-07-14_pq-527-530-14-07-2026_en.docx,https://www.oireachtas.ie/en/debates/question/2026-07-14/530/
Safe Country First instance decisions,Refused / withdrew / inadmissible/ Dormant,2026,842,,842,data/raw/pq_attachments/2026-07-14_pq-527-530-14-07-2026_en.docx,https://data.oireachtas.ie/ie/oireachtas/debates/questions/supportingDocumentation/2026-07-14_pq-527-530-14-07-2026_en.docx,https://www.oireachtas.ie/en/debates/question/2026-07-14/530/
Safe Country First instance decisions,Percentage,2020,,88.26,88.26%,data/raw/pq_attachments/2026-07-14_pq-527-530-14-07-2026_en.docx,https://data.oireachtas.ie/ie/oireachtas/debates/questions/supportingDocumentation/2026-07-14_pq-527-530-14-07-2026_en.docx,https://www.oireachtas.ie/en/debates/question/2026-07-14/530/
Safe Country First instance decisions,Percentage,2021,,77.25,77.25%,data/raw/pq_attachments/2026-07-14_pq-527-530-14-07-2026_en.docx,https://data.oireachtas.ie/ie/oireachtas/debates/questions/supportingDocumentation/2026-07-14_pq-527-530-14-07-2026_en.docx,https://www.oireachtas.ie/en/debates/question/2026-07-14/530/
Safe Country First instance decisions,Percentage,2022,,33.2,33.20%,data/raw/pq_attachments/2026-07-14_pq-527-530-14-07-2026_en.docx,https://data.oireachtas.ie/ie/oireachtas/debates/questions/supportingDocumentation/2026-07-14_pq-527-530-14-07-2026_en.docx,https://www.oireachtas.ie/en/debates/question/2026-07-14/530/
Safe Country First instance decisions,Percentage,2023,,87.21,87.21%,data/raw/pq_attachments/2026-07-14_pq-527-530-14-07-2026_en.docx,https://data.oireachtas.ie/ie/oireachtas/debates/questions/supportingDocumentation/2026-07-14_pq-527-530-14-07-2026_en.docx,https://www.oireachtas.ie/en/debates/question/2026-07-14/530/
Safe Country First instance decisions,Percentage,2024,,90.9,90.90%,data/raw/pq_attachments/2026-07-14_pq-527-530-14-07-2026_en.docx,https://data.oireachtas.ie/ie/oireachtas/debates/questions/supportingDocumentation/2026-07-14_pq-527-530-14-07-2026_en.docx,https://www.oireachtas.ie/en/debates/question/2026-07-14/530/
Safe Country First instance decisions,Percentage,2025,,91.75,91.75%,data/raw/pq_attachments/2026-07-14_pq-527-530-14-07-2026_en.docx,https://data.oireachtas.ie/ie/oireachtas/debates/questions/supportingDocumentation/2026-07-14_pq-527-530-14-07-2026_en.docx,https://www.oireachtas.ie/en/debates/question/2026-07-14/530/
Safe Country First instance decisions,Percentage,2026,,89.66,89.66%,data/raw/pq_attachments/2026-07-14_pq-527-530-14-07-2026_en.docx,https://data.oireachtas.ie/ie/oireachtas/debates/questions/supportingDocumentation/2026-07-14_pq-527-530-14-07-2026_en.docx,https://www.oireachtas.ie/en/debates/question/2026-07-14/530/
Safe Country First instance decisions,Total first instance decisions,2020,571,,571,data/raw/pq_attachments/2026-07-14_pq-527-530-14-07-2026_en.docx,https://data.oireachtas.ie/ie/oireachtas/debates/questions/supportingDocumentation/2026-07-14_pq-527-530-14-07-2026_en.docx,https://www.oireachtas.ie/en/debates/question/2026-07-14/530/
Safe Country First instance decisions,Total first instance decisions,2021,312,,312,data/raw/pq_attachments/2026-07-14_pq-527-530-14-07-2026_en.docx,https://data.oireachtas.ie/ie/oireachtas/debates/questions/supportingDocumentation/2026-07-14_pq-527-530-14-07-2026_en.docx,https://www.oireachtas.ie/en/debates/question/2026-07-14/530/
Safe Country First instance decisions,Total first instance decisions,2022,1045,,"1,045",data/raw/pq_attachments/2026-07-14_pq-527-530-14-07-2026_en.docx,https://data.oireachtas.ie/ie/oireachtas/debates/questions/supportingDocumentation/2026-07-14_pq-527-530-14-07-2026_en.docx,https://www.oireachtas.ie/en/debates/question/2026-07-14/530/
Safe Country First instance decisions,Total first instance decisions,2023,3081,,"3,081",data/raw/pq_attachments/2026-07-14_pq-527-530-14-07-2026_en.docx,https://data.oireachtas.ie/ie/oireachtas/debates/questions/supportingDocumentation/2026-07-14_pq-527-530-14-07-2026_en.docx,https://www.oireachtas.ie/en/debates/question/2026-07-14/530/
Safe Country First instance decisions,Total first instance decisions,2024,3036,,"3,036",data/raw/pq_attachments/2026-07-14_pq-527-530-14-07-2026_en.docx,https://data.oireachtas.ie/ie/oireachtas/debates/questions/supportingDocumentation/2026-07-14_pq-527-530-14-07-2026_en.docx,https://www.oireachtas.ie/en/debates/question/2026-07-14/530/
Safe Country First instance decisions,Total first instance decisions,2025,2535,,"2,535",data/raw/pq_attachments/2026-07-14_pq-527-530-14-07-2026_en.docx,https://data.oireachtas.ie/ie/oireachtas/debates/questions/supportingDocumentation/2026-07-14_pq-527-530-14-07-2026_en.docx,https://www.oireachtas.ie/en/debates/question/2026-07-14/530/
Safe Country First instance decisions,Total first instance decisions,2026,939,,939,data/raw/pq_attachments/2026-07-14_pq-527-530-14-07-2026_en.docx,https://data.oireachtas.ie/ie/oireachtas/debates/questions/supportingDocumentation/2026-07-14_pq-527-530-14-07-2026_en.docx,https://www.oireachtas.ie/en/debates/question/2026-07-14/530/
Appeal decisions,Granted/set aside,2020,317,,317,data/raw/pq_attachments/2026-07-14_pq-527-530-14-07-2026_en.docx,https://data.oireachtas.ie/ie/oireachtas/debates/questions/supportingDocumentation/2026-07-14_pq-527-530-14-07-2026_en.docx,https://www.oireachtas.ie/en/debates/question/2026-07-14/530/
Appeal decisions,Granted/set aside,2021,385,,385,data/raw/pq_attachments/2026-07-14_pq-527-530-14-07-2026_en.docx,https://data.oireachtas.ie/ie/oireachtas/debates/questions/supportingDocumentation/2026-07-14_pq-527-530-14-07-2026_en.docx,https://www.oireachtas.ie/en/debates/question/2026-07-14/530/
Appeal decisions,Granted/set aside,2022,496,,496,data/raw/pq_attachments/2026-07-14_pq-527-530-14-07-2026_en.docx,https://data.oireachtas.ie/ie/oireachtas/debates/questions/supportingDocumentation/2026-07-14_pq-527-530-14-07-2026_en.docx,https://www.oireachtas.ie/en/debates/question/2026-07-14/530/
Appeal decisions,Granted/set aside,2023,446,,446,data/raw/pq_attachments/2026-07-14_pq-527-530-14-07-2026_en.docx,https://data.oireachtas.ie/ie/oireachtas/debates/questions/supportingDocumentation/2026-07-14_pq-527-530-14-07-2026_en.docx,https://www.oireachtas.ie/en/debates/question/2026-07-14/530/
Appeal decisions,Granted/set aside,2024,819,,819,data/raw/pq_attachments/2026-07-14_pq-527-530-14-07-2026_en.docx,https://data.oireachtas.ie/ie/oireachtas/debates/questions/supportingDocumentation/2026-07-14_pq-527-530-14-07-2026_en.docx,https://www.oireachtas.ie/en/debates/question/2026-07-14/530/
Appeal decisions,Granted/set aside,2025,1488,,"1,488",data/raw/pq_attachments/2026-07-14_pq-527-530-14-07-2026_en.docx,https://data.oireachtas.ie/ie/oireachtas/debates/questions/supportingDocumentation/2026-07-14_pq-527-530-14-07-2026_en.docx,https://www.oireachtas.ie/en/debates/question/2026-07-14/530/
Appeal decisions,Granted/set aside,2026,1197,,"1,197",data/raw/pq_attachments/2026-07-14_pq-527-530-14-07-2026_en.docx,https://data.oireachtas.ie/ie/oireachtas/debates/questions/supportingDocumentation/2026-07-14_pq-527-530-14-07-2026_en.docx,https://www.oireachtas.ie/en/debates/question/2026-07-14/530/
Appeal decisions,Percentage,2020,,29.27,29.27%,data/raw/pq_attachments/2026-07-14_pq-527-530-14-07-2026_en.docx,https://data.oireachtas.ie/ie/oireachtas/debates/questions/supportingDocumentation/2026-07-14_pq-527-530-14-07-2026_en.docx,https://www.oireachtas.ie/en/debates/question/2026-07-14/530/
Appeal decisions,Percentage,2021,,36.6,36.60%,data/raw/pq_attachments/2026-07-14_pq-527-530-14-07-2026_en.docx,https://data.oireachtas.ie/ie/oireachtas/debates/questions/supportingDocumentation/2026-07-14_pq-527-530-14-07-2026_en.docx,https://www.oireachtas.ie/en/debates/question/2026-07-14/530/
Appeal decisions,Percentage,2022,,38.15,38.15%,data/raw/pq_attachments/2026-07-14_pq-527-530-14-07-2026_en.docx,https://data.oireachtas.ie/ie/oireachtas/debates/questions/supportingDocumentation/2026-07-14_pq-527-530-14-07-2026_en.docx,https://www.oireachtas.ie/en/debates/question/2026-07-14/530/
Appeal decisions,Percentage,2023,,28.19,28.19%,data/raw/pq_attachments/2026-07-14_pq-527-530-14-07-2026_en.docx,https://data.oireachtas.ie/ie/oireachtas/debates/questions/supportingDocumentation/2026-07-14_pq-527-530-14-07-2026_en.docx,https://www.oireachtas.ie/en/debates/question/2026-07-14/530/
Appeal decisions,Percentage,2024,,28.54,28.54%,data/raw/pq_attachments/2026-07-14_pq-527-530-14-07-2026_en.docx,https://data.oireachtas.ie/ie/oireachtas/debates/questions/supportingDocumentation/2026-07-14_pq-527-530-14-07-2026_en.docx,https://www.oireachtas.ie/en/debates/question/2026-07-14/530/
Appeal decisions,Percentage,2025,,27.03,27.03%,data/raw/pq_attachments/2026-07-14_pq-527-530-14-07-2026_en.docx,https://data.oireachtas.ie/ie/oireachtas/debates/questions/supportingDocumentation/2026-07-14_pq-527-530-14-07-2026_en.docx,https://www.oireachtas.ie/en/debates/question/2026-07-14/530/
Appeal decisions,Percentage,2026,,25.99,25.99%,data/raw/pq_attachments/2026-07-14_pq-527-530-14-07-2026_en.docx,https://data.oireachtas.ie/ie/oireachtas/debates/questions/supportingDocumentation/2026-07-14_pq-527-530-14-07-2026_en.docx,https://www.oireachtas.ie/en/debates/question/2026-07-14/530/
Appeal decisions,Refused/affirmed,2020,766,,766,data/raw/pq_attachments/2026-07-14_pq-527-530-14-07-2026_en.docx,https://data.oireachtas.ie/ie/oireachtas/debates/questions/supportingDocumentation/2026-07-14_pq-527-530-14-07-2026_en.docx,https://www.oireachtas.ie/en/debates/question/2026-07-14/530/
Appeal decisions,Refused/affirmed,2021,667,,667,data/raw/pq_attachments/2026-07-14_pq-527-530-14-07-2026_en.docx,https://data.oireachtas.ie/ie/oireachtas/debates/questions/supportingDocumentation/2026-07-14_pq-527-530-14-07-2026_en.docx,https://www.oireachtas.ie/en/debates/question/2026-07-14/530/
Appeal decisions,Refused/affirmed,2022,804,,804,data/raw/pq_attachments/2026-07-14_pq-527-530-14-07-2026_en.docx,https://data.oireachtas.ie/ie/oireachtas/debates/questions/supportingDocumentation/2026-07-14_pq-527-530-14-07-2026_en.docx,https://www.oireachtas.ie/en/debates/question/2026-07-14/530/
Appeal decisions,Refused/affirmed,2023,1136,,"1,136",data/raw/pq_attachments/2026-07-14_pq-527-530-14-07-2026_en.docx,https://data.oireachtas.ie/ie/oireachtas/debates/questions/supportingDocumentation/2026-07-14_pq-527-530-14-07-2026_en.docx,https://www.oireachtas.ie/en/debates/question/2026-07-14/530/
Appeal decisions,Refused/affirmed,2024,2051,,"2,051",data/raw/pq_attachments/2026-07-14_pq-527-530-14-07-2026_en.docx,https://data.oireachtas.ie/ie/oireachtas/debates/questions/supportingDocumentation/2026-07-14_pq-527-530-14-07-2026_en.docx,https://www.oireachtas.ie/en/debates/question/2026-07-14/530/
Appeal decisions,Refused/affirmed,2025,4016,,"4,016",data/raw/pq_attachments/2026-07-14_pq-527-530-14-07-2026_en.docx,https://data.oireachtas.ie/ie/oireachtas/debates/questions/supportingDocumentation/2026-07-14_pq-527-530-14-07-2026_en.docx,https://www.oireachtas.ie/en/debates/question/2026-07-14/530/
Appeal decisions,Refused/affirmed,2026,3408,,"3,408",data/raw/pq_attachments/2026-07-14_pq-527-530-14-07-2026_en.docx,https://data.oireachtas.ie/ie/oireachtas/debates/questions/supportingDocumentation/2026-07-14_pq-527-530-14-07-2026_en.docx,https://www.oireachtas.ie/en/debates/question/2026-07-14/530/
Appeal decisions,Percentage,2020,,70.73,70.73%,data/raw/pq_attachments/2026-07-14_pq-527-530-14-07-2026_en.docx,https://data.oireachtas.ie/ie/oireachtas/debates/questions/supportingDocumentation/2026-07-14_pq-527-530-14-07-2026_en.docx,https://www.oireachtas.ie/en/debates/question/2026-07-14/530/
Appeal decisions,Percentage,2021,,63.4,63.40%,data/raw/pq_attachments/2026-07-14_pq-527-530-14-07-2026_en.docx,https://data.oireachtas.ie/ie/oireachtas/debates/questions/supportingDocumentation/2026-07-14_pq-527-530-14-07-2026_en.docx,https://www.oireachtas.ie/en/debates/question/2026-07-14/530/
Appeal decisions,Percentage,2022,,61.85,61.85%,data/raw/pq_attachments/2026-07-14_pq-527-530-14-07-2026_en.docx,https://data.oireachtas.ie/ie/oireachtas/debates/questions/supportingDocumentation/2026-07-14_pq-527-530-14-07-2026_en.docx,https://www.oireachtas.ie/en/debates/question/2026-07-14/530/
Appeal decisions,Percentage,2023,,71.81,71.81%,data/raw/pq_attachments/2026-07-14_pq-527-530-14-07-2026_en.docx,https://data.oireachtas.ie/ie/oireachtas/debates/questions/supportingDocumentation/2026-07-14_pq-527-530-14-07-2026_en.docx,https://www.oireachtas.ie/en/debates/question/2026-07-14/530/
Appeal decisions,Percentage,2024,,71.46,71.46%,data/raw/pq_attachments/2026-07-14_pq-527-530-14-07-2026_en.docx,https://data.oireachtas.ie/ie/oireachtas/debates/questions/supportingDocumentation/2026-07-14_pq-527-530-14-07-2026_en.docx,https://www.oireachtas.ie/en/debates/question/2026-07-14/530/
Appeal decisions,Percentage,2025,,72.97,72.97%,data/raw/pq_attachments/2026-07-14_pq-527-530-14-07-2026_en.docx,https://data.oireachtas.ie/ie/oireachtas/debates/questions/supportingDocumentation/2026-07-14_pq-527-530-14-07-2026_en.docx,https://www.oireachtas.ie/en/debates/question/2026-07-14/530/
Appeal decisions,Percentage,2026,,74.01,74.01%,data/raw/pq_attachments/2026-07-14_pq-527-530-14-07-2026_en.docx,https://data.oireachtas.ie/ie/oireachtas/debates/questions/supportingDocumentation/2026-07-14_pq-527-530-14-07-2026_en.docx,https://www.oireachtas.ie/en/debates/question/2026-07-14/530/
Appeal decisions,Total,2020,1083,,"1,083",data/raw/pq_attachments/2026-07-14_pq-527-530-14-07-2026_en.docx,https://data.oireachtas.ie/ie/oireachtas/debates/questions/supportingDocumentation/2026-07-14_pq-527-530-14-07-2026_en.docx,https://www.oireachtas.ie/en/debates/question/2026-07-14/530/
Appeal decisions,Total,2021,1052,,"1,052",data/raw/pq_attachments/2026-07-14_pq-527-530-14-07-2026_en.docx,https://data.oireachtas.ie/ie/oireachtas/debates/questions/supportingDocumentation/2026-07-14_pq-527-530-14-07-2026_en.docx,https://www.oireachtas.ie/en/debates/question/2026-07-14/530/
Appeal decisions,Total,2022,1300,,"1,300",data/raw/pq_attachments/2026-07-14_pq-527-530-14-07-2026_en.docx,https://data.oireachtas.ie/ie/oireachtas/debates/questions/supportingDocumentation/2026-07-14_pq-527-530-14-07-2026_en.docx,https://www.oireachtas.ie/en/debates/question/2026-07-14/530/
Appeal decisions,Total,2023,1582,,"1,582",data/raw/pq_attachments/2026-07-14_pq-527-530-14-07-2026_en.docx,https://data.oireachtas.ie/ie/oireachtas/debates/questions/supportingDocumentation/2026-07-14_pq-527-530-14-07-2026_en.docx,https://www.oireachtas.ie/en/debates/question/2026-07-14/530/
Appeal decisions,Total,2024,2870,,"2,870",data/raw/pq_attachments/2026-07-14_pq-527-530-14-07-2026_en.docx,https://data.oireachtas.ie/ie/oireachtas/debates/questions/supportingDocumentation/2026-07-14_pq-527-530-14-07-2026_en.docx,https://www.oireachtas.ie/en/debates/question/2026-07-14/530/
Appeal decisions,Total,2025,5504,,"5,504",data/raw/pq_attachments/2026-07-14_pq-527-530-14-07-2026_en.docx,https://data.oireachtas.ie/ie/oireachtas/debates/questions/supportingDocumentation/2026-07-14_pq-527-530-14-07-2026_en.docx,https://www.oireachtas.ie/en/debates/question/2026-07-14/530/
Appeal decisions,Total,2026,4605,,"4,605",data/raw/pq_attachments/2026-07-14_pq-527-530-14-07-2026_en.docx,https://data.oireachtas.ie/ie/oireachtas/debates/questions/supportingDocumentation/2026-07-14_pq-527-530-14-07-2026_en.docx,https://www.oireachtas.ie/en/debates/question/2026-07-14/530/
table 0,Interpretation,2020,393372,,"393,372",data/raw/pq_attachments/2026-07-14_pq-533-14-07-2026_en.docx,https://data.oireachtas.ie/ie/oireachtas/debates/questions/supportingDocumentation/2026-07-14_pq-533-14-07-2026_en.docx,https://www.oireachtas.ie/en/debates/question/2026-07-14/533/
table 0,Interpretation,2021,148197,,"148,197",data/raw/pq_attachments/2026-07-14_pq-533-14-07-2026_en.docx,https://data.oireachtas.ie/ie/oireachtas/debates/questions/supportingDocumentation/2026-07-14_pq-533-14-07-2026_en.docx,https://www.oireachtas.ie/en/debates/question/2026-07-14/533/
table 0,Interpretation,2022,610796,,"610,796",data/raw/pq_attachments/2026-07-14_pq-533-14-07-2026_en.docx,https://data.oireachtas.ie/ie/oireachtas/debates/questions/supportingDocumentation/2026-07-14_pq-533-14-07-2026_en.docx,https://www.oireachtas.ie/en/debates/question/2026-07-14/533/
table 0,Interpretation,2023,1390317,,"1,390,317",data/raw/pq_attachments/2026-07-14_pq-533-14-07-2026_en.docx,https://data.oireachtas.ie/ie/oireachtas/debates/questions/supportingDocumentation/2026-07-14_pq-533-14-07-2026_en.docx,https://www.oireachtas.ie/en/debates/question/2026-07-14/533/
table 0,Interpretation,2024,2095316,,"2,095,316",data/raw/pq_attachments/2026-07-14_pq-533-14-07-2026_en.docx,https://data.oireachtas.ie/ie/oireachtas/debates/questions/supportingDocumentation/2026-07-14_pq-533-14-07-2026_en.docx,https://www.oireachtas.ie/en/debates/question/2026-07-14/533/
table 0,Interpretation,2025,5757893,,"5,757,893",data/raw/pq_attachments/2026-07-14_pq-533-14-07-2026_en.docx,https://data.oireachtas.ie/ie/oireachtas/debates/questions/supportingDocumentation/2026-07-14_pq-533-14-07-2026_en.docx,https://www.oireachtas.ie/en/debates/question/2026-07-14/533/
table 0,Interpretation,2026,2208401,,"2,208,401",data/raw/pq_attachments/2026-07-14_pq-533-14-07-2026_en.docx,https://data.oireachtas.ie/ie/oireachtas/debates/questions/supportingDocumentation/2026-07-14_pq-533-14-07-2026_en.docx,https://www.oireachtas.ie/en/debates/question/2026-07-14/533/
table 0,Translation,2020,300891,,"300,891",data/raw/pq_attachments/2026-07-14_pq-533-14-07-2026_en.docx,https://data.oireachtas.ie/ie/oireachtas/debates/questions/supportingDocumentation/2026-07-14_pq-533-14-07-2026_en.docx,https://www.oireachtas.ie/en/debates/question/2026-07-14/533/
table 0,Translation,2021,152519,,"152,519",data/raw/pq_attachments/2026-07-14_pq-533-14-07-2026_en.docx,https://data.oireachtas.ie/ie/oireachtas/debates/questions/supportingDocumentation/2026-07-14_pq-533-14-07-2026_en.docx,https://www.oireachtas.ie/en/debates/question/2026-07-14/533/
table 0,Translation,2022,1353857,,"1,353,857",data/raw/pq_attachments/2026-07-14_pq-533-14-07-2026_en.docx,https://data.oireachtas.ie/ie/oireachtas/debates/questions/supportingDocumentation/2026-07-14_pq-533-14-07-2026_en.docx,https://www.oireachtas.ie/en/debates/question/2026-07-14/533/
table 0,Translation,2023,2056763,,"2,056,763",data/raw/pq_attachments/2026-07-14_pq-533-14-07-2026_en.docx,https://data.oireachtas.ie/ie/oireachtas/debates/questions/supportingDocumentation/2026-07-14_pq-533-14-07-2026_en.docx,https://www.oireachtas.ie/en/debates/question/2026-07-14/533/
table 0,Translation,2024,1885612,,"1,885,612",data/raw/pq_attachments/2026-07-14_pq-533-14-07-2026_en.docx,https://data.oireachtas.ie/ie/oireachtas/debates/questions/supportingDocumentation/2026-07-14_pq-533-14-07-2026_en.docx,https://www.oireachtas.ie/en/debates/question/2026-07-14/533/
table 0,Translation,2025,2703406,,"2,703,406",data/raw/pq_attachments/2026-07-14_pq-533-14-07-2026_en.docx,https://data.oireachtas.ie/ie/oireachtas/debates/questions/supportingDocumentation/2026-07-14_pq-533-14-07-2026_en.docx,https://www.oireachtas.ie/en/debates/question/2026-07-14/533/
table 0,Translation,2026,667464,,"667,464",data/raw/pq_attachments/2026-07-14_pq-533-14-07-2026_en.docx,https://data.oireachtas.ie/ie/oireachtas/debates/questions/supportingDocumentation/2026-07-14_pq-533-14-07-2026_en.docx,https://www.oireachtas.ie/en/debates/question/2026-07-14/533/
Year,Non-International Protection VR,2020,105,,105,data/raw/pq_attachments/2026-07-14_pq-534-14-07-2026_en.docx,https://data.oireachtas.ie/ie/oireachtas/debates/questions/supportingDocumentation/2026-07-14_pq-534-14-07-2026_en.docx,https://www.oireachtas.ie/en/debates/question/2026-07-14/534/
Year,Non-International Protection VR,2021,72,,72,data/raw/pq_attachments/2026-07-14_pq-534-14-07-2026_en.docx,https://data.oireachtas.ie/ie/oireachtas/debates/questions/supportingDocumentation/2026-07-14_pq-534-14-07-2026_en.docx,https://www.oireachtas.ie/en/debates/question/2026-07-14/534/
Year,Non-International Protection VR,2022,50,,50,data/raw/pq_attachments/2026-07-14_pq-534-14-07-2026_en.docx,https://data.oireachtas.ie/ie/oireachtas/debates/questions/supportingDocumentation/2026-07-14_pq-534-14-07-2026_en.docx,https://www.oireachtas.ie/en/debates/question/2026-07-14/534/
Year,Non-International Protection VR,2023,105,,105,data/raw/pq_attachments/2026-07-14_pq-534-14-07-2026_en.docx,https://data.oireachtas.ie/ie/oireachtas/debates/questions/supportingDocumentation/2026-07-14_pq-534-14-07-2026_en.docx,https://www.oireachtas.ie/en/debates/question/2026-07-14/534/
Year,Non-International Protection VR,2024,240,,240,data/raw/pq_attachments/2026-07-14_pq-534-14-07-2026_en.docx,https://data.oireachtas.ie/ie/oireachtas/debates/questions/supportingDocumentation/2026-07-14_pq-534-14-07-2026_en.docx,https://www.oireachtas.ie/en/debates/question/2026-07-14/534/
Year,Non-International Protection VR,2025,417,,417,data/raw/pq_attachments/2026-07-14_pq-534-14-07-2026_en.docx,https://data.oireachtas.ie/ie/oireachtas/debates/questions/supportingDocumentation/2026-07-14_pq-534-14-07-2026_en.docx,https://www.oireachtas.ie/en/debates/question/2026-07-14/534/
Year,International Protection VR,2020,96,,96,data/raw/pq_attachments/2026-07-14_pq-534-14-07-2026_en.docx,https://data.oireachtas.ie/ie/oireachtas/debates/questions/supportingDocumentation/2026-07-14_pq-534-14-07-2026_en.docx,https://www.oireachtas.ie/en/debates/question/2026-07-14/534/
Year,International Protection VR,2021,60,,60,data/raw/pq_attachments/2026-07-14_pq-534-14-07-2026_en.docx,https://data.oireachtas.ie/ie/oireachtas/debates/questions/supportingDocumentation/2026-07-14_pq-534-14-07-2026_en.docx,https://www.oireachtas.ie/en/debates/question/2026-07-14/534/
Year,International Protection VR,2022,41,,41,data/raw/pq_attachments/2026-07-14_pq-534-14-07-2026_en.docx,https://data.oireachtas.ie/ie/oireachtas/debates/questions/supportingDocumentation/2026-07-14_pq-534-14-07-2026_en.docx,https://www.oireachtas.ie/en/debates/question/2026-07-14/534/
Year,International Protection VR,2023,108,,108,data/raw/pq_attachments/2026-07-14_pq-534-14-07-2026_en.docx,https://data.oireachtas.ie/ie/oireachtas/debates/questions/supportingDocumentation/2026-07-14_pq-534-14-07-2026_en.docx,https://www.oireachtas.ie/en/debates/question/2026-07-14/534/
Year,International Protection VR,2024,694,,694,data/raw/pq_attachments/2026-07-14_pq-534-14-07-2026_en.docx,https://data.oireachtas.ie/ie/oireachtas/debates/questions/supportingDocumentation/2026-07-14_pq-534-14-07-2026_en.docx,https://www.oireachtas.ie/en/debates/question/2026-07-14/534/
Year,International Protection VR,2025,1199,,1199,data/raw/pq_attachments/2026-07-14_pq-534-14-07-2026_en.docx,https://data.oireachtas.ie/ie/oireachtas/debates/questions/supportingDocumentation/2026-07-14_pq-534-14-07-2026_en.docx,https://www.oireachtas.ie/en/debates/question/2026-07-14/534/
Year,Total Number of Voluntary Returns,2020,201,,201,data/raw/pq_attachments/2026-07-14_pq-534-14-07-2026_en.docx,https://data.oireachtas.ie/ie/oireachtas/debates/questions/supportingDocumentation/2026-07-14_pq-534-14-07-2026_en.docx,https://www.oireachtas.ie/en/debates/question/2026-07-14/534/
Year,Total Number of Voluntary Returns,2021,132,,132,data/raw/pq_attachments/2026-07-14_pq-534-14-07-2026_en.docx,https://data.oireachtas.ie/ie/oireachtas/debates/questions/supportingDocumentation/2026-07-14_pq-534-14-07-2026_en.docx,https://www.oireachtas.ie/en/debates/question/2026-07-14/534/
Year,Total Number of Voluntary Returns,2022,91,,91,data/raw/pq_attachments/2026-07-14_pq-534-14-07-2026_en.docx,https://data.oireachtas.ie/ie/oireachtas/debates/questions/supportingDocumentation/2026-07-14_pq-534-14-07-2026_en.docx,https://www.oireachtas.ie/en/debates/question/2026-07-14/534/
Year,Total Number of Voluntary Returns,2023,213,,213,data/raw/pq_attachments/2026-07-14_pq-534-14-07-2026_en.docx,https://data.oireachtas.ie/ie/oireachtas/debates/questions/supportingDocumentation/2026-07-14_pq-534-14-07-2026_en.docx,https://www.oireachtas.ie/en/debates/question/2026-07-14/534/
Year,Total Number of Voluntary Returns,2024,934,,934,data/raw/pq_attachments/2026-07-14_pq-534-14-07-2026_en.docx,https://data.oireachtas.ie/ie/oireachtas/debates/questions/supportingDocumentation/2026-07-14_pq-534-14-07-2026_en.docx,https://www.oireachtas.ie/en/debates/question/2026-07-14/534/
Year,Total Number of Voluntary Returns,2025,1616,,1616,data/raw/pq_attachments/2026-07-14_pq-534-14-07-2026_en.docx,https://data.oireachtas.ie/ie/oireachtas/debates/questions/supportingDocumentation/2026-07-14_pq-534-14-07-2026_en.docx,https://www.oireachtas.ie/en/debates/question/2026-07-14/534/
-,Deportations,2021,5,,5,data/raw/pq_attachments/2026-07-14_pq-591-592a-14-07-2026_en.docx,https://data.oireachtas.ie/ie/oireachtas/debates/questions/supportingDocumentation/2026-07-14_pq-591-592a-14-07-2026_en.docx,https://www.oireachtas.ie/en/debates/question/2026-07-14/592/
-,Deportations,2022,13,,13,data/raw/pq_attachments/2026-07-14_pq-591-592a-14-07-2026_en.docx,https://data.oireachtas.ie/ie/oireachtas/debates/questions/supportingDocumentation/2026-07-14_pq-591-592a-14-07-2026_en.docx,https://www.oireachtas.ie/en/debates/question/2026-07-14/592/
-,Deportations,2023,15,,15,data/raw/pq_attachments/2026-07-14_pq-591-592a-14-07-2026_en.docx,https://data.oireachtas.ie/ie/oireachtas/debates/questions/supportingDocumentation/2026-07-14_pq-591-592a-14-07-2026_en.docx,https://www.oireachtas.ie/en/debates/question/2026-07-14/592/
-,Deportations,2024,23,,23,data/raw/pq_attachments/2026-07-14_pq-591-592a-14-07-2026_en.docx,https://data.oireachtas.ie/ie/oireachtas/debates/questions/supportingDocumentation/2026-07-14_pq-591-592a-14-07-2026_en.docx,https://www.oireachtas.ie/en/debates/question/2026-07-14/592/
-,Deportations,2025,76,,76,data/raw/pq_attachments/2026-07-14_pq-591-592a-14-07-2026_en.docx,https://data.oireachtas.ie/ie/oireachtas/debates/questions/supportingDocumentation/2026-07-14_pq-591-592a-14-07-2026_en.docx,https://www.oireachtas.ie/en/debates/question/2026-07-14/592/
-,EU Removals,2021,42,,42,data/raw/pq_attachments/2026-07-14_pq-591-592a-14-07-2026_en.docx,https://data.oireachtas.ie/ie/oireachtas/debates/questions/supportingDocumentation/2026-07-14_pq-591-592a-14-07-2026_en.docx,https://www.oireachtas.ie/en/debates/question/2026-07-14/592/
-,EU Removals,2022,37,,37,data/raw/pq_attachments/2026-07-14_pq-591-592a-14-07-2026_en.docx,https://data.oireachtas.ie/ie/oireachtas/debates/questions/supportingDocumentation/2026-07-14_pq-591-592a-14-07-2026_en.docx,https://www.oireachtas.ie/en/debates/question/2026-07-14/592/
-,EU Removals,2023,21,,21,data/raw/pq_attachments/2026-07-14_pq-591-592a-14-07-2026_en.docx,https://data.oireachtas.ie/ie/oireachtas/debates/questions/supportingDocumentation/2026-07-14_pq-591-592a-14-07-2026_en.docx,https://www.oireachtas.ie/en/debates/question/2026-07-14/592/
-,EU Removals,2024,18,,18,data/raw/pq_attachments/2026-07-14_pq-591-592a-14-07-2026_en.docx,https://data.oireachtas.ie/ie/oireachtas/debates/questions/supportingDocumentation/2026-07-14_pq-591-592a-14-07-2026_en.docx,https://www.oireachtas.ie/en/debates/question/2026-07-14/592/
-,EU Removals,2025,56,,56,data/raw/pq_attachments/2026-07-14_pq-591-592a-14-07-2026_en.docx,https://data.oireachtas.ie/ie/oireachtas/debates/questions/supportingDocumentation/2026-07-14_pq-591-592a-14-07-2026_en.docx,https://www.oireachtas.ie/en/debates/question/2026-07-14/592/
-,Total,2021,47,,47,data/raw/pq_attachments/2026-07-14_pq-591-592a-14-07-2026_en.docx,https://data.oireachtas.ie/ie/oireachtas/debates/questions/supportingDocumentation/2026-07-14_pq-591-592a-14-07-2026_en.docx,https://www.oireachtas.ie/en/debates/question/2026-07-14/592/
-,Total,2022,50,,50,data/raw/pq_attachments/2026-07-14_pq-591-592a-14-07-2026_en.docx,https://data.oireachtas.ie/ie/oireachtas/debates/questions/supportingDocumentation/2026-07-14_pq-591-592a-14-07-2026_en.docx,https://www.oireachtas.ie/en/debates/question/2026-07-14/592/
-,Total,2023,36,,36,data/raw/pq_attachments/2026-07-14_pq-591-592a-14-07-2026_en.docx,https://data.oireachtas.ie/ie/oireachtas/debates/questions/supportingDocumentation/2026-07-14_pq-591-592a-14-07-2026_en.docx,https://www.oireachtas.ie/en/debates/question/2026-07-14/592/
-,Total,2024,41,,41,data/raw/pq_attachments/2026-07-14_pq-591-592a-14-07-2026_en.docx,https://data.oireachtas.ie/ie/oireachtas/debates/questions/supportingDocumentation/2026-07-14_pq-591-592a-14-07-2026_en.docx,https://www.oireachtas.ie/en/debates/question/2026-07-14/592/
-,Total,2025,132,,132,data/raw/pq_attachments/2026-07-14_pq-591-592a-14-07-2026_en.docx,https://data.oireachtas.ie/ie/oireachtas/debates/questions/supportingDocumentation/2026-07-14_pq-591-592a-14-07-2026_en.docx,https://www.oireachtas.ie/en/debates/question/2026-07-14/592/
-,Violence towards other residents or staff,2021,3,,3,data/raw/pq_attachments/2026-02-11_pq-213-220-11-02-2026_en.docx,https://data.oireachtas.ie/ie/oireachtas/debates/questions/supportingDocumentation/2026-02-11_pq-213-220-11-02-2026_en.docx,https://www.oireachtas.ie/en/debates/question/2026-02-11/220/
-,Violence towards other residents or staff,2022,9,,9,data/raw/pq_attachments/2026-02-11_pq-213-220-11-02-2026_en.docx,https://data.oireachtas.ie/ie/oireachtas/debates/questions/supportingDocumentation/2026-02-11_pq-213-220-11-02-2026_en.docx,https://www.oireachtas.ie/en/debates/question/2026-02-11/220/
-,Violence towards other residents or staff,2023,20,,20,data/raw/pq_attachments/2026-02-11_pq-213-220-11-02-2026_en.docx,https://data.oireachtas.ie/ie/oireachtas/debates/questions/supportingDocumentation/2026-02-11_pq-213-220-11-02-2026_en.docx,https://www.oireachtas.ie/en/debates/question/2026-02-11/220/
-,Violence towards other residents or staff,2024,17,,17,data/raw/pq_attachments/2026-02-11_pq-213-220-11-02-2026_en.docx,https://data.oireachtas.ie/ie/oireachtas/debates/questions/supportingDocumentation/2026-02-11_pq-213-220-11-02-2026_en.docx,https://www.oireachtas.ie/en/debates/question/2026-02-11/220/
-,Violence towards other residents or staff,2025,14,,14,data/raw/pq_attachments/2026-02-11_pq-213-220-11-02-2026_en.docx,https://data.oireachtas.ie/ie/oireachtas/debates/questions/supportingDocumentation/2026-02-11_pq-213-220-11-02-2026_en.docx,https://www.oireachtas.ie/en/debates/question/2026-02-11/220/
First instance decisions,"Granted (RS, SP, PTR)",2021,1521,61.77,"1,521 61.77%",data/raw/pq_attachments/2026-02-11_pq-225a-11-02-2026_en.docx,https://data.oireachtas.ie/ie/oireachtas/debates/questions/supportingDocumentation/2026-02-11_pq-225a-11-02-2026_en.docx,https://www.oireachtas.ie/en/debates/question/2026-02-11/225/
First instance decisions,"Granted (RS, SP, PTR)",2022,3537,71.7,"3,537 71.70%",data/raw/pq_attachments/2026-02-11_pq-225a-11-02-2026_en.docx,https://data.oireachtas.ie/ie/oireachtas/debates/questions/supportingDocumentation/2026-02-11_pq-225a-11-02-2026_en.docx,https://www.oireachtas.ie/en/debates/question/2026-02-11/225/
First instance decisions,"Granted (RS, SP, PTR)",2023,3236,36.72,"3,236 36.72%",data/raw/pq_attachments/2026-02-11_pq-225a-11-02-2026_en.docx,https://data.oireachtas.ie/ie/oireachtas/debates/questions/supportingDocumentation/2026-02-11_pq-225a-11-02-2026_en.docx,https://www.oireachtas.ie/en/debates/question/2026-02-11/225/
First instance decisions,"Granted (RS, SP, PTR)",2024,3909,27.8,"3,909 27.80%",data/raw/pq_attachments/2026-02-11_pq-225a-11-02-2026_en.docx,https://data.oireachtas.ie/ie/oireachtas/debates/questions/supportingDocumentation/2026-02-11_pq-225a-11-02-2026_en.docx,https://www.oireachtas.ie/en/debates/question/2026-02-11/225/
First instance decisions,"Granted (RS, SP, PTR)",2025,3737,18.61,"3,737 18.61%",data/raw/pq_attachments/2026-02-11_pq-225a-11-02-2026_en.docx,https://data.oireachtas.ie/ie/oireachtas/debates/questions/supportingDocumentation/2026-02-11_pq-225a-11-02-2026_en.docx,https://www.oireachtas.ie/en/debates/question/2026-02-11/225/
First instance decisions,"Granted (RS, SP, PTR)",2026,241,12.42,241 12.42%,data/raw/pq_attachments/2026-02-11_pq-225a-11-02-2026_en.docx,https://data.oireachtas.ie/ie/oireachtas/debates/questions/supportingDocumentation/2026-02-11_pq-225a-11-02-2026_en.docx,https://www.oireachtas.ie/en/debates/question/2026-02-11/225/
First instance decisions,Refused / withdrew / inadmissible/ Dormant,2021,941,38.22,941 38.22%,data/raw/pq_attachments/2026-02-11_pq-225a-11-02-2026_en.docx,https://data.oireachtas.ie/ie/oireachtas/debates/questions/supportingDocumentation/2026-02-11_pq-225a-11-02-2026_en.docx,https://www.oireachtas.ie/en/debates/question/2026-02-11/225/
First instance decisions,Refused / withdrew / inadmissible/ Dormant,2022,1396,28.3,"1,396 28.30%",data/raw/pq_attachments/2026-02-11_pq-225a-11-02-2026_en.docx,https://data.oireachtas.ie/ie/oireachtas/debates/questions/supportingDocumentation/2026-02-11_pq-225a-11-02-2026_en.docx,https://www.oireachtas.ie/en/debates/question/2026-02-11/225/
First instance decisions,Refused / withdrew / inadmissible/ Dormant,2023,5577,63.28,"5,577 63.28%",data/raw/pq_attachments/2026-02-11_pq-225a-11-02-2026_en.docx,https://data.oireachtas.ie/ie/oireachtas/debates/questions/supportingDocumentation/2026-02-11_pq-225a-11-02-2026_en.docx,https://www.oireachtas.ie/en/debates/question/2026-02-11/225/
First instance decisions,Refused / withdrew / inadmissible/ Dormant,2024,10152,72.2,"10,152 72.20%",data/raw/pq_attachments/2026-02-11_pq-225a-11-02-2026_en.docx,https://data.oireachtas.ie/ie/oireachtas/debates/questions/supportingDocumentation/2026-02-11_pq-225a-11-02-2026_en.docx,https://www.oireachtas.ie/en/debates/question/2026-02-11/225/
First instance decisions,Refused / withdrew / inadmissible/ Dormant,2025,16504,81.39,"16,504 81.39%",data/raw/pq_attachments/2026-02-11_pq-225a-11-02-2026_en.docx,https://data.oireachtas.ie/ie/oireachtas/debates/questions/supportingDocumentation/2026-02-11_pq-225a-11-02-2026_en.docx,https://www.oireachtas.ie/en/debates/question/2026-02-11/225/
First instance decisions,Refused / withdrew / inadmissible/ Dormant,2026,1699,87.57,1699 87.57%,data/raw/pq_attachments/2026-02-11_pq-225a-11-02-2026_en.docx,https://data.oireachtas.ie/ie/oireachtas/debates/questions/supportingDocumentation/2026-02-11_pq-225a-11-02-2026_en.docx,https://www.oireachtas.ie/en/debates/question/2026-02-11/225/
Year,Deportation orders signed,2021,33,,33,data/raw/pq_attachments/2026-02-11_pq-226-228-11-02-2026_en.docx,https://data.oireachtas.ie/ie/oireachtas/debates/questions/supportingDocumentation/2026-02-11_pq-226-228-11-02-2026_en.docx,https://www.oireachtas.ie/en/debates/question/2026-02-11/228/
Year,Deportation orders signed,2022,549,,549,data/raw/pq_attachments/2026-02-11_pq-226-228-11-02-2026_en.docx,https://data.oireachtas.ie/ie/oireachtas/debates/questions/supportingDocumentation/2026-02-11_pq-226-228-11-02-2026_en.docx,https://www.oireachtas.ie/en/debates/question/2026-02-11/228/
Year,Deportation orders signed,2023,859,,859,data/raw/pq_attachments/2026-02-11_pq-226-228-11-02-2026_en.docx,https://data.oireachtas.ie/ie/oireachtas/debates/questions/supportingDocumentation/2026-02-11_pq-226-228-11-02-2026_en.docx,https://www.oireachtas.ie/en/debates/question/2026-02-11/228/
Year,Deportation orders signed,2024,2403,,"2,403",data/raw/pq_attachments/2026-02-11_pq-226-228-11-02-2026_en.docx,https://data.oireachtas.ie/ie/oireachtas/debates/questions/supportingDocumentation/2026-02-11_pq-226-228-11-02-2026_en.docx,https://www.oireachtas.ie/en/debates/question/2026-02-11/228/
Year,Deportation orders signed,2025,4700,,"4,700",data/raw/pq_attachments/2026-02-11_pq-226-228-11-02-2026_en.docx,https://data.oireachtas.ie/ie/oireachtas/debates/questions/supportingDocumentation/2026-02-11_pq-226-228-11-02-2026_en.docx,https://www.oireachtas.ie/en/debates/question/2026-02-11/228/
Year,Enforced Deportations,2021,5,,5,data/raw/pq_attachments/2026-02-11_pq-226-228-11-02-2026_en.docx,https://data.oireachtas.ie/ie/oireachtas/debates/questions/supportingDocumentation/2026-02-11_pq-226-228-11-02-2026_en.docx,https://www.oireachtas.ie/en/debates/question/2026-02-11/228/
Year,Enforced Deportations,2022,24,,24,data/raw/pq_attachments/2026-02-11_pq-226-228-11-02-2026_en.docx,https://data.oireachtas.ie/ie/oireachtas/debates/questions/supportingDocumentation/2026-02-11_pq-226-228-11-02-2026_en.docx,https://www.oireachtas.ie/en/debates/question/2026-02-11/228/
Year,Enforced Deportations,2023,51,,51,data/raw/pq_attachments/2026-02-11_pq-226-228-11-02-2026_en.docx,https://data.oireachtas.ie/ie/oireachtas/debates/questions/supportingDocumentation/2026-02-11_pq-226-228-11-02-2026_en.docx,https://www.oireachtas.ie/en/debates/question/2026-02-11/228/
Year,Enforced Deportations,2024,134,,134,data/raw/pq_attachments/2026-02-11_pq-226-228-11-02-2026_en.docx,https://data.oireachtas.ie/ie/oireachtas/debates/questions/supportingDocumentation/2026-02-11_pq-226-228-11-02-2026_en.docx,https://www.oireachtas.ie/en/debates/question/2026-02-11/228/
Year,Enforced Deportations,2025,185,,185,data/raw/pq_attachments/2026-02-11_pq-226-228-11-02-2026_en.docx,https://data.oireachtas.ie/ie/oireachtas/debates/questions/supportingDocumentation/2026-02-11_pq-226-228-11-02-2026_en.docx,https://www.oireachtas.ie/en/debates/question/2026-02-11/228/
Year,Removed by Charter,2025,182,,182,data/raw/pq_attachments/2026-02-11_pq-226-228-11-02-2026_en.docx,https://data.oireachtas.ie/ie/oireachtas/debates/questions/supportingDocumentation/2026-02-11_pq-226-228-11-02-2026_en.docx,https://www.oireachtas.ie/en/debates/question/2026-02-11/228/
Year,Otherwise Confirmed Deportation (1),2021,33,,33,data/raw/pq_attachments/2026-02-11_pq-226-228-11-02-2026_en.docx,https://data.oireachtas.ie/ie/oireachtas/debates/questions/supportingDocumentation/2026-02-11_pq-226-228-11-02-2026_en.docx,https://www.oireachtas.ie/en/debates/question/2026-02-11/228/
Year,Otherwise Confirmed Deportation (1),2022,93,,93,data/raw/pq_attachments/2026-02-11_pq-226-228-11-02-2026_en.docx,https://data.oireachtas.ie/ie/oireachtas/debates/questions/supportingDocumentation/2026-02-11_pq-226-228-11-02-2026_en.docx,https://www.oireachtas.ie/en/debates/question/2026-02-11/228/
Year,Otherwise Confirmed Deportation (1),2023,28,,28,data/raw/pq_attachments/2026-02-11_pq-226-228-11-02-2026_en.docx,https://data.oireachtas.ie/ie/oireachtas/debates/questions/supportingDocumentation/2026-02-11_pq-226-228-11-02-2026_en.docx,https://www.oireachtas.ie/en/debates/question/2026-02-11/228/
Year,Otherwise Confirmed Deportation (1),2024,28,,28,data/raw/pq_attachments/2026-02-11_pq-226-228-11-02-2026_en.docx,https://data.oireachtas.ie/ie/oireachtas/debates/questions/supportingDocumentation/2026-02-11_pq-226-228-11-02-2026_en.docx,https://www.oireachtas.ie/en/debates/question/2026-02-11/228/
Year,Otherwise Confirmed Deportation (1),2025,67,,67,data/raw/pq_attachments/2026-02-11_pq-226-228-11-02-2026_en.docx,https://data.oireachtas.ie/ie/oireachtas/debates/questions/supportingDocumentation/2026-02-11_pq-226-228-11-02-2026_en.docx,https://www.oireachtas.ie/en/debates/question/2026-02-11/228/
Year,Total Deportations,2021,38,,38,data/raw/pq_attachments/2026-02-11_pq-226-228-11-02-2026_en.docx,https://data.oireachtas.ie/ie/oireachtas/debates/questions/supportingDocumentation/2026-02-11_pq-226-228-11-02-2026_en.docx,https://www.oireachtas.ie/en/debates/question/2026-02-11/228/
Year,Total Deportations,2022,117,,117,data/raw/pq_attachments/2026-02-11_pq-226-228-11-02-2026_en.docx,https://data.oireachtas.ie/ie/oireachtas/debates/questions/supportingDocumentation/2026-02-11_pq-226-228-11-02-2026_en.docx,https://www.oireachtas.ie/en/debates/question/2026-02-11/228/
Year,Total Deportations,2023,79,,79,data/raw/pq_attachments/2026-02-11_pq-226-228-11-02-2026_en.docx,https://data.oireachtas.ie/ie/oireachtas/debates/questions/supportingDocumentation/2026-02-11_pq-226-228-11-02-2026_en.docx,https://www.oireachtas.ie/en/debates/question/2026-02-11/228/
Year,Total Deportations,2024,162,,162,data/raw/pq_attachments/2026-02-11_pq-226-228-11-02-2026_en.docx,https://data.oireachtas.ie/ie/oireachtas/debates/questions/supportingDocumentation/2026-02-11_pq-226-228-11-02-2026_en.docx,https://www.oireachtas.ie/en/debates/question/2026-02-11/228/
Year,Total Deportations,2025,434,,434,data/raw/pq_attachments/2026-02-11_pq-226-228-11-02-2026_en.docx,https://data.oireachtas.ie/ie/oireachtas/debates/questions/supportingDocumentation/2026-02-11_pq-226-228-11-02-2026_en.docx,https://www.oireachtas.ie/en/debates/question/2026-02-11/228/
Year,Other Removals (2),2021,46,,46,data/raw/pq_attachments/2026-02-11_pq-226-228-11-02-2026_en.docx,https://data.oireachtas.ie/ie/oireachtas/debates/questions/supportingDocumentation/2026-02-11_pq-226-228-11-02-2026_en.docx,https://www.oireachtas.ie/en/debates/question/2026-02-11/228/
Year,Other Removals (2),2022,39,,39,data/raw/pq_attachments/2026-02-11_pq-226-228-11-02-2026_en.docx,https://data.oireachtas.ie/ie/oireachtas/debates/questions/supportingDocumentation/2026-02-11_pq-226-228-11-02-2026_en.docx,https://www.oireachtas.ie/en/debates/question/2026-02-11/228/
Year,Other Removals (2),2023,24,,24,data/raw/pq_attachments/2026-02-11_pq-226-228-11-02-2026_en.docx,https://data.oireachtas.ie/ie/oireachtas/debates/questions/supportingDocumentation/2026-02-11_pq-226-228-11-02-2026_en.docx,https://www.oireachtas.ie/en/debates/question/2026-02-11/228/
Year,Other Removals (2),2024,26,,26,data/raw/pq_attachments/2026-02-11_pq-226-228-11-02-2026_en.docx,https://data.oireachtas.ie/ie/oireachtas/debates/questions/supportingDocumentation/2026-02-11_pq-226-228-11-02-2026_en.docx,https://www.oireachtas.ie/en/debates/question/2026-02-11/228/
Year,Other Removals (2),2025,61,,61,data/raw/pq_attachments/2026-02-11_pq-226-228-11-02-2026_en.docx,https://data.oireachtas.ie/ie/oireachtas/debates/questions/supportingDocumentation/2026-02-11_pq-226-228-11-02-2026_en.docx,https://www.oireachtas.ie/en/debates/question/2026-02-11/228/
Year,Number of Voluntary Returns,2021,132,,132,data/raw/pq_attachments/2026-02-11_pq-226-228-11-02-2026_en.docx,https://data.oireachtas.ie/ie/oireachtas/debates/questions/supportingDocumentation/2026-02-11_pq-226-228-11-02-2026_en.docx,https://www.oireachtas.ie/en/debates/question/2026-02-11/228/
Year,Number of Voluntary Returns,2022,91,,91,data/raw/pq_attachments/2026-02-11_pq-226-228-11-02-2026_en.docx,https://data.oireachtas.ie/ie/oireachtas/debates/questions/supportingDocumentation/2026-02-11_pq-226-228-11-02-2026_en.docx,https://www.oireachtas.ie/en/debates/question/2026-02-11/228/
Year,Number of Voluntary Returns,2023,215,,215,data/raw/pq_attachments/2026-02-11_pq-226-228-11-02-2026_en.docx,https://data.oireachtas.ie/ie/oireachtas/debates/questions/supportingDocumentation/2026-02-11_pq-226-228-11-02-2026_en.docx,https://www.oireachtas.ie/en/debates/question/2026-02-11/228/
Year,Number of Voluntary Returns,2024,934,,934,data/raw/pq_attachments/2026-02-11_pq-226-228-11-02-2026_en.docx,https://data.oireachtas.ie/ie/oireachtas/debates/questions/supportingDocumentation/2026-02-11_pq-226-228-11-02-2026_en.docx,https://www.oireachtas.ie/en/debates/question/2026-02-11/228/
Year,Number of Voluntary Returns,2025,1616,,"1,616",data/raw/pq_attachments/2026-02-11_pq-226-228-11-02-2026_en.docx,https://data.oireachtas.ie/ie/oireachtas/debates/questions/supportingDocumentation/2026-02-11_pq-226-228-11-02-2026_en.docx,https://www.oireachtas.ie/en/debates/question/2026-02-11/228/
Year,Total Removed,2021,216,,216,data/raw/pq_attachments/2026-02-11_pq-226-228-11-02-2026_en.docx,https://data.oireachtas.ie/ie/oireachtas/debates/questions/supportingDocumentation/2026-02-11_pq-226-228-11-02-2026_en.docx,https://www.oireachtas.ie/en/debates/question/2026-02-11/228/
Year,Total Removed,2022,247,,247,data/raw/pq_attachments/2026-02-11_pq-226-228-11-02-2026_en.docx,https://data.oireachtas.ie/ie/oireachtas/debates/questions/supportingDocumentation/2026-02-11_pq-226-228-11-02-2026_en.docx,https://www.oireachtas.ie/en/debates/question/2026-02-11/228/
Year,Total Removed,2023,318,,318,data/raw/pq_attachments/2026-02-11_pq-226-228-11-02-2026_en.docx,https://data.oireachtas.ie/ie/oireachtas/debates/questions/supportingDocumentation/2026-02-11_pq-226-228-11-02-2026_en.docx,https://www.oireachtas.ie/en/debates/question/2026-02-11/228/
Year,Total Removed,2024,1122,,"1,122",data/raw/pq_attachments/2026-02-11_pq-226-228-11-02-2026_en.docx,https://data.oireachtas.ie/ie/oireachtas/debates/questions/supportingDocumentation/2026-02-11_pq-226-228-11-02-2026_en.docx,https://www.oireachtas.ie/en/debates/question/2026-02-11/228/
Year,Total Removed,2025,2111,,"2,111",data/raw/pq_attachments/2026-02-11_pq-226-228-11-02-2026_en.docx,https://data.oireachtas.ie/ie/oireachtas/debates/questions/supportingDocumentation/2026-02-11_pq-226-228-11-02-2026_en.docx,https://www.oireachtas.ie/en/debates/question/2026-02-11/228/
table 0,January,2026,21280,,21280,data/raw/pq_attachments/2026-05-06_pq-613-616-06-05-2026_en.docx,https://data.oireachtas.ie/ie/oireachtas/debates/questions/supportingDocumentation/2026-05-06_pq-613-616-06-05-2026_en.docx,https://www.oireachtas.ie/en/debates/question/2026-05-06/616/
table 0,January,2024,18774,,18774,data/raw/pq_attachments/2026-05-06_pq-613-616-06-05-2026_en.docx,https://data.oireachtas.ie/ie/oireachtas/debates/questions/supportingDocumentation/2026-05-06_pq-613-616-06-05-2026_en.docx,https://www.oireachtas.ie/en/debates/question/2026-05-06/616/
table 0,January,2023,15631,,15631,data/raw/pq_attachments/2026-05-06_pq-613-616-06-05-2026_en.docx,https://data.oireachtas.ie/ie/oireachtas/debates/questions/supportingDocumentation/2026-05-06_pq-613-616-06-05-2026_en.docx,https://www.oireachtas.ie/en/debates/question/2026-05-06/616/
table 0,January,2022,10334,,10334,data/raw/pq_attachments/2026-05-06_pq-613-616-06-05-2026_en.docx,https://data.oireachtas.ie/ie/oireachtas/debates/questions/supportingDocumentation/2026-05-06_pq-613-616-06-05-2026_en.docx,https://www.oireachtas.ie/en/debates/question/2026-05-06/616/
table 0,February,2026,21694,,21694,data/raw/pq_attachments/2026-05-06_pq-613-616-06-05-2026_en.docx,https://data.oireachtas.ie/ie/oireachtas/debates/questions/supportingDocumentation/2026-05-06_pq-613-616-06-05-2026_en.docx,https://www.oireachtas.ie/en/debates/question/2026-05-06/616/
table 0,February,2024,16225,,16225,data/raw/pq_attachments/2026-05-06_pq-613-616-06-05-2026_en.docx,https://data.oireachtas.ie/ie/oireachtas/debates/questions/supportingDocumentation/2026-05-06_pq-613-616-06-05-2026_en.docx,https://www.oireachtas.ie/en/debates/question/2026-05-06/616/
table 0,February,2023,15457,,15457,data/raw/pq_attachments/2026-05-06_pq-613-616-06-05-2026_en.docx,https://data.oireachtas.ie/ie/oireachtas/debates/questions/supportingDocumentation/2026-05-06_pq-613-616-06-05-2026_en.docx,https://www.oireachtas.ie/en/debates/question/2026-05-06/616/
table 0,February,2022,11640,,11640,data/raw/pq_attachments/2026-05-06_pq-613-616-06-05-2026_en.docx,https://data.oireachtas.ie/ie/oireachtas/debates/questions/supportingDocumentation/2026-05-06_pq-613-616-06-05-2026_en.docx,https://www.oireachtas.ie/en/debates/question/2026-05-06/616/
table 0,March,2026,20145,,20145,data/raw/pq_attachments/2026-05-06_pq-613-616-06-05-2026_en.docx,https://data.oireachtas.ie/ie/oireachtas/debates/questions/supportingDocumentation/2026-05-06_pq-613-616-06-05-2026_en.docx,https://www.oireachtas.ie/en/debates/question/2026-05-06/616/
table 0,March,2024,15292,,15292,data/raw/pq_attachments/2026-05-06_pq-613-616-06-05-2026_en.docx,https://data.oireachtas.ie/ie/oireachtas/debates/questions/supportingDocumentation/2026-05-06_pq-613-616-06-05-2026_en.docx,https://www.oireachtas.ie/en/debates/question/2026-05-06/616/
table 0,March,2023,18484,,18484,data/raw/pq_attachments/2026-05-06_pq-613-616-06-05-2026_en.docx,https://data.oireachtas.ie/ie/oireachtas/debates/questions/supportingDocumentation/2026-05-06_pq-613-616-06-05-2026_en.docx,https://www.oireachtas.ie/en/debates/question/2026-05-06/616/
table 0,March,2022,9294,,9294,data/raw/pq_attachments/2026-05-06_pq-613-616-06-05-2026_en.docx,https://data.oireachtas.ie/ie/oireachtas/debates/questions/supportingDocumentation/2026-05-06_pq-613-616-06-05-2026_en.docx,https://www.oireachtas.ie/en/debates/question/2026-05-06/616/
table 0,April,2024,15958,,15958,data/raw/pq_attachments/2026-05-06_pq-613-616-06-05-2026_en.docx,https://data.oireachtas.ie/ie/oireachtas/debates/questions/supportingDocumentation/2026-05-06_pq-613-616-06-05-2026_en.docx,https://www.oireachtas.ie/en/debates/question/2026-05-06/616/
table 0,April,2023,14637,,14637,data/raw/pq_attachments/2026-05-06_pq-613-616-06-05-2026_en.docx,https://data.oireachtas.ie/ie/oireachtas/debates/questions/supportingDocumentation/2026-05-06_pq-613-616-06-05-2026_en.docx,https://www.oireachtas.ie/en/debates/question/2026-05-06/616/
table 0,April,2022,6936,,6936,data/raw/pq_attachments/2026-05-06_pq-613-616-06-05-2026_en.docx,https://data.oireachtas.ie/ie/oireachtas/debates/questions/supportingDocumentation/2026-05-06_pq-613-616-06-05-2026_en.docx,https://www.oireachtas.ie/en/debates/question/2026-05-06/616/
table 0,May,2024,18538,,18538,data/raw/pq_attachments/2026-05-06_pq-613-616-06-05-2026_en.docx,https://data.oireachtas.ie/ie/oireachtas/debates/questions/supportingDocumentation/2026-05-06_pq-613-616-06-05-2026_en.docx,https://www.oireachtas.ie/en/debates/question/2026-05-06/616/
table 0,May,2023,15063,,15063,data/raw/pq_attachments/2026-05-06_pq-613-616-06-05-2026_en.docx,https://data.oireachtas.ie/ie/oireachtas/debates/questions/supportingDocumentation/2026-05-06_pq-613-616-06-05-2026_en.docx,https://www.oireachtas.ie/en/debates/question/2026-05-06/616/
table 0,May,2022,8590,,8590,data/raw/pq_attachments/2026-05-06_pq-613-616-06-05-2026_en.docx,https://data.oireachtas.ie/ie/oireachtas/debates/questions/supportingDocumentation/2026-05-06_pq-613-616-06-05-2026_en.docx,https://www.oireachtas.ie/en/debates/question/2026-05-06/616/
table 0,June,2024,18089,,18089,data/raw/pq_attachments/2026-05-06_pq-613-616-06-05-2026_en.docx,https://data.oireachtas.ie/ie/oireachtas/debates/questions/supportingDocumentation/2026-05-06_pq-613-616-06-05-2026_en.docx,https://www.oireachtas.ie/en/debates/question/2026-05-06/616/
table 0,June,2023,11331,,11331,data/raw/pq_attachments/2026-05-06_pq-613-616-06-05-2026_en.docx,https://data.oireachtas.ie/ie/oireachtas/debates/questions/supportingDocumentation/2026-05-06_pq-613-616-06-05-2026_en.docx,https://www.oireachtas.ie/en/debates/question/2026-05-06/616/
table 0,June,2022,11560,,11560,data/raw/pq_attachments/2026-05-06_pq-613-616-06-05-2026_en.docx,https://data.oireachtas.ie/ie/oireachtas/debates/questions/supportingDocumentation/2026-05-06_pq-613-616-06-05-2026_en.docx,https://www.oireachtas.ie/en/debates/question/2026-05-06/616/
table 0,July,2024,20983,,20983,data/raw/pq_attachments/2026-05-06_pq-613-616-06-05-2026_en.docx,https://data.oireachtas.ie/ie/oireachtas/debates/questions/supportingDocumentation/2026-05-06_pq-613-616-06-05-2026_en.docx,https://www.oireachtas.ie/en/debates/question/2026-05-06/616/
table 0,July,2023,12086,,12086,data/raw/pq_attachments/2026-05-06_pq-613-616-06-05-2026_en.docx,https://data.oireachtas.ie/ie/oireachtas/debates/questions/supportingDocumentation/2026-05-06_pq-613-616-06-05-2026_en.docx,https://www.oireachtas.ie/en/debates/question/2026-05-06/616/
table 0,July,2022,13672,,13672,data/raw/pq_attachments/2026-05-06_pq-613-616-06-05-2026_en.docx,https://data.oireachtas.ie/ie/oireachtas/debates/questions/supportingDocumentation/2026-05-06_pq-613-616-06-05-2026_en.docx,https://www.oireachtas.ie/en/debates/question/2026-05-06/616/
table 0,August,2024,20454,,20454,data/raw/pq_attachments/2026-05-06_pq-613-616-06-05-2026_en.docx,https://data.oireachtas.ie/ie/oireachtas/debates/questions/supportingDocumentation/2026-05-06_pq-613-616-06-05-2026_en.docx,https://www.oireachtas.ie/en/debates/question/2026-05-06/616/
table 0,August,2023,17892,,17892,data/raw/pq_attachments/2026-05-06_pq-613-616-06-05-2026_en.docx,https://data.oireachtas.ie/ie/oireachtas/debates/questions/supportingDocumentation/2026-05-06_pq-613-616-06-05-2026_en.docx,https://www.oireachtas.ie/en/debates/question/2026-05-06/616/
table 0,August,2022,15314,,15314,data/raw/pq_attachments/2026-05-06_pq-613-616-06-05-2026_en.docx,https://data.oireachtas.ie/ie/oireachtas/debates/questions/supportingDocumentation/2026-05-06_pq-613-616-06-05-2026_en.docx,https://www.oireachtas.ie/en/debates/question/2026-05-06/616/
table 0,September,2024,23932,,23932,data/raw/pq_attachments/2026-05-06_pq-613-616-06-05-2026_en.docx,https://data.oireachtas.ie/ie/oireachtas/debates/questions/supportingDocumentation/2026-05-06_pq-613-616-06-05-2026_en.docx,https://www.oireachtas.ie/en/debates/question/2026-05-06/616/
table 0,September,2023,18828,,18828,data/raw/pq_attachments/2026-05-06_pq-613-616-06-05-2026_en.docx,https://data.oireachtas.ie/ie/oireachtas/debates/questions/supportingDocumentation/2026-05-06_pq-613-616-06-05-2026_en.docx,https://www.oireachtas.ie/en/debates/question/2026-05-06/616/
table 0,September,2022,15266,,15266,data/raw/pq_attachments/2026-05-06_pq-613-616-06-05-2026_en.docx,https://data.oireachtas.ie/ie/oireachtas/debates/questions/supportingDocumentation/2026-05-06_pq-613-616-06-05-2026_en.docx,https://www.oireachtas.ie/en/debates/question/2026-05-06/616/
table 0,October,2024,27471,,27471,data/raw/pq_attachments/2026-05-06_pq-613-616-06-05-2026_en.docx,https://data.oireachtas.ie/ie/oireachtas/debates/questions/supportingDocumentation/2026-05-06_pq-613-616-06-05-2026_en.docx,https://www.oireachtas.ie/en/debates/question/2026-05-06/616/
table 0,October,2023,20729,,20729,data/raw/pq_attachments/2026-05-06_pq-613-616-06-05-2026_en.docx,https://data.oireachtas.ie/ie/oireachtas/debates/questions/supportingDocumentation/2026-05-06_pq-613-616-06-05-2026_en.docx,https://www.oireachtas.ie/en/debates/question/2026-05-06/616/
table 0,October,2022,13693,,13693,data/raw/pq_attachments/2026-05-06_pq-613-616-06-05-2026_en.docx,https://data.oireachtas.ie/ie/oireachtas/debates/questions/supportingDocumentation/2026-05-06_pq-613-616-06-05-2026_en.docx,https://www.oireachtas.ie/en/debates/question/2026-05-06/616/
table 0,November,2024,25131,,25131,data/raw/pq_attachments/2026-05-06_pq-613-616-06-05-2026_en.docx,https://data.oireachtas.ie/ie/oireachtas/debates/questions/supportingDocumentation/2026-05-06_pq-613-616-06-05-2026_en.docx,https://www.oireachtas.ie/en/debates/question/2026-05-06/616/
table 0,November,2023,21650,,21650,data/raw/pq_attachments/2026-05-06_pq-613-616-06-05-2026_en.docx,https://data.oireachtas.ie/ie/oireachtas/debates/questions/supportingDocumentation/2026-05-06_pq-613-616-06-05-2026_en.docx,https://www.oireachtas.ie/en/debates/question/2026-05-06/616/
table 0,November,2022,14106,,14106,data/raw/pq_attachments/2026-05-06_pq-613-616-06-05-2026_en.docx,https://data.oireachtas.ie/ie/oireachtas/debates/questions/supportingDocumentation/2026-05-06_pq-613-616-06-05-2026_en.docx,https://www.oireachtas.ie/en/debates/question/2026-05-06/616/
table 0,December,2024,16080,,16080,data/raw/pq_attachments/2026-05-06_pq-613-616-06-05-2026_en.docx,https://data.oireachtas.ie/ie/oireachtas/debates/questions/supportingDocumentation/2026-05-06_pq-613-616-06-05-2026_en.docx,https://www.oireachtas.ie/en/debates/question/2026-05-06/616/
table 0,December,2023,15215,,15215,data/raw/pq_attachments/2026-05-06_pq-613-616-06-05-2026_en.docx,https://data.oireachtas.ie/ie/oireachtas/debates/questions/supportingDocumentation/2026-05-06_pq-613-616-06-05-2026_en.docx,https://www.oireachtas.ie/en/debates/question/2026-05-06/616/
table 0,December,2022,10668,,10668,data/raw/pq_attachments/2026-05-06_pq-613-616-06-05-2026_en.docx,https://data.oireachtas.ie/ie/oireachtas/debates/questions/supportingDocumentation/2026-05-06_pq-613-616-06-05-2026_en.docx,https://www.oireachtas.ie/en/debates/question/2026-05-06/616/
table 0,TOTAL,2026,63119,,"63,119",data/raw/pq_attachments/2026-05-06_pq-613-616-06-05-2026_en.docx,https://data.oireachtas.ie/ie/oireachtas/debates/questions/supportingDocumentation/2026-05-06_pq-613-616-06-05-2026_en.docx,https://www.oireachtas.ie/en/debates/question/2026-05-06/616/
table 0,TOTAL,2024,236927,,"236,927",data/raw/pq_attachments/2026-05-06_pq-613-616-06-05-2026_en.docx,https://data.oireachtas.ie/ie/oireachtas/debates/questions/supportingDocumentation/2026-05-06_pq-613-616-06-05-2026_en.docx,https://www.oireachtas.ie/en/debates/question/2026-05-06/616/
table 0,TOTAL,2023,197003,,"197,003",data/raw/pq_attachments/2026-05-06_pq-613-616-06-05-2026_en.docx,https://data.oireachtas.ie/ie/oireachtas/debates/questions/supportingDocumentation/2026-05-06_pq-613-616-06-05-2026_en.docx,https://www.oireachtas.ie/en/debates/question/2026-05-06/616/
table 0,TOTAL,2022,141073,,"141,073",data/raw/pq_attachments/2026-05-06_pq-613-616-06-05-2026_en.docx,https://data.oireachtas.ie/ie/oireachtas/debates/questions/supportingDocumentation/2026-05-06_pq-613-616-06-05-2026_en.docx,https://www.oireachtas.ie/en/debates/question/2026-05-06/616/
