file,url,source_page,note,bytes,sha256,retrieved,status
cso/FNA06.json,https://ws.cso.ie/public/api.restful/PxStat.Data.Cube_API.ReadDataset/FNA06/JSON-stat/2.0/en,https://data.cso.ie/table/FNA06,CSO FNA06: PPSN allocations to foreign nationals,17476,fd57003a66041593a9017ca6c67450a6f6520af11d09b5ec9dc8955d2a4dbcb1,2026-09-12T07:34:04Z,ok
cso/FNA10.json,https://ws.cso.ie/public/api.restful/PxStat.Data.Cube_API.ReadDataset/FNA10/JSON-stat/2.0/en,https://data.cso.ie/table/FNA10,CSO FNA10: PPSN allocations to foreign nationals,24927,b49060760059618e8ad4cbe2bf8120d5e32d59447c86a7c9d0f56b108dd85e7c,2026-09-12T07:34:05Z,ok
cso/IAIP01.json,https://ws.cso.ie/public/api.restful/PxStat.Data.Cube_API.ReadDataset/IAIP01/JSON-stat/2.0/en,https://data.cso.ie/table/IAIP01,CSO IAIP01: International protection applicants identified using administrative data,3706,2c8f33be7febcb19697828473f59d683ed8d7a323146c2d7dc3edd028684b17e,2026-09-12T07:34:05Z,ok
cso/IAIP02.json,https://ws.cso.ie/public/api.restful/PxStat.Data.Cube_API.ReadDataset/IAIP02/JSON-stat/2.0/en,https://data.cso.ie/table/IAIP02,CSO IAIP02: International protection applicants identified using administrative data,4858,50ededd0b0b6e304c98c3e67ed63fe29edc7f622edf4cc2e3f01e41a831f6cdb,2026-09-12T07:34:05Z,ok
cso/IAIP11.json,https://ws.cso.ie/public/api.restful/PxStat.Data.Cube_API.ReadDataset/IAIP11/JSON-stat/2.0/en,https://data.cso.ie/table/IAIP11,CSO IAIP11: International protection applicants identified using administrative data,4931,7e6d624d9ec11ebe2919525684d0d6e86e48aee07dfcaf9a36c4e58656e1ec5f,2026-09-12T07:34:05Z,ok
cso/IAIP12.json,https://ws.cso.ie/public/api.restful/PxStat.Data.Cube_API.ReadDataset/IAIP12/JSON-stat/2.0/en,https://data.cso.ie/table/IAIP12,CSO IAIP12: International protection applicants identified using administrative data,5373,c26c24645629ed5da3eb956ca3b771f6407473142709bbfc90a54e6fb69532ca,2026-09-12T07:34:05Z,ok
cso/MEASQ01.json,https://ws.cso.ie/public/api.restful/PxStat.Data.Cube_API.ReadDataset/MEASQ01/JSON-stat/2.0/en,https://data.cso.ie/table/MEASQ01,"CSO MEASQ01: Estimated migration flows (experimental, admin-data based)",18349,5039fd09eb18522d780e2241e0f3f3a3fcca0f2a0364d215a1bb017b864d75bd,2026-09-12T07:34:04Z,ok
cso/MEASQ02.json,https://ws.cso.ie/public/api.restful/PxStat.Data.Cube_API.ReadDataset/MEASQ02/JSON-stat/2.0/en,https://data.cso.ie/table/MEASQ02,"CSO MEASQ02: Estimated migration flows (experimental, admin-data based)",15478,d6b9ac67dfe46f8df455b2104269658ca31ce2fc4999e5538795ee9b8901988a,2026-09-12T07:34:04Z,ok
cso/MEASQ03.json,https://ws.cso.ie/public/api.restful/PxStat.Data.Cube_API.ReadDataset/MEASQ03/JSON-stat/2.0/en,https://data.cso.ie/table/MEASQ03,"CSO MEASQ03: Estimated migration flows (experimental, admin-data based)",12478,6ad574093fdb2bb53003d6df1f6d4a4dd91f347c42b5a024381b44a3254c71c5,2026-09-12T07:34:04Z,ok
cso/PEA03.json,https://ws.cso.ie/public/api.restful/PxStat.Data.Cube_API.ReadDataset/PEA03/JSON-stat/2.0/en,https://data.cso.ie/table/PEA03,"CSO PEA03: Estimated migration by age group, sex and inward/outward flow (April, annual)",13207,edf284348a8cd7ab4480d58ab538a86140f2101eea551b87235b5ccfe2e56bb4,2026-09-12T07:34:03Z,ok
cso/PEA18.json,https://ws.cso.ie/public/api.restful/PxStat.Data.Cube_API.ReadDataset/PEA18/JSON-stat/2.0/en,https://data.cso.ie/table/PEA18,"CSO PEA18: Estimated migration by sex and country of origin/destination (April, annual)",16822,6f7a7fdc69c8b510d5350b1f649972c4beee1b9db0804f5d1e8cc14e72b2117a,2026-09-12T07:34:03Z,ok
cso/PEA23.json,https://ws.cso.ie/public/api.restful/PxStat.Data.Cube_API.ReadDataset/PEA23/JSON-stat/2.0/en,https://data.cso.ie/table/PEA23,"CSO PEA23: Estimated emigration by sex and citizenship (April, annual)",4862,fa1ffbafbcd9b0675f526af32411f4fdee2967f3152f7f188fcf9f8b5f6e6764,2026-09-12T07:34:03Z,ok
cso/PEA24.json,https://ws.cso.ie/public/api.restful/PxStat.Data.Cube_API.ReadDataset/PEA24/JSON-stat/2.0/en,https://data.cso.ie/table/PEA24,"CSO PEA24: Estimated immigration by sex and citizenship (April, annual)",5949,0314a624e840d7ef60816f50688bd72cce30726fc147abf3df8c6739515fc153,2026-09-12T07:34:03Z,ok
cso/PEA27.json,https://ws.cso.ie/public/api.restful/PxStat.Data.Cube_API.ReadDataset/PEA27/JSON-stat/2.0/en,https://data.cso.ie/table/PEA27,CSO PEA27: Persons with citizenship of countries other than EU/EFTA/EU candidate countries,7506,a6bdeccd4283bfa7d4285252543eb225d1e18a667335f117cf0451f51ae1b6fe,2026-09-12T07:34:04Z,ok
cso_collection.json,https://ws.cso.ie/public/api.restful/PxStat.Data.Cube_API.ReadCollection,https://data.cso.ie/,"CSO PxStat full dataset catalogue (13,008 tables) - used to locate migration tables",45363540,33183160dbbeea74baa9ff25733c138f3d658844a9a4cbca117aaa0a0f2991ab,2026-09-12T07:57:35Z,ok
datagov_justice/55a55b1e-cf64-4ca3-b34c-9be3c0ae8b70.csv,https://assets.gov.ie/290581/55a55b1e-cf64-4ca3-b34c-9be3c0ae8b70.csv,https://data.gov.ie/dataset/domestic-residence-permissions-applications-and-decisions-year-and-nationality,"Domestic Residence & Permissions applications and decisions - year and nationality (data.gov.ie, publisher: Department of Justice, Home Affairs and Migration)",72424,ef30ecab9495c062d6862b0e1ae05b6f811fff6c1ebf4f79288e01b74ba99302,2026-09-12T07:38:22Z,ok
datagov_justice/EU_Treaty_Rights_applications_and_decisions_-_year_and_month.csv,https://assets.gov.ie/static/documents/1815716c/EU_Treaty_Rights_applications_and_decisions_-_year_and_month.csv,https://data.gov.ie/dataset/eu-treaty-rights-applications-and-decisions-by-year-and-month,"EU Treaty Rights applications and decisions by year and month (data.gov.ie, publisher: Department of Justice, Home Affairs and Migration)",24796,e9b802bae352f14bb0a8395d2070748a7ce06e0c23363e91e1d075411645aa99,2026-09-12T07:38:28Z,ok
datagov_justice/EU_Treaty_Rights_applications_and_decisions_-_year_and_nationality.csv,https://assets.gov.ie/static/documents/4b98d66c/EU_Treaty_Rights_applications_and_decisions_-_year_and_nationality.csv,https://data.gov.ie/dataset/eu-treaty-rights-applications-and-decisions-by-year-and-nationality,"EU Treaty Rights applications and decisions by year and nationality (data.gov.ie, publisher: Department of Justice, Home Affairs and Migration)",507161,d6918f8306712a38db34f83d498893f40afca447296bc266a8e698f55eb93887,2026-09-12T07:38:27Z,ok
datagov_justice/Family_Reunification_applications_and_decisions_-_year_and_month.csv,https://assets.gov.ie/static/documents/29ecaa1b/Family_Reunification_applications_and_decisions_-_year_and_month.csv,https://data.gov.ie/dataset/family-reunification-applications-and-decisions-by-year-and-month,"Family Reunification applications and decisions by year and month (data.gov.ie, publisher: Department of Justice, Home Affairs and Migration)",5581,e7ffade2341a7197efbf65e991fac49e2091423036508fe2054e82e22792936d,2026-09-12T07:38:30Z,ok
datagov_justice/Family_Reunification_applications_and_decisions_-_year_and_nationality.csv,https://assets.gov.ie/static/documents/5214187d/Family_Reunification_applications_and_decisions_-_year_and_nationality.csv,https://data.gov.ie/dataset/family-reunification-applications-and-decisions-by-year-and-nationality,"Family Reunification applications and decisions by year and nationality (data.gov.ie, publisher: Department of Justice, Home Affairs and Migration)",83046,8ca7f874687e6865ee9f70f8be2a589f295e29ea0f27db38ea86b4ae4f026096,2026-09-12T07:38:29Z,ok
datagov_justice/c46d5783-d5e0-49a8-9eed-f6de1bfbc922.csv,https://assets.gov.ie/290580/c46d5783-d5e0-49a8-9eed-f6de1bfbc922.csv,https://data.gov.ie/dataset/domestic-residence-permissions-applications-and-decisions-year-and-month,"Domestic Residence & Permissions applications and decisions - year and month (data.gov.ie, publisher: Department of Justice, Home Affairs and Migration)",3463,c36bed1150c89120b9b703725a40f8531f49a03a9ca8964eba04441940cf1a16,2026-09-12T07:38:23Z,ok
datagov_justice/en,https://ws.cso.ie/public/api.restful/PxStat.Data.Cube_API.ReadDataset/UA37/CSV/1.0/en,https://data.gov.ie/dataset/ua37-temporary-protection-granted-to-arrivals-from-ukraine,"UA37 - Temporary Protection granted to arrivals from Ukraine (data.gov.ie, publisher: Department of Justice, Home Affairs and Migration)",100288,8103f8fb59e2fc43fdccd2e716c00981b78e9e7630b34db2bf8b301e789a4d4d,2026-09-12T07:38:31Z,ok
datagov_justice/visa_applications_and_decisions_-_year_and_month.csv,https://assets.gov.ie/static/documents/ab681bf6/visa_applications_and_decisions_-_year_and_month.csv,https://data.gov.ie/dataset/visa-applications-and-decisions-year-and-month,"Visa applications and decisions - year and month (data.gov.ie, publisher: Department of Justice, Home Affairs and Migration)",8589,316eff31d6a7534136d9402d93e338d49ba15d4d26a690b88a48c9bdb2fdb013,2026-09-12T07:38:25Z,ok
datagov_justice/visa_applications_and_decisions_-_year_and_nationality.csv,https://assets.gov.ie/static/documents/bd11bc22/visa_applications_and_decisions_-_year_and_nationality.csv,https://data.gov.ie/dataset/visa-applications-and-decisions-year-and-nationality,"Visa applications and decisions - year and nationality (data.gov.ie, publisher: Department of Justice, Home Affairs and Migration)",121726,4d63b58f39ffc4d2880c06fdad77495ad7713a5e745e7b881951904f971bc9e4,2026-09-12T07:38:24Z,ok
doj_stats/applications-for-international-protection-top-5-nationalities.csv,https://assets.gov.ie/static/documents/applications-for-international-protection-top-5-nationalities.csv,https://www.gov.ie/en/department-of-justice-home-affairs-and-migration/publications/departmental-data-and-statistical-reports/,"Top 5 nationalities applying for International Protection, monthly YTD",11479,3983c27a2467ab23a64ca4a32d8dea81075bcb14deeff6f52911874223af89c7,2026-09-12T07:57:32Z,ok
doj_stats/applications-for-international-protection.csv,https://assets.gov.ie/static/documents/applications-for-international-protection.csv,https://www.gov.ie/en/department-of-justice-home-affairs-and-migration/publications/departmental-data-and-statistical-reports/,Total monthly applications for a declaration of International Protection,1891,38be08fb2d4bf4fc725a8de6d68f278345c9bddfa8de5896eecd953dc1b42307,2026-09-12T07:57:32Z,ok
employment_permits/2015/companies-issued-with-permits-2015.xlsx,https://enterprise.gov.ie/en/publications/publication-files/companies-issued-with-permits-2015.xlsx,https://enterprise.gov.ie/en/Publications/Employment-Permit-Statistics-2015.html,DETE employment permit statistics 2015,60047,e11a0206b964182e3aa7eda3672f23aa2f56dbda4a3b6182094d6cc87a8e6c08,2026-09-12T07:30:27Z,ok
employment_permits/2015/permits-issued-by-county-2015.xlsx,https://enterprise.gov.ie/en/publications/publication-files/permits-issued-by-county-2015.xlsx,https://enterprise.gov.ie/en/Publications/Employment-Permit-Statistics-2015.html,DETE employment permit statistics 2015,12726,0a42ca36b4b41c5f0347577258cb57c293fff9bcb3edc48cdcf53412450135d2,2026-09-12T07:30:28Z,ok
employment_permits/2015/permits-issued-by-nationality-2015.xlsx,https://enterprise.gov.ie/en/publications/publication-files/permits-issued-by-nationality-2015.xlsx,https://enterprise.gov.ie/en/Publications/Employment-Permit-Statistics-2015.html,DETE employment permit statistics 2015,17007,739f1797ee08c0f66fc738201c56e5e50739f7a50edbe166c94ab2b3b14904e1,2026-09-12T07:30:28Z,ok
employment_permits/2015/permits-issued-by-sector-2015.xlsx,https://enterprise.gov.ie/en/publications/publication-files/permits-issued-by-sector-2015.xlsx,https://enterprise.gov.ie/en/Publications/Employment-Permit-Statistics-2015.html,DETE employment permit statistics 2015,16919,97093c07ed085c1b7c09b96ad49cb16d102eb97e3ab9c998a7efcdb3c2961bfb,2026-09-12T07:30:28Z,ok
employment_permits/2016/companies-issued-with-permits-2016.xlsx,https://enterprise.gov.ie/en/publications/publication-files/companies-issued-with-permits-2016.xlsx,https://enterprise.gov.ie/en/Publications/Employment-Permit-Statistics-2016.html,DETE employment permit statistics 2016,75622,311ffcf25a3a26f10f135da80e74cc7af4ec7d22511c23751172928505d65026,2026-09-12T07:30:28Z,ok
employment_permits/2016/permits-issued-by-county-2016.xlsx,https://enterprise.gov.ie/en/publications/publication-files/permits-issued-by-county-2016.xlsx,https://enterprise.gov.ie/en/Publications/Employment-Permit-Statistics-2016.html,DETE employment permit statistics 2016,14978,fbff31d9a7fb8a258c569176db21827e49f6e137aae9d8c748e14a45b34143ba,2026-09-12T07:30:28Z,ok
employment_permits/2016/permits-issued-by-nationality-2016.xlsx,https://enterprise.gov.ie/en/publications/publication-files/permits-issued-by-nationality-2016.xlsx,https://enterprise.gov.ie/en/Publications/Employment-Permit-Statistics-2016.html,DETE employment permit statistics 2016,17853,01fb82fe1b9b61df830cc8ad5945efc0e3eb7952087c480c8e473529ef09972f,2026-09-12T07:30:29Z,ok
employment_permits/2016/permits-issued-by-sector-2016.xlsx,https://enterprise.gov.ie/en/publications/publication-files/permits-issued-by-sector-2016.xlsx,https://enterprise.gov.ie/en/Publications/Employment-Permit-Statistics-2016.html,DETE employment permit statistics 2016,18025,1a50099fb71b7f1e6ca6cfe3161e722b700f52c33fcc105fbe5421b974162dac,2026-09-12T07:30:29Z,ok
employment_permits/2017/companies-issued-with-permits-2017.xlsx,https://enterprise.gov.ie/en/publications/publication-files/companies-issued-with-permits-2017.xlsx,https://enterprise.gov.ie/en/Publications/Employment-Permit-Statistics-2017.html,DETE employment permit statistics 2017,77147,e6873244be5ace653207df404331ba977c0a10db275907c45859f5f2f47c50b0,2026-09-12T07:30:29Z,ok
employment_permits/2017/permits-issued-by-county-2017.xlsx,https://enterprise.gov.ie/en/publications/publication-files/permits-issued-by-county-2017.xlsx,https://enterprise.gov.ie/en/Publications/Employment-Permit-Statistics-2017.html,DETE employment permit statistics 2017,12445,d551fe9b0ee910c103ed5b116106514c79cab672aa7cd43d0e74b3c96d0e59de,2026-09-12T07:30:29Z,ok
employment_permits/2017/permits-issued-by-nationality-2017.xlsx,https://enterprise.gov.ie/en/publications/publication-files/permits-issued-by-nationality-2017.xlsx,https://enterprise.gov.ie/en/Publications/Employment-Permit-Statistics-2017.html,DETE employment permit statistics 2017,16235,2f083cdbe48bb81d04d3352d90ff91cd1c98f3bee853c3683d6093c5afcb5729,2026-09-12T07:30:29Z,ok
employment_permits/2017/permits-issued-by-sector-2017.xlsx,https://enterprise.gov.ie/en/publications/publication-files/permits-issued-by-sector-2017.xlsx,https://enterprise.gov.ie/en/Publications/Employment-Permit-Statistics-2017.html,DETE employment permit statistics 2017,15859,c88804976dfead59a318786258ddc7a41da81d8ab48af757cb2ae356919276cd,2026-09-12T07:30:30Z,ok
employment_permits/2018/companies-issued-with-permits-2018.xlsx,https://enterprise.gov.ie/en/publications/publication-files/companies-issued-with-permits-2018.xlsx,https://enterprise.gov.ie/en/Publications/Employment-Permit-Statistics-2018.html,DETE employment permit statistics 2018,125992,5d2a6934a6f99c73729791b991ea6349aca6327056426a2a7f4582e612bfe3fe,2026-09-12T07:30:30Z,ok
employment_permits/2018/permits-by-county-2018.xlsx,https://enterprise.gov.ie/en/publications/publication-files/permits-by-county-2018.xlsx,https://enterprise.gov.ie/en/Publications/Employment-Permit-Statistics-2018.html,DETE employment permit statistics 2018,13778,6eb58ea9483f4c8b733f0856ba856255a304889f8d6fe9bab36e012b6fe266ff,2026-09-12T07:30:30Z,ok
employment_permits/2018/permits-by-nationality-2018.xlsx,https://enterprise.gov.ie/en/publications/publication-files/permits-by-nationality-2018.xlsx,https://enterprise.gov.ie/en/Publications/Employment-Permit-Statistics-2018.html,DETE employment permit statistics 2018,17193,307d0b1230724b69fbb28b6e6e60e0dc4063d206606726e7c67631e38bca450a,2026-09-12T07:30:30Z,ok
employment_permits/2018/permits-by-sector-2018.xlsx,https://enterprise.gov.ie/en/publications/publication-files/permits-by-sector-2018.xlsx,https://enterprise.gov.ie/en/Publications/Employment-Permit-Statistics-2018.html,DETE employment permit statistics 2018,16765,00a8c2037ce5e0bbeccc8bac00ef1162485a173a44d1fa698158e14fe119e323,2026-09-12T07:30:30Z,ok
employment_permits/2019/companies-issued-with-permits-2019.xlsx,https://enterprise.gov.ie/en/publications/publication-files/companies-issued-with-permits-2019.xlsx,https://enterprise.gov.ie/en/Publications/Employment-Permit-Statistics-2019.html,DETE employment permit statistics 2019,133213,a661476349c9a647e22026c4d22b86f35eb556428d8b22cd4bad82872d33b00c,2026-09-12T07:30:31Z,ok
employment_permits/2019/permits-by-county-2019.xlsx,https://enterprise.gov.ie/en/publications/publication-files/permits-by-county-2019.xlsx,https://enterprise.gov.ie/en/Publications/Employment-Permit-Statistics-2019.html,DETE employment permit statistics 2019,14160,961c8fc31ee0475aa8fd17a4475e8ddb3ea7bd505795e0d2c5d227151cb9457f,2026-09-12T07:30:31Z,ok
employment_permits/2019/permits-by-nationality-2019.xlsx,https://enterprise.gov.ie/en/publications/publication-files/permits-by-nationality-2019.xlsx,https://enterprise.gov.ie/en/Publications/Employment-Permit-Statistics-2019.html,DETE employment permit statistics 2019,21092,b57b411979714bcc254463a8e22815aa4ff245621271c1557e06047b6fab8a00,2026-09-12T07:30:31Z,ok
employment_permits/2019/permits-by-sector-2019.xlsx,https://enterprise.gov.ie/en/publications/publication-files/permits-by-sector-2019.xlsx,https://enterprise.gov.ie/en/Publications/Employment-Permit-Statistics-2019.html,DETE employment permit statistics 2019,17566,b5089d8dafc603b58e852a8a428ca471ae7b6054708e10d8964eeee4c14c7fb3,2026-09-12T07:30:31Z,ok
employment_permits/2020/permits-by-county-2020.xlsx,https://enterprise.gov.ie/en/publications/publication-files/permits-by-county-2020.xlsx,https://enterprise.gov.ie/en/Publications/Employment-Permit-Statistics-2020.html,DETE employment permit statistics 2020,12034,1d1da1ff342293293efa9f7884dd4684313c4e533925da90b58749e87df84c46,2026-09-12T07:30:32Z,ok
employment_permits/2020/permits-by-nationality-2020.xlsx,https://enterprise.gov.ie/en/publications/publication-files/permits-by-nationality-2020.xlsx,https://enterprise.gov.ie/en/Publications/Employment-Permit-Statistics-2020.html,DETE employment permit statistics 2020,14998,2532b3de049e894950692500a73bfb8a359ca1b5b388600e5c7b67b667595c85,2026-09-12T07:30:32Z,ok
employment_permits/2020/permits-by-sector-2020.xlsx,https://enterprise.gov.ie/en/publications/publication-files/permits-by-sector-2020.xlsx,https://enterprise.gov.ie/en/Publications/Employment-Permit-Statistics-2020.html,DETE employment permit statistics 2020,13643,1a1d3e0e6af8ac7a47f7ce2e29c33991c2f2fbeda17a6ce757a9c6e01e052087,2026-09-12T07:30:32Z,ok
employment_permits/2020/permits-issued-to-companies-2020.xlsx,https://enterprise.gov.ie/en/publications/publication-files/permits-issued-to-companies-2020.xlsx,https://enterprise.gov.ie/en/Publications/Employment-Permit-Statistics-2020.html,DETE employment permit statistics 2020,242048,299e046010a3e07a8f67b8299b59fd82282c3c14cbd4c26197a80747260ce395,2026-09-12T07:30:32Z,ok
employment_permits/2021/permits-by-county-2021.xlsx,https://enterprise.gov.ie/en/publications/publication-files/permits-by-county-2021.xlsx,https://enterprise.gov.ie/en/Publications/Employment-Permit-Statistics-2021.html,DETE employment permit statistics 2021,28937,92400f78da5e99d53843000e9769c8959984a639e16ad972c537b0143b67bee5,2026-09-12T07:30:33Z,ok
employment_permits/2021/permits-by-nationality-2021.xlsx,https://enterprise.gov.ie/en/publications/publication-files/permits-by-nationality-2021.xlsx,https://enterprise.gov.ie/en/Publications/Employment-Permit-Statistics-2021.html,DETE employment permit statistics 2021,31830,60da43f3936d86eba2eb50377956052369c9f8cf60ceae99c8dcbbd514dc5a71,2026-09-12T07:30:33Z,ok
employment_permits/2021/permits-by-sector-2021.xlsx,https://enterprise.gov.ie/en/publications/publication-files/permits-by-sector-2021.xlsx,https://enterprise.gov.ie/en/Publications/Employment-Permit-Statistics-2021.html,DETE employment permit statistics 2021,30464,b81c3a971bb68459f8e6029b87ad2ef14a0bc694986869bcb90110285938446b,2026-09-12T07:30:33Z,ok
employment_permits/2021/permits-issued-to-companies-2021.xlsx,https://enterprise.gov.ie/en/publications/publication-files/permits-issued-to-companies-2021.xlsx,https://enterprise.gov.ie/en/Publications/Employment-Permit-Statistics-2021.html,DETE employment permit statistics 2021,241226,afd86fffc9381299c3b8f619aa6152cb729d665a6c7bd867b650fcc8003f1591,2026-09-12T07:30:33Z,ok
employment_permits/2022/permits-by-county-2022.xlsx,https://enterprise.gov.ie/en/publications/publication-files/permits-by-county-2022.xlsx,https://enterprise.gov.ie/en/Publications/Employment-Permit-Statistics-2022.html,DETE employment permit statistics 2022,27566,7ab6192c9622b7e338fc33cfcad6e07690854a59592ebc7e0f6f803ddcdc40e3,2026-09-12T07:30:34Z,ok
employment_permits/2022/permits-by-nationality-2022.xlsx,https://enterprise.gov.ie/en/publications/publication-files/permits-by-nationality-2022.xlsx,https://enterprise.gov.ie/en/Publications/Employment-Permit-Statistics-2022.html,DETE employment permit statistics 2022,31174,c9635cc37a396e1e59b366ee07819994a87fbc0ff986020876df99cb300ae9a6,2026-09-12T07:30:34Z,ok
employment_permits/2022/permits-by-sector-2022.xlsx,https://enterprise.gov.ie/en/publications/publication-files/permits-by-sector-2022.xlsx,https://enterprise.gov.ie/en/Publications/Employment-Permit-Statistics-2022.html,DETE employment permit statistics 2022,29140,6217a44daa7e75aa389fa3252d185da39802adcf6a229d3fcc092596f3d9aeea,2026-09-12T07:30:34Z,ok
employment_permits/2022/permits-issued-to-companies-2022.xlsx,https://enterprise.gov.ie/en/publications/publication-files/permits-issued-to-companies-2022.xlsx,https://enterprise.gov.ie/en/Publications/Employment-Permit-Statistics-2022.html,DETE employment permit statistics 2022,448254,d9980c0d567966abd5fea8da3e49b531ed102f03b9891766281a1618ec4310b6,2026-09-12T07:30:34Z,ok
employment_permits/2023/permits-by-county-2023.xlsx,https://enterprise.gov.ie/en/publications/publication-files/permits-by-county-2023.xlsx,https://enterprise.gov.ie/en/publications/employment-permit-statistics-2023.html,DETE employment permit statistics 2023,22525,5f27cb2b2675d2ab63f6ab96d20b670af09c92e1d8aadedc8399ae1dc237c622,2026-09-12T07:30:35Z,ok
employment_permits/2023/permits-by-nationality-2023.xlsx,https://enterprise.gov.ie/en/publications/publication-files/permits-by-nationality-2023.xlsx,https://enterprise.gov.ie/en/publications/employment-permit-statistics-2023.html,DETE employment permit statistics 2023,25719,c55ef7a9194523e1ab307b7dd6968c79dfa4dc7213c41955419fdfe18fbb88ea,2026-09-12T07:30:35Z,ok
employment_permits/2023/permits-by-sector-2023.xlsx,https://enterprise.gov.ie/en/publications/publication-files/permits-by-sector-2023.xlsx,https://enterprise.gov.ie/en/publications/employment-permit-statistics-2023.html,DETE employment permit statistics 2023,24092,02f7bfd80907fb2d2fe1e14b26070c37de5b55587c318924752514b302da06f8,2026-09-12T07:30:35Z,ok
employment_permits/2023/permits-issued-to-companies-2023.xlsx,https://enterprise.gov.ie/en/publications/publication-files/permits-issued-to-companies-2023.xlsx,https://enterprise.gov.ie/en/publications/employment-permit-statistics-2023.html,DETE employment permit statistics 2023,448250,c031ca83fdd7d4b7958a95a18df9e1a5cb64f953e890e174c2240429aae049aa,2026-09-12T07:30:35Z,ok
employment_permits/2024/permits-by-county-2024.xlsx,https://enterprise.gov.ie/en/publications/publication-files/permits-by-county-2024.xlsx,https://enterprise.gov.ie/en/publications/employment-permit-statistics-2024.html,DETE employment permit statistics 2024,18496,95f9e3dfde3dd8734a66d816b7b86f1f80b409fd766f1237f0927de74944e58e,2026-09-12T07:30:35Z,ok
employment_permits/2024/permits-by-nationality-2024.xlsx,https://enterprise.gov.ie/en/publications/publication-files/permits-by-nationality-2024.xlsx,https://enterprise.gov.ie/en/publications/employment-permit-statistics-2024.html,DETE employment permit statistics 2024,21818,b299e66f3d48abe23527314c49e4095d408bc5e43cd86a6e2a1a665c29577223,2026-09-12T07:30:35Z,ok
employment_permits/2024/permits-by-sector-2024.xlsx,https://enterprise.gov.ie/en/publications/publication-files/permits-by-sector-2024.xlsx,https://enterprise.gov.ie/en/publications/employment-permit-statistics-2024.html,DETE employment permit statistics 2024,20225,6b626058fb06be6c78dd6bb72ed98d7795b01f49b0d96f7a74bbf54b8f344f28,2026-09-12T07:30:36Z,ok
employment_permits/2024/permits-issued-to-companies-2024.xlsx,https://enterprise.gov.ie/en/publications/publication-files/permits-issued-to-companies-2024.xlsx,https://enterprise.gov.ie/en/publications/employment-permit-statistics-2024.html,DETE employment permit statistics 2024,525780,6ffba7b67a44c1998f0f3cfa50a5d263244139aca722ddc4d817408ce494b59c,2026-09-12T07:30:36Z,ok
employment_permits/2025/permits-by-county-2025.xlsx,https://enterprise.gov.ie/en/publications/publication-files/permits-by-county-2025.xlsx,https://enterprise.gov.ie/en/publications/employment-permit-statistics-2025.html,DETE employment permit statistics 2025,18277,4233fd4cfed1a9ffa088dec60bd77f2905b808189b395fc32cb72d04ee62d128,2026-09-12T07:30:36Z,ok
employment_permits/2025/permits-by-nationality-2025.xlsx,https://enterprise.gov.ie/en/publications/publication-files/permits-by-nationality-2025.xlsx,https://enterprise.gov.ie/en/publications/employment-permit-statistics-2025.html,DETE employment permit statistics 2025,21223,bc86a543dfd49e5c879f2275403d8aecdbe6e77c20ea575f5e0b8dc394b120e1,2026-09-12T07:30:36Z,ok
employment_permits/2025/permits-by-sector-2025.xlsx,https://enterprise.gov.ie/en/publications/publication-files/permits-by-sector-2025.xlsx,https://enterprise.gov.ie/en/publications/employment-permit-statistics-2025.html,DETE employment permit statistics 2025,20158,362002e62a1c34aec37de9ccb9b289fb3dd4f40dc43018855b7caf85f9bfa376,2026-09-12T07:30:36Z,ok
employment_permits/2025/permits-issued-to-companies-2025.xlsx,https://enterprise.gov.ie/en/publications/publication-files/permits-issued-to-companies-2025.xlsx,https://enterprise.gov.ie/en/publications/employment-permit-statistics-2025.html,DETE employment permit statistics 2025,542910,e44867719bd3bf9a0627c3698873877755446a4770e55f32574dfd7e2a1a3750,2026-09-12T07:30:37Z,ok
employment_permits/2026/employment-permits-by-county-2026.xlsx,https://enterprise.gov.ie/en/publications/publication-files/employment-permits-by-county-2026.xlsx,https://enterprise.gov.ie/en/publications/employment-permit-statistics-2026.html,DETE employment permit statistics 2026,18279,a6fdfe6e4fb7513d601f42111ca35db0f5f5338a1b8500a0312c2d5ffff20f8e,2026-09-12T07:30:37Z,ok
employment_permits/2026/employment-permits-by-nationality-2026.xlsx,https://enterprise.gov.ie/en/publications/publication-files/employment-permits-by-nationality-2026.xlsx,https://enterprise.gov.ie/en/publications/employment-permit-statistics-2026.html,DETE employment permit statistics 2026,22192,0ad57d1a33b72332ad1d746a98ba58b0e06a54ebc9f7e0569ed7d1671d246985,2026-09-12T07:30:37Z,ok
employment_permits/2026/employment-permits-by-sector-2026.xlsx,https://enterprise.gov.ie/en/publications/publication-files/employment-permits-by-sector-2026.xlsx,https://enterprise.gov.ie/en/publications/employment-permit-statistics-2026.html,DETE employment permit statistics 2026,20612,76606be9f04a04837a82747b137440da2fa3c17a510851e4f7bc075e045e675a,2026-09-12T07:30:37Z,ok
employment_permits/2026/employment-permits-issued-to-companies-2026.xlsx,https://enterprise.gov.ie/en/publications/publication-files/employment-permits-issued-to-companies-2026.xlsx,https://enterprise.gov.ie/en/publications/employment-permit-statistics-2026.html,DETE employment permit statistics 2026,388328,6eda2faf275bf4f469790a1a3c9fd9c11e5ae4e2eccf01472498235f2a22587d,2026-09-12T07:30:37Z,ok
eurostat/migr_acq.json,https://ec.europa.eu/eurostat/api/dissemination/statistics/1.0/data/migr_acq?geo=IE&format=JSON&lang=EN,https://ec.europa.eu/eurostat/databrowser/view/migr_acq/default/table?lang=en,"Eurostat migr_acq (geo=IE): Acquisition of citizenship by age, sex and former citizenship (annual)",4000032,0e367558bc106d365bd73fe3c44f99a2aed517da577a2eb32a47a64369f32fff,2026-09-12T07:46:53Z,ok
eurostat/migr_asyappctza.json,https://ec.europa.eu/eurostat/api/dissemination/statistics/1.0/data/migr_asyappctza?geo=IE&format=JSON&lang=EN,https://ec.europa.eu/eurostat/databrowser/view/migr_asyappctza/default/table?lang=en,"Eurostat migr_asyappctza (geo=IE): Asylum applicants by type, citizenship, age and sex (annual)",2878332,5d728246ce2db77627ee0d2b887c9ea4a4eb61869624b066614b7f198414901a,2026-09-12T07:46:42Z,ok
eurostat/migr_resfirst.json,https://ec.europa.eu/eurostat/api/dissemination/statistics/1.0/data/migr_resfirst?geo=IE&format=JSON&lang=EN,https://ec.europa.eu/eurostat/databrowser/view/migr_resfirst/default/table?lang=en,"Eurostat migr_resfirst (geo=IE): First residence permits by reason, validity and citizenship (annual)",871115,76f531a479f9121f378cfccbace38abfa869f06de177701518b9b2a9ade0b406,2026-09-12T07:47:08Z,ok
international_protection/20250908_International_Protection_Summary_Report_August_2025_FINAL.pdf,https://assets.gov.ie/static/documents/d7d7c922/20250908_International_Protection_Summary_Report_August_2025_FINAL.pdf,https://www.gov.ie/en/department-of-justice-home-affairs-and-migration/collections/international-protection-in-numbers/,International Protection Summary Report (August 2025),982472,a73cecee936e680f5deff0cf544869408aa0129a441ccc52e21ee7c9eeb396f9,2026-09-12T07:35:45Z,ok
international_protection/International_Protection_Summary_Report_April_2024.pdf,https://assets.gov.ie/static/documents/International_Protection_Summary_Report_April_2024.pdf,https://www.gov.ie/en/department-of-justice-home-affairs-and-migration/collections/international-protection-in-numbers/,International Protection Summary Report (April 2024),926535,8007e61d4c7c24085c4d5ccd36bf6aaab69cbdb287e83ece5fe2ce15afeaefc0,2026-09-12T07:35:49Z,ok
international_protection/International_Protection_Summary_Report_April_2025.pdf,https://assets.gov.ie/static/documents/International_Protection_Summary_Report_April_2025.pdf,https://www.gov.ie/en/department-of-justice-home-affairs-and-migration/collections/international-protection-in-numbers/,International Protection Summary Report (April 2025),836798,c9143fe77fd67eb18a6da8edbf89c4a6d24233cff2daf969902a56fa596916b5,2026-09-12T07:35:46Z,ok
international_protection/International_Protection_Summary_Report_April_2026.pdf,https://assets.gov.ie/static/documents/5e0dab39/International_Protection_Summary_Report_April_2026.pdf,https://www.gov.ie/en/department-of-justice-home-affairs-and-migration/collections/international-protection-in-numbers/,International Protection Summary Report (April 2026),938850,649658fb282e3ed7470808cfad18de9ae165b32489772f59a4a04e5b85fd884d,2026-09-12T07:35:43Z,ok
international_protection/International_Protection_Summary_Report_August_2024.pdf,https://assets.gov.ie/static/documents/International_Protection_Summary_Report_August_2024.pdf,https://www.gov.ie/en/department-of-justice-home-affairs-and-migration/collections/international-protection-in-numbers/,International Protection Summary Report (August 2024),846511,5f782269dd43b87c74cf177c8ef3273a32536f74601be41ee55b904bc42b9259,2026-09-12T07:35:48Z,ok
international_protection/International_Protection_Summary_Report_December_2024.pdf,https://assets.gov.ie/static/documents/International_Protection_Summary_Report_December_2024.pdf,https://www.gov.ie/en/department-of-justice-home-affairs-and-migration/collections/international-protection-in-numbers/,International Protection Summary Report (December 2024),897139,c868b89db317d3eaa6984b93f26ee3aa1ca0814aa6260ec5a6c68a0e8f94f573,2026-09-12T07:35:47Z,ok
international_protection/International_Protection_Summary_Report_December_2025.pdf,https://assets.gov.ie/static/documents/7b90fb1c/International_Protection_Summary_Report_December_2025.pdf,https://www.gov.ie/en/department-of-justice-home-affairs-and-migration/collections/international-protection-in-numbers/,International Protection Summary Report (December 2025,1009850,bd562a92d0a7381f6660999a7843bd7b74bdf4884f867e93699cc3e020f5d97b,2026-09-12T07:35:44Z,ok
international_protection/International_Protection_Summary_Report_February_2025.pdf,https://assets.gov.ie/static/documents/International_Protection_Summary_Report_February_2025.pdf,https://www.gov.ie/en/department-of-justice-home-affairs-and-migration/collections/international-protection-in-numbers/,International Protection Summary Report (February 2025),838651,e498b543648f1fe28d4545ff6f5149a27b4006a803af2725dbc52481f9a12f5e,2026-09-12T07:35:46Z,ok
international_protection/International_Protection_Summary_Report_February_2026.pdf,https://assets.gov.ie/static/documents/fd357039/International_Protection_Summary_Report_February_2026.pdf,https://www.gov.ie/en/department-of-justice-home-affairs-and-migration/collections/international-protection-in-numbers/,International Protection Summary Report (February 2026),1021762,f06876d714795dbd31477dab60b3830422341e05b2b2335c1e19dd2530692056,2026-09-12T07:35:43Z,ok
international_protection/International_Protection_Summary_Report_January_2025.pdf,https://assets.gov.ie/static/documents/International_Protection_Summary_Report_January_2025.pdf,https://www.gov.ie/en/department-of-justice-home-affairs-and-migration/collections/international-protection-in-numbers/,International Protection Summary Report (January 2025),939566,73cc8a2a9452faf14b3cc1b5d04e8f3c87488eaa1a92e55fe4a86e5fc9f9ebb0,2026-09-12T07:35:46Z,ok
international_protection/International_Protection_Summary_Report_January_2026.pdf,https://assets.gov.ie/static/documents/92d56ad6/International_Protection_Summary_Report_January_2026.pdf,https://www.gov.ie/en/department-of-justice-home-affairs-and-migration/collections/international-protection-in-numbers/,International Protection Summary Report (January 2026),1017644,3e4adb4615fcd8b3519b6576c93f31e5bfcd2d8f1e5ab70fe637f10f444d7520,2026-09-12T07:35:43Z,ok
international_protection/International_Protection_Summary_Report_July_2024.pdf,https://assets.gov.ie/static/documents/International_Protection_Summary_Report_July_2024.pdf,https://www.gov.ie/en/department-of-justice-home-affairs-and-migration/collections/international-protection-in-numbers/,International Protection Summary Report (July 2024),930824,c7154d6c09529ffa7798980325883c3bee9b0c36c8c660469b26bc99ec070187,2026-09-12T07:35:48Z,ok
international_protection/International_Protection_Summary_Report_July_2025.pdf,https://assets.gov.ie/static/documents/International_Protection_Summary_Report_July_2025.pdf,https://www.gov.ie/en/department-of-justice-home-affairs-and-migration/collections/international-protection-in-numbers/,International Protection Summary Report (July 2025),975667,fa2cbef0d9504d9652ca4aafc322b6fe72d07dfe619a89d755166cbef78d7665,2026-09-12T07:35:45Z,ok
international_protection/International_Protection_Summary_Report_June_2024.pdf,https://assets.gov.ie/static/documents/International_Protection_Summary_Report_June_2024.pdf,https://www.gov.ie/en/department-of-justice-home-affairs-and-migration/collections/international-protection-in-numbers/,International Protection Summary Report (June 2024),842930,6fcdaface9b8e78f7fda79fe1cb79b6d3d4ed2eef3906d9578ae9e0becfc839e,2026-09-12T07:35:48Z,ok
international_protection/International_Protection_Summary_Report_June_2025.pdf,https://assets.gov.ie/static/documents/International_Protection_Summary_Report_June_2025.pdf,https://www.gov.ie/en/department-of-justice-home-affairs-and-migration/collections/international-protection-in-numbers/,International Protection Summary Report (June 2025),978658,78cb82e3e5308150c3ea91edb8e61fec42b53169b82a10b079f4dcdeca0fe824,2026-09-12T07:35:45Z,ok
international_protection/International_Protection_Summary_Report_March_2025.pdf,https://assets.gov.ie/static/documents/International_Protection_Summary_Report_March_2025.pdf,https://www.gov.ie/en/department-of-justice-home-affairs-and-migration/collections/international-protection-in-numbers/,International Protection Summary Report (March 2025),839277,5bcd236d3398afd609b29cb6c94e79f6ddd8a63aa543fa5f47c13259079fbf03,2026-09-12T07:35:46Z,ok
international_protection/International_Protection_Summary_Report_March_2026.pdf,https://assets.gov.ie/static/documents/4aaa255f/International_Protection_Summary_Report_March_2026.pdf,https://www.gov.ie/en/department-of-justice-home-affairs-and-migration/collections/international-protection-in-numbers/,International Protection Summary Report (March 2026),962949,46400b8c456f63b0a7b6809576b4f8d1c47800f6d4ccc33d4860c58ad027efba,2026-09-12T07:35:43Z,ok
international_protection/International_Protection_Summary_Report_May_2024.pdf,https://assets.gov.ie/static/documents/International_Protection_Summary_Report_May_2024.pdf,https://www.gov.ie/en/department-of-justice-home-affairs-and-migration/collections/international-protection-in-numbers/,International Protection Summary Report (May 2024),923913,2d42ea85526f39b3bd294f5213df342e2cb8c2d8a6ed06794f90afde97b8d6af,2026-09-12T07:35:48Z,ok
international_protection/International_Protection_Summary_Report_May_2025.pdf,https://assets.gov.ie/static/documents/International_Protection_Summary_Report_May_2025.pdf,https://www.gov.ie/en/department-of-justice-home-affairs-and-migration/collections/international-protection-in-numbers/,International Protection Summary Report (May 2025),973630,b9b17e1e24a57c5067ea3bb531f3af1746d8b6b591b2b455b2b46201264f1532,2026-09-12T07:35:46Z,ok
international_protection/International_Protection_Summary_Report_May_2026.pdf,https://assets.gov.ie/static/documents/ed44498d/International_Protection_Summary_Report_May_2026.pdf,https://www.gov.ie/en/department-of-justice-home-affairs-and-migration/collections/international-protection-in-numbers/,International Protection Summary Report (May 2026),968936,da7c886b58961e48438d66444ef0f485a1c1551803a5689a9b636d9306c3691a,2026-09-12T07:35:42Z,ok
international_protection/International_Protection_Summary_Report_November_2024.pdf,https://assets.gov.ie/static/documents/International_Protection_Summary_Report_November_2024.pdf,https://www.gov.ie/en/department-of-justice-home-affairs-and-migration/collections/international-protection-in-numbers/,International Protection Summary Report (November 2024),901884,c5d0adba2a1e63476b404e40a47d7b22b7c9c61f1878cfa84b64d1070cf6a86b,2026-09-12T07:35:47Z,ok
international_protection/International_Protection_Summary_Report_November_2025.pdf,https://assets.gov.ie/static/documents/42bc4970/International_Protection_Summary_Report_November_2025.pdf,https://www.gov.ie/en/department-of-justice-home-affairs-and-migration/collections/international-protection-in-numbers/,International Protection Summary Report (November 2025),1009418,8932277896a485c911e207d0e08d7e58f791fad9fc5ca793ccff62ebdba1631f,2026-09-12T07:35:44Z,ok
international_protection/International_Protection_Summary_Report_October_2024.pdf,https://assets.gov.ie/static/documents/International_Protection_Summary_Report_October_2024.pdf,https://www.gov.ie/en/department-of-justice-home-affairs-and-migration/collections/international-protection-in-numbers/,International Protection Summary Report (October 2024),904660,b52d0d207c14f915136c8ec6a77f9c5b1dcad6682f944321f5eabdcab7c79994,2026-09-12T07:35:47Z,ok
international_protection/International_Protection_Summary_Report_October_2025.pdf,https://assets.gov.ie/static/documents/c34524ee/International_Protection_Summary_Report_October_2025.pdf,https://www.gov.ie/en/department-of-justice-home-affairs-and-migration/collections/international-protection-in-numbers/,International Protection Summary Report (October 2025,986008,ad1b082ad8e6915f6425d2c4ecb226e4f7a5563e730fed17093d255091cf37d4,2026-09-12T07:35:44Z,ok
international_protection/International_Protection_Summary_Report_September_2024.pdf,https://assets.gov.ie/static/documents/International_Protection_Summary_Report_September_2024.pdf,https://www.gov.ie/en/department-of-justice-home-affairs-and-migration/collections/international-protection-in-numbers/,International Protection Summary Report (September 2024),913336,df6cb06c586179dcd288cbd5d2a143bdc3679026310f4277f2d2937d174fea0e,2026-09-12T07:35:47Z,ok
international_protection/International_Protection_Summary_Report_September_2025.pdf,https://assets.gov.ie/static/documents/669d1349/International_Protection_Summary_Report_September_2025.pdf,https://www.gov.ie/en/department-of-justice-home-affairs-and-migration/collections/international-protection-in-numbers/,International Protection Summary Report (September 2025),1014555,8b4995796548089a171c65ea688e188168e44b74cb0b8d09c1ee8fca3f8b8716,2026-09-12T07:35:45Z,ok
