"The International Protection Office (IPO) is an office within the Immigration Service Delivery (formerly Irish Naturalisation and Immigration Service (INIS)) responsible for processing applications for international protection under the International Protection Act 2015. It also considers, as part of a single procedure process, whether applicants should be given permission to remain. The IPO comprises, inter alia, a Chief International Protection Officer and international protection officers who are independent in the performance of their international protection functions.  Immigration Service Delivery administers functions for the Minister for Justice and Equality.",,
"Included in the total count are Domestic applications, relocated applications and re-applications for a  declaration for International Protection (s22)",,
"While these statistics are correct at time of publishing, changes may occur due to data cleansing.",,
Total applications for a declaration of International Protection,Year,Month
138,2021,March
91,2021,February
138,2021,January
160,2020,December
64,2020,November
128,2020,October
173,2020,September
118,2020,August
107,2020,July
41,2020,June
16,2020,May
30,2020,April
177,2020,March
246,2020,February
306,2020,January
294,2019,December
289,2019,November
436,2019,October
668,2019,September
414,2019,August
445,2019,July
383,2019,June
385,2019,May
344,2019,April
368,2019,March
344,2019,February
411,2019,January
346,2018,December
309,2018,November
377,2018,October
365,2018,September
327,2018,August
301,2018,July
234,2018,June
219,2018,May
221,2018,April
375,2018,March
287,2018,February
312,2018,January
308,2017,December
297,2017,November
312,2017,October
336,2017,September
218,2017,August
178,2017,July
213,2017,June
295,2017,May
172,2017,April
214,2017,March
223,2017,February
164,2017,January
