"The International Protection Office (IPO) is an office within the Immigration Service Delivery (formerly Irish Naturalisation and Immigration Service (INIS)) responsible for processing applications for international protection under the International Protection Act 2015. It also considers, as part of a single procedure process, whether applicants should be given permission to remain. The IPO comprises, inter alia, a Chief International Protection Officer and international protection officers who are independent in the performance of their international protection functions.  Immigration Service Delivery administers functions for the Minister for Justice and Equality.",,,,
"Included in the total count are Domestic applications, relocated applications and re-applications for a  declaration for International Protection (s22)",,,,
"While these statistics are correct at time of publishing, changes may occur due to data cleansing.",,,,
Year,Month,Nationality,Number of Applications (YTD),Percentage of total (YTD)
2021,March,Nigeria,83,22.6
2021,March,Afghanistan,29,7.9
2021,March,South Africa,29,7.9
2021,March,Somalia,23,6.3
2021,March,Georgia,21,5.7
2021,March,Other,182,49.6
2021,March,Total,367,100
2021,February,Nigeria,52,22.7
2021,February,South Africa,24,10.5
2021,February,Afghanistan,18,7.9
2021,February,Somalia,17,7.4
2021,February,Georgia,15,6.6
2021,February,Other,103,45
2021,February,Total,229,100
2021,January,Nigeria,31,22.5
2021,January,Afghanistan,12,8.7
2021,January,Somalia,11,8
2021,January,South Africa,11,8
2021,January,Sudan,7,5.1
2021,January,Other,66,47.8
2021,January,Total,138,100
2020,December,Nigeria,208,13.3
2020,December,Somalia,167,10.7
2020,December,Pakistan,87,5.6
2020,December,South Africa,84,5.4
2020,December,Zimbabwe,82,5.2
2020,December,Other,938,59.9
2020,December,Total,1566,100
2020,November,Nigeria,179,12.7
2020,November,Somalia,138,9.8
2020,November,Pakistan,81,5.8
2020,November,Zimbabwe,80,5.7
2020,November,South Africa,77,5.5
2020,November,Other,851,60.5
2020,November,Total,1406,100
2020,October,Nigeria,161,12
2020,October,Somalia,135,10.1
2020,October,Zimbabwe,79,5.9
2020,October,Pakistan,77,5.7
2020,October,South Africa,77,5.7
2020,October,Other,813,60.6
2020,October,Total,1342,100
2020,September,Nigeria,136,11.2
2020,September,Somalia,120,9.9
2020,September,Zimbabwe,79,6.5
2020,September,South Africa,73,6
2020,September,Pakistan,69,5.7
2020,September,Other,737,60.7
2020,September,Total,1214,100
2020,August,Nigeria,117,11.2
2020,August,Somalia,86,8.3
2020,August,Zimbabwe,77,7.4
2020,August,South Africa,66,6.3
2020,August,Pakistan,59,5.7
2020,August,Other,636,61.1
2020,August,Total,1041,100
2020,July,Nigeria,108,11.7
2020,July,Zimbabwe,74,8
2020,July,Somalia,65,7
2020,July,South Africa,62,6.7
2020,July,Pakistan,54,5.9
2020,July,Other,560,60.7
2020,July,Total,923,100
2020,June,Nigeria,89,10.9
2020,June,Zimbabwe,67,8.2
2020,June,South Africa,59,7.2
2020,June,Somalia,55,6.7
2020,June,Pakistan,47,5.8
2020,June,Other,499,61.2
2020,June,Total,816,100
2020,May,Nigeria,84,10.8
2020,May,Zimbabwe,66,8.5
2020,May,South Africa,59,7.6
2020,May,Somalia,52,6.7
2020,May,Pakistan,46,5.9
2020,May,Other ,468,60.4
2020,May,Total,775,100
2020,April,Nigeria,82,10.8
2020,April,Zimbabwe,66,8.7
2020,April,South Africa,56,7.4
2020,April,Somalia,52,6.9
2020,April,Pakistan,44,5.8
2020,April,Other ,459,60.5
2020,April,Total,759,100
2020,March,Nigeria,80,11
2020,March,Zimbabwe,66,9.1
2020,March,South Africa,54,7.4
2020,March,Somalia,52,7.1
2020,March,Pakistan,44,6
2020,March,Other ,433,59.4
2020,March,Total,729,100
2020,February,Zimbabwe,54,9.8
2020,February,Nigeria,53,9.6
2020,February,South Africa,43,7.8
2020,February,Somalia,38,6.9
2020,February,Pakistan,26,4.7
2020,February,Other,338,61.2
2020,February,Total,552,100
2020,January,Nigeria,40,13.1
2020,January,Zimbabwe,32,10.5
2020,January,South Africa,24,7.8
2020,January,Syria,18,5.9
2020,January,Somalia,17,5.6
2020,January,Other ,175,57.2
2020,January,Total,306,100
2019,December,Albania,976,20.4
2019,December,Georgia,635,13.3
2019,December,Zimbabwe,443,9.3
2019,December,Nigeria,386,8.1
2019,December,South Africa,322,6.7
2019,December,Other,2019,42.2
2019,December,Total,4781,100
2019,November,Albania,972,21.7
2019,November,Georgia,631,14.1
2019,November,Zimbabwe,371,8.3
2019,November,Nigeria,344,7.7
2019,November,South Africa,299,6.7
2019,November,Other,1870,41.7
2019,November,Total,4487,100
2019,October,Albania,965,23
2019,October,Georgia,614,14.6
2019,October,Zimbabwe,331,7.9
2019,October,Nigeria,307,7.3
2019,October,South Africa,275,6.6
2019,October,Other,1706,40.6
2019,October,Total,4198,100
2019,September,Albania,875,23.3
2019,September,Georgia,556,14.8
2019,September,Zimbabwe,293,7.8
2019,September,Nigeria,272,7.2
2019,September,South Africa,255,6.8
2019,September,Other,1511,40.2
2019,September,Total,3762,100
2019,August,Albania,684,22.1
2019,August,Georgia,439,14.2
2019,August,Zimbabwe,246,8
2019,August,Nigeria,212,6.9
2019,August,South Africa,207,6.7
2019,August,Other,1306,42.2
2019,August,Total,3094,100
2019,July,Albania,573,21.4
2019,July,Georgia,369,13.8
2019,July,Zimbabwe,234,8.7
2019,July,South Africa,188,7
2019,July,Nigeria,173,6.5
2019,July,Other,1143,42.6
2019,July,Total,2680,100
2019,June,Albania,467,20.9
2019,June,Georgia,303,13.6
2019,June,Zimbabwe,187,8.4
2019,June,South Africa,157,7
2019,June,Nigeria,147,6.6
2019,June,Other,974,43.6
2019,June,Total,2235,100
2019,May,Albania,374,20.2
2019,May,Georgia,223,12
2019,May,Zimbabwe,157,8.5
2019,May,South Africa,132,7.1
2019,May,Nigeria,127,6.9
2019,May,Other,839,45.3
2019,May,Total,1852,100
2019,April,Albania,285,19.4
2019,April,Georgia,160,10.9
2019,April,Zimbabwe,123,8.4
2019,April,South Africa,113,7.7
2019,April,Nigeria,108,7.4
2019,April,Other,678,46.2
2019,April,Total,1467,100
2019,March,Albania,210,18.7
2019,March,Georgia,118,10.5
2019,March,Zimbabwe,106,9.4
2019,March,South Africa,93,8.3
2019,March,Nigeria,90,8
2019,March,Other,506,45.1
2019,March,Total,1123,100
2019,February,Albania,138,18.3
2019,February,Georgia,86,11.4
2019,February,Zimbabwe,71,9.4
2019,February,Nigeria,67,8.9
2019,February,South Africa,64,8.5
2019,February,Other,329,43.6
2019,February,Total,755,100
2019,January,Albania,71,17.3
2019,January,Georgia,56,13.6
2019,January,Zimbabwe,44,10.7
2019,January,Nigeria,36,8.8
2019,January,South Africa,32,7.8
2019,January,Other,172,41.8
2019,January,Total,411,100
2018,December,Albania,459,12.5
2018,December,Georgia,450,12.3
2018,December,Syria,333,9.1
2018,December,Zimbabwe,282,7.7
2018,December,Nigeria,251,6.8
2018,December,Other,1898,51.7
2018,December,Total,3673,100
2018,November,Georgia,409,12.3
2018,November,Albania,383,11.5
2018,November,Syria,326,9.8
2018,November,Zimbabwe,257,7.7
2018,November,Pakistan,230,6.9
2018,November,Other,1719,51.7
2018,November,Total,3324,100
2018,October,Georgia,380,12.6
2018,October,Albania,330,10.9
2018,October,Syria,322,10.7
2018,October,Zimbabwe,226,7.5
2018,October,Pakistan,218,7.2
2018,October,Other,1541,51.1
2018,October,Total,3017,100
2018,September,Georgia,336,12.7
2018,September,Syria,309,11.7
2018,September,Albania,277,10.5
2018,September,Zimbabwe,201,7.6
2018,September,Pakistan,194,7.3
2018,September,Other,1324,50.1
2018,September,Total,2641,100
2018,August,Georgia,299,13.1
2018,August,Syria,296,13
2018,August,Albania,235,10.3
2018,August,Pakistan,175,7.7
2018,August,Zimbabwe,174,7.6
2018,August,Other,1097,48.2
2018,August,Total,2276,100
2018,July,Syria,287,14.7
2018,July,Georgia,252,12.9
2018,July,Albania,185,9.5
2018,July,Zimbabwe,149,7.6
2018,July,Pakistan,140,7.2
2018,July,Others,936,48
2018,July,Total,1949,100
2018,June,Syria,282,17.1
2018,June,Georgia,220,13.3
2018,June,Albania,157,9.5
2018,June,Pakistan,111,6.7
2018,June,Zimbabwe,111,6.7
2018,June,Others,767,46.5
2018,June,Total,1648,100
2018,May,Syria,279,19.7
2018,May,Georgia,192,13.6
2018,May,Albania,132,9.3
2018,May,Zimbabwe,98,6.9
2018,May,Pakistan,95,6.7
2018,May,Others,618,43.7
2018,May,Total,1414,100
2018,April,Syria,269,22.5
2018,April,Georgia,173,14.5
2018,April,Albania,110,9.2
2018,April,Nigeria,80,6.7
2018,April,Pakistan,76,6.4
2018,April,Other,487,40.8
2018,April,Total,1195,100
2018,March,Syria,263,27
2018,March,Georgia,141,14.5
2018,March,Albania,86,8.8
2018,March,Pakistan,66,6.8
2018,March,Zimbabwe,53,5.4
2018,March,Others,365,37.5
2018,March,Total,974,100
2018,February,Georgia,110,18.4
2018,February,Syria,105,17.5
2018,February,Albania,56,9.3
2018,February,Pakistan,46,7.7
2018,February,Zimbabwe,42,7
2018,February,Others,240,40.1
2018,February,Total,599,100
2018,January,Georgia,67,21.5
2018,January,Albania,36,11.5
2018,January,Zimbabwe,30,9.6
2018,January,Afghanistan,22,7.1
2018,January,Nigeria,20,6.4
2018,January,Others,137,43.9
2018,January,Total,312,100
2017,December,Syria,545,18.6
2017,December,Georgia,302,10.3
2017,December,Albania,282,9.6
2017,December,Zimbabwe,262,9
2017,December,Pakistan,200,6.8
2017,December,Others,1335,45.6
2017,December,Total,2926,100
2017,November,Syria,449,17.1
2017,November,Georgia,262,10
2017,November,Albania,261,10
2017,November,Zimbabwe,235,9
2017,November,Pakistan,192,7.3
2017,November,Others,1220,46.6
2017,November,Total,2619,100
2017,October,Syria,402,17.3
2017,October,Albania,231,9.9
2017,October,Georgia,230,9.9
2017,October,Zimbabwe,213,9.2
2017,October,Pakistan,161,6.9
2017,October,Others,1086,46.7
2017,October,Total,2323,100
2017,September,Syria,334,16.6
2017,September,Georgia,216,10.7
2017,September,Albania,190,9.4
2017,September,Zimbabwe,186,9.2
2017,September,Pakistan,131,6.5
2017,September,Others,954,47.4
2017,September,Total,2011,100
2017,August,Syria,239,14.3
2017,August,Georgia,180,10.7
2017,August,Zimbabwe,161,9.6
2017,August,Albania,157,9.4
2017,August,Pakistan,119,7.1
2017,August,Others,819,48.9
2017,August,Total,1675,100
2017,July,Syria,234,16.1
2017,July,Georgia,164,11.3
2017,July,Albania,139,9.5
2017,July,Zimbabwe,128,8.8
2017,July,Nigeria,109,7.5
2017,July,Others,683,46.9
2017,July,Total,1457,100
2017,June,Syria,231,18.1
2017,June,Georgia,138,10.8
2017,June,Albania,117,9.1
2017,June,Zimbabwe,116,9.1
2017,June,Nigeria,96,7.5
2017,June,Others,581,45.4
2017,June,Total,1279,100
2017,May,Syria,225,21.1
2017,May,Zimbabwe,100,9.4
2017,May,Albania,95,8.9
2017,May,Nigeria,85,8
2017,May,Georgia,83,7.8
2017,May,Others,478,44.8
2017,May,Total,1066,100
2017,April,Syria,172,22.3
2017,April,Albania,76,9.9
2017,April,Nigeria,74,9.6
2017,April,Zimbabwe,59,7.7
2017,April,Pakistan,48,6.2
2017,April,Others,342,44.4
2017,April,Total,771,100
2017,March,Syria,135,22.5
2017,March,Albania,72,12
2017,March,Nigeria,57,9.5
2017,March,Zimbabwe,54,9
2017,March,Pakistan,32,5.3
2017,March,Others,249,41.6
2017,March,Total,599,100
2017,February,Syria,79,20.4
2017,February,Albania,51,13.2
2017,February,Zimbabwe,41,10.6
2017,February,Nigeria,37,9.6
2017,February,South Africa,23,5.9
2017,February,Others,156,40.3
2017,February,Total,387,100
2017,January,Albania,32,19.5
2017,January,Zimbabwe,28,17.1
2017,January,Nigeria,19,11.6
2017,January,South Africa,16,9.8
2017,January,DR Congo,9,5.5
2017,January,Others,60,36.6
2017,January,Total,164,100
