url,decision,reason,stage,decided_by,date
https://www.esri.ie/publications/how-do-emn-member-countries-distribute-asylum-centres-and-manage-relationships-with,include,EMN comparative memo; describes Ireland's own policy/practice alongside other Member States (qualitative evidence on Ireland),1-ESRI,manual review of abstract/PDF/chapter list,2026-09-26
https://www.esri.ie/publications/how-do-emn-member-countries-approach-civic-training-as-a-tool-for-integration,include,EMN comparative memo; describes Ireland's own policy/practice alongside other Member States (qualitative evidence on Ireland),1-ESRI,manual review of abstract/PDF/chapter list,2026-09-26
https://www.esri.ie/publications/how-do-emn-member-countries-design-and-implement-migration-strategies,include,EMN comparative memo; describes Ireland's own policy/practice alongside other Member States (qualitative evidence on Ireland),1-ESRI,manual review of abstract/PDF/chapter list,2026-09-26
https://www.esri.ie/publications/how-do-emn-countries-manage-contributions-to-international-protection-accommodation,include,EMN comparative memo; describes Ireland's own policy/practice alongside other Member States (qualitative evidence on Ireland),1-ESRI,manual review of abstract/PDF/chapter list,2026-09-26
https://www.esri.ie/publications/how-do-emn-member-states-ensure-systems-for-housing-international-protection,include,EMN comparative memo; describes Ireland's own policy/practice alongside other Member States (qualitative evidence on Ireland); abstract discusses Irish application trends,1-ESRI,manual review of abstract/PDF/chapter list,2026-09-26
https://www.esri.ie/publications/are-community-characteristics-linked-to-peoples-attitudes-to-immigration-in-ireland,include,bulletin of a JEMS article on community drivers of immigration attitudes in Ireland; short PDF explains low mention count,1-ESRI,manual review of abstract/PDF/chapter list,2026-09-26
https://www.esri.ie/publications/how-did-migrant-origin-young-people-in-ireland-fare-during-the-covid-19-pandemic,include,bulletin on wellbeing of migrant-origin youth in Ireland during COVID-19,1-ESRI,manual review of abstract/PDF/chapter list,2026-09-26
https://www.esri.ie/publications/differences-in-childcare-use-between-irish-born-and-immigrant-households-in-ireland,include,compares childcare use of Irish-born vs immigrant households in Ireland,1-ESRI,manual review of abstract/PDF/chapter list,2026-09-26
https://www.esri.ie/publications/the-creation-of-culturally-responsive-school-environments-in-ireland-factors-that,include,"multi-method Irish primary-school study (teachers, principals, parents) on responding to migration-driven diversity",1-ESRI,manual review of abstract/PDF/chapter list,2026-09-26
https://www.esri.ie/publications/inequality-in-participation-in-shadow-education-in-mathematics-in-europe-an-0,include,TIMSS/PISA analysis of EEA countries incl. Ireland with migrant origin as an analysed axis (cross-national),1-ESRI,manual review of abstract/PDF/chapter list,2026-09-26
https://www.esri.ie/publications/inequality-in-participation-in-shadow-education-in-mathematics-in-europe-an,include,TIMSS/PISA analysis of EEA countries incl. Ireland with migrant origin as an analysed axis (cross-national),1-ESRI,manual review of abstract/PDF/chapter list,2026-09-26
https://www.esri.ie/publications/conclusion-post-school-pathways-of-migrant-origin-youth-in-europe,exclude,"concluding chapter; the Irish analysis is in ch.3, listed separately",1-ESRI,manual review of abstract/PDF/chapter list,2026-09-26
https://www.esri.ie/publications/post-school-pathways-of-migrant-origin-youth-in-europe,include,"edited book whose ch.3 analyses migrant-origin young people in Ireland (McGinnity, Darmody, Smyth)",1-ESRI,manual review of abstract/PDF/chapter list,2026-09-26
https://www.esri.ie/publications/post-school-expectations-and-outcomes-among-migrant-origin-young-people-in-ireland,include,Ireland chapter of Post-school Pathways of Migrant-Origin Youth in Europe,1-ESRI,manual review of abstract/PDF/chapter list,2026-09-26
https://www.esri.ie/publications/public-transport-availability-delayed-learning-to-drive-and-later-life-car-use,exclude,migration is not the subject (term appears only as a covariate or in a different sense),1-ESRI,manual review of abstract/PDF/chapter list,2026-09-26
https://www.esri.ie/publications/public-transport-availability-delayed-learning-to-drive-and-later-life-car-dependence,exclude,migration is not the subject (term appears only as a covariate or in a different sense),1-ESRI,manual review of abstract/PDF/chapter list,2026-09-26
https://www.esri.ie/publications/public-transport-availability-delayed-learning-to-drive-and-later-life-car-0,exclude,migration is not the subject (term appears only as a covariate or in a different sense),1-ESRI,manual review of abstract/PDF/chapter list,2026-09-26
https://www.esri.ie/publications/perceptions-of-safety-and-fairness-in-road-spaces-shared-by-pedestrians-cyclists-and,exclude,migration is not the subject (term appears only as a covariate or in a different sense),1-ESRI,manual review of abstract/PDF/chapter list,2026-09-26
https://www.esri.ie/publications/social-and-spatial-inequalities-in-nitrogen-dioxide-no2-air-pollution-across-ireland,exclude,migration is not the subject (term appears only as a covariate or in a different sense),1-ESRI,manual review of abstract/PDF/chapter list,2026-09-26
https://www.esri.ie/publications/future-proofing-schools-bringing-school-policies-into-the-ai-era,exclude,migration is not the subject (term appears only as a covariate or in a different sense),1-ESRI,manual review of abstract/PDF/chapter list,2026-09-26
https://www.esri.ie/publications/school-and-home-influences-on-youth-ict-skills-development-in-ireland,exclude,migration is not the subject (term appears only as a covariate or in a different sense),1-ESRI,manual review of abstract/PDF/chapter list,2026-09-26
https://www.esri.ie/publications/sexual-health-and-wellbeing-in-young-adulthood,exclude,migration is not the subject (term appears only as a covariate or in a different sense),1-ESRI,manual review of abstract/PDF/chapter list,2026-09-26
https://www.esri.ie/publications/determinants-of-acute-psychiatric-inpatient-length-of-stay-in-ireland-0,exclude,migration is not the subject (term appears only as a covariate or in a different sense),1-ESRI,manual review of abstract/PDF/chapter list,2026-09-26
https://www.esri.ie/publications/are-there-inequalities-in-exposure-to-pm25-air-pollution-across-ireland,exclude,migration is not the subject (term appears only as a covariate or in a different sense),1-ESRI,manual review of abstract/PDF/chapter list,2026-09-26
https://www.esri.ie/publications/an-investigation-of-inequalities-in-exposure-to-pm25-air-pollution-across-small-areas,exclude,migration is not the subject (term appears only as a covariate or in a different sense),1-ESRI,manual review of abstract/PDF/chapter list,2026-09-26
https://www.esri.ie/publications/long-term-exposure-to-pm25-air-pollution-and-mental-health-a-retrospective-cohort,exclude,migration is not the subject (term appears only as a covariate or in a different sense),1-ESRI,manual review of abstract/PDF/chapter list,2026-09-26
https://www.esri.ie/publications/a-linear-reduced-order-model-for-the-activated-sludge-process-for-the-integration-into,exclude,migration is not the subject (term appears only as a covariate or in a different sense),1-ESRI,manual review of abstract/PDF/chapter list,2026-09-26
https://www.esri.ie/publications/hydrogen-supply-chain-modelling-at-energy-system-scale-a-review,exclude,migration is not the subject (term appears only as a covariate or in a different sense),1-ESRI,manual review of abstract/PDF/chapter list,2026-09-26
https://www.esri.ie/publications/growing-up-in-ireland-key-findings-cohort-08-at-13-years-old,exclude,migration is not the subject (term appears only as a covariate or in a different sense),1-ESRI,manual review of abstract/PDF/chapter list,2026-09-26
https://www.esri.ie/publications/neighbourhood-factors-and-associations-with-mental-health,exclude,migration is not the subject (term appears only as a covariate or in a different sense),1-ESRI,manual review of abstract/PDF/chapter list,2026-09-26
https://www.esri.ie/publications/area-level-deprivation-neighbourhood-factors-and-associations-with-mental-health,exclude,migration is not the subject (term appears only as a covariate or in a different sense),1-ESRI,manual review of abstract/PDF/chapter list,2026-09-26
https://www.esri.ie/publications/is-the-effect-of-menu-energy-labelling-on-consumer-behaviour-equitable-a-pooled,exclude,migration is not the subject (term appears only as a covariate or in a different sense),1-ESRI,manual review of abstract/PDF/chapter list,2026-09-26
https://www.esri.ie/publications/the-distribution-of-traveller-students-across-education-settings-in-ireland,exclude,"Irish Travellers are an indigenous ethnic minority, not a migrant population",1-ESRI,manual review of abstract/PDF/chapter list,2026-09-26
https://www.esri.ie/publications/the-representation-of-traveller-students-across-different-school-contexts-in-ireland,exclude,"Irish Travellers are an indigenous ethnic minority, not a migrant population",1-ESRI,manual review of abstract/PDF/chapter list,2026-09-26
https://www.esri.ie/publications/evaluating-child-caregiver-attachment-beyond-infancy-when-language-barriers-exist,exclude,sample is Syrian refugee families in Jordan; no Irish data,1-ESRI,manual review of abstract/PDF/chapter list,2026-09-26
https://www.esri.ie/publications/inherited-social-trust-and-depression-among-second-generation-immigrants,exclude,pooled sample from 22 European countries; no Ireland-specific results,1-ESRI,manual review of abstract/PDF/chapter list,2026-09-26
https://www.esri.ie/publications/immigration-segregation-and-attitudes-toward-immigrants-a-longitudinal-multiscalar,exclude,German panel data; no Irish data,1-ESRI,manual review of abstract/PDF/chapter list,2026-09-26
https://www.esri.ie/publications/the-role-of-ethnic-diversity-and-residential-segregation-in-shaping-anti-immigrant-0,exclude,England only (Brexit vote); no Irish data,1-ESRI,manual review of abstract/PDF/chapter list,2026-09-26
https://www.esri.ie/publications/social-gender-and-ethnic-inequalities-in-education-and-school-to-work-transitions,exclude,literature overview chapter; no Irish data,1-ESRI,manual review of abstract/PDF/chapter list,2026-09-26
https://www.esri.ie/publications/post-school-pathways-and-migrant-youth,exclude,"introductory framing chapter; the Irish analysis is in ch.3, listed separately",1-ESRI,manual review of abstract/PDF/chapter list,2026-09-26
https://www.esri.ie/publications/student-mobility-into-and-out-of-northern-ireland-what-brain-drain,include,student migration into/out of NI (brain drain),1-ESRI,manual review of abstract/PDF,2026-09-26
https://www.esri.ie/publications/student-mobility-in-ireland-and-northern-ireland,include,"cross-border student migration, island of Ireland",1-ESRI,manual review of abstract/PDF,2026-09-26
https://www.esri.ie/publications/how-do-emn-countries-monitor-the-integration-of-non-eu-nationals,include,EMN comparative memo; describes Ireland's own practice,1-ESRI,manual review of abstract/PDF,2026-09-26
https://www.esri.ie/publications/the-experience-of-housing-discrimination-and-housing-deprivation-across-social-groups,include,housing discrimination compared across groups incl. migrants/ethnic minorities (same decision as stage 2),1-ESRI,manual review of abstract/PDF,2026-09-26
https://www.esri.ie/publications/understanding-attitudes-to-travellers-and-roma-in-ireland,include,"attitudes to Roma, a largely migrant-origin population in Ireland (Traveller component noted)",1-ESRI,manual review of abstract/PDF,2026-09-26
https://www.esri.ie/publications/the-macroeconomic-impact-of-tariffs-on-northern-ireland,exclude,not migration,1-ESRI,manual review of abstract/PDF,2026-09-26
https://www.esri.ie/publications/motivations-for-car-ownership,exclude,not migration,1-ESRI,manual review of abstract/PDF,2026-09-26
https://www.esri.ie/publications/perceived-discrimination-and-young-peoples-health-and-wellbeing-in-ireland-a,exclude,immigrant adolescents one of five groups; migration incidental (12 mentions in 97 pp.),1-ESRI,manual review of abstract/PDF,2026-09-26
https://www.esri.ie/publications/how-do-disability-rates-differ-across-the-island-of-ireland,exclude,not migration,1-ESRI,manual review of abstract/PDF,2026-09-26
https://www.esri.ie/publications/trends-in-disability-prevalence-among-young-people-insights-from-the-growing-up-in,exclude,not migration,1-ESRI,manual review of abstract/PDF,2026-09-26
https://www.esri.ie/publications/population-projections-the-flow-of-new-households-and-structural-housing-demand,exclude,housing demand; migration only an input assumption,1-ESRI,manual review of abstract/PDF,2026-09-26
https://www.esri.ie/publications/quarterly-economic-commentary-summer-2024,exclude,macro commentary; migration incidental,1-ESRI,manual review of abstract/PDF,2026-09-26
https://www.esri.ie/publications/gender-and-labour-market-inclusion-on-the-island-of-ireland,exclude,migration incidental,1-ESRI,manual review of abstract/PDF,2026-09-26
https://www.esri.ie/publications/housing-adequacy-and-child-outcomes-in-early-and-middle-childhood,exclude,not migration,1-ESRI,manual review of abstract/PDF,2026-09-26
https://www.esri.ie/publications/the-long-term-outcomes-of-school-absence,exclude,migrant status used only as a control variable,1-ESRI,manual review of abstract/PDF,2026-09-26
https://doi.org/10.14746/gl.2023.50.1.5,include,survey/fieldwork with teachers & managers in Irish post-primary schools on migration-driven linguistic diversity,2-broad,manual review of abstract,2026-09-26
https://doi.org/10.1080/03323315.2024.2334710,include,interviews with 30 principals/teachers in Ireland & Spain on migration-driven diversity,2-broad,manual review of abstract,2026-09-26
https://doi.org/10.1186/s12909-024-05392-4,include,survey of final-year medical students in ROI on care for a migration-diversified population,2-broad,manual review of abstract,2026-09-26
https://doi.org/10.3390/educsci14070692,include,Irish study of teacher preparedness for migrant-origin pupils,2-broad,manual review of abstract,2026-09-26
https://doi.org/10.1353/isia.2024.a932295,include,"legal analysis of acquisition/loss of Irish and British nationality (citizenship law, North and South)",2-broad,manual review of abstract,2026-09-26
https://doi.org/10.1007/s11205-024-03438-0,include,ESRI analysis comparing housing discrimination across groups incl. migrants/ethnic minorities in Ireland,2-broad,manual review of abstract,2026-09-26
https://doi.org/10.1080/15348458.2025.2457143,include,qualitative study of multilingual/migrant adolescents' school belonging in Northern Ireland,2-broad,manual review of abstract,2026-09-26
https://doi.org/10.1111/1460-6984.70005,include,Polish-English bilingual (migrant-origin) children assessed by SLTs in Ireland,2-broad,manual review of abstract,2026-09-26
https://doi.org/10.1186/s12960-025-01025-z,include,27 interviews on emigration/return decisions of Irish-trained doctors,2-broad,manual review of abstract,2026-09-26
https://doi.org/10.12968/bjcn.2025.0038,include,interviews with Irish nurses who emigrated to Australia (emigration),2-broad,manual review of abstract,2026-09-26
https://doi.org/10.3390/socsci15070479,include,Ireland case study of internationally qualified social workers,2-broad,manual review of abstract,2026-09-26
https://doi.org/10.1080/13632434.2025.2546089,include,qualitative study of school leaders responding to inward migration in Northern Ireland,2-broad,manual review of abstract,2026-09-26
https://doi.org/10.23889/ijpds.v10i4.3026,include,NI Census 2021 microdata resource for the (largely migrant-origin) minority ethnic population,2-broad,manual review of abstract,2026-09-26
https://doi.org/10.3390/educsci15060732,include,focus group/interviews with Polish transnational families in Ireland,2-broad,manual review of abstract,2026-09-26
https://doi.org/10.1080/17549507.2025.2567332,include,survey of 131 clinicians in ROI assessing multilingual migrant-origin children,2-broad,manual review of abstract,2026-09-26
https://doi.org/10.3389/feduc.2025.1502115,include,cross-national incl. Ireland; migration background is an analysed axis,2-broad,manual review of abstract,2026-09-26
https://doi.org/10.1002/psp.2708,include,"internal migration / staying intentions, survey+interviews incl. Northern Ireland",2-broad,manual review of abstract,2026-09-26
https://doi.org/10.1017/s0022050724000536,historical,Irish emigrants in England 1838-2018 from probate/vital registers - historical appendix,2-broad,manual review of abstract,2026-09-26
https://doi.org/10.12688/openreseurope.23707.1,exclude,populism/Euroscepticism report; migration only as a campaign topic,2-broad,manual review of abstract,2026-09-26
https://doi.org/10.1558/sols.26214,exclude,special-issue introduction; no Irish data,2-broad,manual review of abstract,2026-09-26
https://doi.org/10.22605/rrh8173,include,multilingual health messaging for migrants in Ireland (12% foreign-born),2-broad,manual review of abstract,2026-09-26
https://doi.org/10.1080/13562576.2023.2260156,include,asylum seekers and refugees in Northern Ireland and integration policy,2-broad,manual review of abstract,2026-09-26
https://doi.org/10.1353/isia.0.0008,include,Irish Naval Service role in Mediterranean search & rescue and irregular migration,2-broad,manual review of abstract,2026-09-26
https://doi.org/10.12968/bjhc.2023.0013,include,review of Irish evidence on junior doctor retention and emigration,2-broad,manual review of abstract,2026-09-26
https://doi.org/10.1332/jnhi8991,include,Irish social work research on racism amid migration-driven diversity,2-broad,manual review of abstract,2026-09-26
https://doi.org/10.51917/dialogo.2023.9.2.15,include,document analysis of Irish Times coverage of Romanian immigrants in Ireland,2-broad,manual review of abstract,2026-09-26
https://doi.org/10.67441/3143-3715.2023.08,include,online anti-immigrant/nationalist mobilisation in Ireland,2-broad,manual review of abstract,2026-09-26
https://doi.org/10.1177/20319525231222165,include,legal analysis of Irish citizens' migration rights in the UK under the Common Travel Area,2-broad,manual review of abstract,2026-09-26
https://doi.org/10.3390/soc14010012,include,Direct Provision in Ireland (asylum reception),2-broad,manual review of abstract,2026-09-26
https://doi.org/10.4000/lisa.15693,include,analysis of the Irish State's diaspora strategy,2-broad,manual review of abstract,2026-09-26
https://doi.org/10.4000/lisa.15866,include,Irish diaspora philanthropy and State engagement,2-broad,manual review of abstract,2026-09-26
https://doi.org/10.1093/oxfordhb/9780198868699.013.2,include,overview of immigrant/minority religions on the island of Ireland,2-broad,manual review of abstract,2026-09-26
https://doi.org/10.1177/07916035241259252,include,protests around asylum-seeker accommodation in the Republic of Ireland,2-broad,manual review of abstract,2026-09-26
https://doi.org/10.1080/13562576.2024.2412579,include,Irish State diaspora policy,2-broad,manual review of abstract,2026-09-26
https://doi.org/10.55650/igj.2023.1479,include,anti-immigrant far-right campaigning on Twitter in the 2020 Irish election,2-broad,manual review of abstract,2026-09-26
https://doi.org/10.2148/benv.50.2.349,include,"Irish social, asylum and refugee policy",2-broad,manual review of abstract,2026-09-26
https://doi.org/10.31857/s0201708324070179,include,analysis of Irish migration policy after the 2023 Dublin riots,2-broad,manual review of abstract,2026-09-26
https://doi.org/10.1080/01419870.2024.2438287,include,refugee women's integration in Northern Ireland,2-broad,manual review of abstract,2026-09-26
https://doi.org/10.1080/01419870.2024.2438283,include,action research with international protection applicants (Direct Provision) at an Irish University of Sanctuary,2-broad,manual review of abstract,2026-09-26
https://doi.org/10.1080/01419870.2024.2438282,include,Irish Refugee Integration Network English classes at DCU,2-broad,manual review of abstract,2026-09-26
https://doi.org/10.2139/ssrn.5445976,include,refugee/IP applicant access to higher education in Ireland,2-broad,manual review of abstract,2026-09-26
https://doi.org/10.1093/bjsw/bcae190,include,practitioner accounts on perinatal mental health of migrant women in ROI,2-broad,manual review of abstract,2026-09-26
https://doi.org/10.1080/02615479.2025.2454466,include,Irish social work education responding to migration-driven ethnic diversity,2-broad,manual review of abstract,2026-09-26
https://doi.org/10.1163/15718166-12340194,include,legal/policy analysis of Ireland's opt-in to the 2024 EU asylum measures,2-broad,manual review of abstract,2026-09-26
https://doi.org/10.2307/jj.19783665,include,migrant Muslim women in Northern Ireland,2-broad,manual review of abstract,2026-09-26
https://doi.org/10.30970/ufl.2025.19.4819,include,Ukrainian displaced population's language in Ireland's linguistic landscape,2-broad,manual review of abstract,2026-09-26
https://doi.org/10.1177/07916035251344232,include,migrant women settling in Ireland,2-broad,manual review of abstract,2026-09-26
https://doi.org/10.1177/07916035251345369,include,international/immigrant students in Irish universities,2-broad,manual review of abstract,2026-09-26
https://doi.org/10.1111/geoj.70030,include,anti-immigrant protest in Belfast after Southport (commentary),2-broad,manual review of abstract,2026-09-26
https://doi.org/10.1177/03098168251343015,include,migrant political identity in Belfast,2-broad,manual review of abstract,2026-09-26
https://doi.org/10.54648/cola2025068,include,legal analysis of Ireland's opt-in to the EU Pact on Migration and Asylum,2-broad,manual review of abstract,2026-09-26
https://doi.org/10.1111/hex.70389,include,Roma (largely migrant-origin in Ireland) access to maternity services,2-broad,manual review of abstract,2026-09-26
https://doi.org/10.1080/03323315.2025.2561636,include,autoethnography of racialised (migrant-origin) schooling in Ireland,2-broad,manual review of abstract,2026-09-26
https://doi.org/10.1332/23978821y2025d000000153,include,asylum seekers in Irish international protection accommodation during COVID-19,2-broad,manual review of abstract,2026-09-26
https://doi.org/10.1016/j.socimp.2025.100149,include,co-design with asylum seekers/displaced communities in Ireland (MOBILISE),2-broad,manual review of abstract,2026-09-26
https://doi.org/10.1177/13675494251396218,include,populist anti-immigrant mobilisation in Ireland,2-broad,manual review of abstract,2026-09-26
https://doi.org/10.1177/07916035251409730,include,2004 Irish Citizenship Referendum,2-broad,manual review of abstract,2026-09-26
https://doi.org/10.1016/j.hpopen.2026.100161,include,two-decade analysis of Ireland's dependence on migrant nurses,2-broad,manual review of abstract,2026-09-26
https://doi.org/10.1017/ipm.2026.10200,include,perspective review on mental health care for displaced migrants in Ireland,2-broad,manual review of abstract,2026-09-26
https://doi.org/10.1177/07916035261455230,include,2004 Irish Citizenship Referendum,2-broad,manual review of abstract,2026-09-26
https://doi.org/10.1177/07916035261459335,include,2004 Irish Citizenship Referendum,2-broad,manual review of abstract,2026-09-26
https://doi.org/10.1177/13691481261481106,include,"2025 anti-migrant riots in Ballymena, Northern Ireland",2-broad,manual review of abstract,2026-09-26
https://doi.org/10.11606/issn.2595-8127.v24i1p141-143,historical,20th-century Irish diaspora in Argentina,2-broad,manual review of abstract,2026-09-26
https://doi.org/10.18239/vdh_2023.12.17,historical,17th-century Irish exiles in Bilbao,2-broad,manual review of abstract,2026-09-26
https://doi.org/10.36253/sijis-2239-3978-14619,historical,history of Irish immigration to Bolivia,2-broad,manual review of abstract,2026-09-26
https://doi.org/10.5406/19364695.44.1.04,historical,"Irish-American diaspora networks, 1990s peace process",2-broad,manual review of abstract,2026-09-26
https://doi.org/10.1215/15476715-11021094,historical,19th/20th-century Irish immigrant women in the US,2-broad,manual review of abstract,2026-09-26
https://doi.org/10.1007/s41636-024-00520-9,historical,"19th-century Irish immigrants (anatomical collection, US)",2-broad,manual review of abstract,2026-09-26
https://doi.org/10.1353/sex.00020,historical,"Irish diaspora in London, HIV activism (1980s-90s)",2-broad,manual review of abstract,2026-09-26
https://doi.org/10.5622/illinois/9780252046469.003.0004,historical,"Irish emigrants' immigration-reform advocacy in the US, 1980s",2-broad,manual review of abstract,2026-09-26
https://doi.org/10.24199/ekno9361,historical,1840 Irish emigrant to Australia,2-broad,manual review of abstract,2026-09-26
https://doi.org/10.1177/07916035261452530,historical,Irish genealogies of Caribbean slavery,2-broad,manual review of abstract,2026-09-26
https://doi.org/10.1007/s11845-023-03288-8,include,administrative data on trainee doctors leaving and returning to the Irish health system,2-broad,manual review of abstract,2026-09-26
https://doi.org/10.1080/01434632.2024.2331746,include,Polish transnational families in the Republic of Ireland,2-broad,manual review of abstract,2026-09-26
https://doi.org/10.33564/ijeast.2024.v09i04.004,include,migrant workers and community inclusion in Northern Ireland,2-broad,manual review of abstract,2026-09-26
https://doi.org/10.55650/igj.2024.1492,include,"interviews/questionnaires on Brazilian migration from Anápolis to Gort, Co. Galway",2-broad,manual review of abstract,2026-09-26
DOAJ:9424cad8d9a1408a9b77b8f33b27f868,include,Romani language use and attitudes among Roma (migrant) speakers in Ireland,2-broad,manual review of abstract,2026-09-26
https://doi.org/10.1177/14749041261475520,include,children of migrant backgrounds in Irish schools,2-broad,manual review of abstract,2026-09-26
https://doi.org/10.1002/berj.3897,include,"Growing Up in Ireland longitudinal data (N=7,577) on host-language gaps by migration background",2-broad,manual review of abstract,2026-09-26
https://doi.org/10.1007/s10612-026-09884-1,include,Irish migration policy on 'marriages of convenience' and citizenship through marriage,2-broad,manual review of abstract,2026-09-26
https://doi.org/10.1080/13645579.2026.2716060,include,methodological reflection on fieldwork with male migrants in the UK and Ireland,2-broad,manual review of abstract,2026-09-26
https://doi.org/10.70531/2576-6414.1020,exclude,book review; no data,2-broad,manual review of abstract,2026-09-26
https://doi.org/10.1111/cura.12645,historical,museum exhibition on incarcerated Irish emigrant women (19th/20th c.),2-broad,manual review of abstract,2026-09-26
https://doi.org/10.24224/2227-1295-2023-12-7-411-427,historical,14th-15th century migration,2-broad,manual review of abstract,2026-09-26
S2:c291c7302fc73817d77d8efc0638714fdba89792,include,language-learning integration resource for migrants in Ireland (title-only),2-broad,manual review of abstract,2026-09-26
https://doi.org/10.1007/978-3-031-36550-8_14,include,migrant male sex workers in Ireland (title-only),2-broad,manual review of abstract,2026-09-26
https://doi.org/10.1016/j.rssm.2023.100773,include,Irish cohort study of childcare use by migration background (title-only),2-broad,manual review of abstract,2026-09-26
https://doi.org/10.26504/rs158,include,"ESRI comparison of migrant integration, Ireland and NI (title-only)",2-broad,manual review of abstract,2026-09-26
https://doi.org/10.26504/rs160,include,ESRI study (title-only),2-broad,manual review of abstract,2026-09-26
https://doi.org/10.4324/9781003279303-3,include,ESRI chapter (title-only),2-broad,manual review of abstract,2026-09-26
https://doi.org/10.4324/9781003228967-3,include,title-only,2-broad,manual review of abstract,2026-09-26
https://doi.org/10.1515/9781501511974-008,include,title-only,2-broad,manual review of abstract,2026-09-26
https://doi.org/10.1007/s11845-023-03596-z,include,clinical experience with migrant patients in an Irish dermatology department (title-only),2-broad,manual review of abstract,2026-09-26
https://doi.org/10.7312/crei20316-014,include,survey experiments incl. Ireland (cross-national; title-only),2-broad,manual review of abstract,2026-09-26
https://doi.org/10.1016/j.ijer.2024.102416,include,title-only,2-broad,manual review of abstract,2026-09-26
https://doi.org/10.24195/2414-9616.2024-4.25,include,contemporary emigration and diaspora (title-only),2-broad,manual review of abstract,2026-09-26
https://doi.org/10.1007/978-3-031-65211-0,include,contemporary Irish emigrants in Germany (title-only),2-broad,manual review of abstract,2026-09-26
https://doi.org/10.1007/978-3-031-54634-1_6,include,title-only,2-broad,manual review of abstract,2026-09-26
https://doi.org/10.1007/978-3-031-54634-1_5,include,longitudinal study of Polish migrant families in Ireland (title-only),2-broad,manual review of abstract,2026-09-26
https://doi.org/10.1007/978-3-031-54634-1_12,include,conclusion of an Ireland-specific book on Polish migrant families (title-only),2-broad,manual review of abstract,2026-09-26
https://doi.org/10.26504/jr5,include,ESRI report (title-only),2-broad,manual review of abstract,2026-09-26
https://doi.org/10.1080/09670882.2024.2334020,include,media analysis (title-only),2-broad,manual review of abstract,2026-09-26
https://doi.org/10.26504/rs185,include,ESRI report (title-only),2-broad,manual review of abstract,2026-09-26
https://doi.org/10.7765/9781526186010,include,title-only,2-broad,manual review of abstract,2026-09-26
https://doi.org/10.4337/9781789909418.00017,include,male migrant footballers from Northern Ireland (emigration; title-only),2-broad,manual review of abstract,2026-09-26
https://doi.org/10.52516/pavo3793,include,families in IPAS (title-only),2-broad,manual review of abstract,2026-09-26
https://doi.org/10.25236/ijfs.2025.070409,include,migration and identity in contemporary Ireland (title-only),2-broad,manual review of abstract,2026-09-26
https://doi.org/10.2139/ssrn.5068992,include,Polish migrants' transnational healthcare practices in Ireland (title-only),2-broad,manual review of abstract,2026-09-26
https://doi.org/10.1080/00131911.2025.2450190,include,"autoethnography, Irish academia (title-only)",2-broad,manual review of abstract,2026-09-26
https://doi.org/10.3917/e.poeu.086.0140,include,immigration in the 2024 Irish general election (title-only),2-broad,manual review of abstract,2026-09-26
https://doi.org/10.2307/jj.19783665.8,include,title-only,2-broad,manual review of abstract,2026-09-26
https://doi.org/10.1515/9781805399452-006,exclude,duplicate record of the same chapter,2-broad,manual review of abstract,2026-09-26
https://doi.org/10.1016/j.rssm.2025.101066,include,parental educational expectations of immigrants in Ireland (title-only),2-broad,manual review of abstract,2026-09-26
https://doi.org/10.1016/j.pec.2025.108890,include,title-only,2-broad,manual review of abstract,2026-09-26
https://doi.org/10.51952/9781529244847.ch003,include,title-only,2-broad,manual review of abstract,2026-09-26
https://doi.org/10.56687/9781529244847-006,exclude,duplicate record of the same chapter,2-broad,manual review of abstract,2026-09-26
https://doi.org/10.1080/01419870.2025.2547665,include,"political and media discourse, Italy and Ireland (cross-national; title-only)",2-broad,manual review of abstract,2026-09-26
https://doi.org/10.4337/9781785363405.00034,include,title-only,2-broad,manual review of abstract,2026-09-26
https://doi.org/10.1007/s43545-025-01255-x,include,migrant experiences in Ireland (title-only),2-broad,manual review of abstract,2026-09-26
https://doi.org/10.4324/9781003595380-3,include,emigration and return after 2008 (title-only),2-broad,manual review of abstract,2026-09-26
https://doi.org/10.1353/stu.2025.a988698,include,title-only,2-broad,manual review of abstract,2026-09-26
https://doi.org/10.1080/03323315.2025.2600950,include,island of Ireland (title-only),2-broad,manual review of abstract,2026-09-26
https://doi.org/10.29171/acku_jv6035_s26_2026,include,title-only,2-broad,manual review of abstract,2026-09-26
https://doi.org/10.3102/2282720,include,AERA 2026 paper (title-only),2-broad,manual review of abstract,2026-09-26
https://doi.org/10.1007/978-3-032-10414-4_6,include,title-only,2-broad,manual review of abstract,2026-09-26
https://doi.org/10.1007/978-3-032-25346-0_4,include,cross-national incl. Ireland (title-only),2-broad,manual review of abstract,2026-09-26
https://doi.org/10.1007/978-3-032-12355-8_12,include,diaspora (title-only),2-broad,manual review of abstract,2026-09-26
https://doi.org/10.1080/07907184.2026.2660088,include,title-only,2-broad,manual review of abstract,2026-09-26
https://doi.org/10.1080/15562948.2026.2686751,include,title-only,2-broad,manual review of abstract,2026-09-26
https://doi.org/10.1080/03323315.2026.2702409,include,Irish teachers and racism in schools (title-only),2-broad,manual review of abstract,2026-09-26
https://doi.org/10.1080/1070289x.2026.2705800,include,title-only,2-broad,manual review of abstract,2026-09-26
https://doi.org/10.1080/15555240.2026.2708200,include,cross-sectional survey (title-only),2-broad,manual review of abstract,2026-09-26
https://doi.org/10.1080/1369183x.2026.2708447,include,migration marriage and citizenship in Ireland (title-only),2-broad,manual review of abstract,2026-09-26
https://doi.org/10.1080/09585192.2026.2726273,include,title-only,2-broad,manual review of abstract,2026-09-26
https://doi.org/10.21832/9781788927307-011,include,families seeking international protection in Ireland (title-only),2-broad,manual review of abstract,2026-09-26
https://doi.org/10.1007/978-3-031-18821-3,historical,20th-century NI immigration (book),2-broad,manual review of abstract,2026-09-26
https://doi.org/10.1007/978-3-031-18821-3_2,historical,chapter of the 20th-century NI immigration book,2-broad,manual review of abstract,2026-09-26
S2:d82853381c9409d60a6f10903c8197dab074165d,historical,19th-century Irish migration to New Zealand,2-broad,manual review of abstract,2026-09-26
S2:bf49ff2c276f8453372bd683e1bd1f4d28f1906f,historical,historical emigrant diary,2-broad,manual review of abstract,2026-09-26
https://doi.org/10.1353/nhr.2023.a919787,historical,historical emigration to London,2-broad,manual review of abstract,2026-09-26
https://doi.org/10.32324/2949-1568-2024-1-10-23,historical,mid-19th to mid-20th century,2-broad,manual review of abstract,2026-09-26
https://doi.org/10.1007/978-3-031-40791-8_6,historical,historical diaspora figures,2-broad,manual review of abstract,2026-09-26
https://doi.org/10.4324/9781003599401-1,historical,historical emigration to Britain,2-broad,manual review of abstract,2026-09-26
https://doi.org/10.4324/9781003599401-2,historical,historical causes of emigration,2-broad,manual review of abstract,2026-09-26
https://doi.org/10.1080/01440365.2025.2561415,historical,19th century,2-broad,manual review of abstract,2026-09-26
https://doi.org/10.1007/978-3-032-19056-7_2,historical,historical diaspora,2-broad,manual review of abstract,2026-09-26
https://doi.org/10.1080/02619288.2026.2629427,historical,historical migration,2-broad,manual review of abstract,2026-09-26
https://doi.org/10.1353/eir.2026.a1001970,historical,Irish diaspora in Argentina,2-broad,manual review of abstract,2026-09-26
S2:68bedfb3b6618c4c07f4804a17029197d0e05af8,historical,interwar deportation and citizenship,2-broad,manual review of abstract,2026-09-26
https://doi.org/10.4324/9781003126034-26,historical,19th-century primary source,2-broad,manual review of abstract,2026-09-26
https://doi.org/10.4324/9781003126041-30,historical,19th-century primary source,2-broad,manual review of abstract,2026-09-26
https://doi.org/10.4324/9781003126041-32,historical,19th-century primary source,2-broad,manual review of abstract,2026-09-26
https://doi.org/10.4324/9781003126034-6,historical,19th-century primary source,2-broad,manual review of abstract,2026-09-26
https://doi.org/10.1080/03612759.2022.2154898,exclude,book review; not about migration in Ireland,2-broad,manual review of abstract,2026-09-26
https://doi.org/10.3390/quat6010003,exclude,non-human: tree species colonisation,2-broad,manual review of abstract,2026-09-26
https://doi.org/10.1163/09763457-bja10027,exclude,focus is Nigeria; Ireland only one respondent location,2-broad,manual review of abstract,2026-09-26
https://doi.org/10.1038/s42003-023-04844-9,exclude,population genetics of 18th-century settlers,2-broad,manual review of abstract,2026-09-26
https://doi.org/10.1287/mnsc.2023.4776,exclude,Irish Polish-immigration data used only as an instrument,2-broad,manual review of abstract,2026-09-26
https://doi.org/10.1001/jamanetworkopen.2023.18919,exclude,not about migration,2-broad,manual review of abstract,2026-09-26
https://doi.org/10.22108/gep.2022.134558.1536,exclude,Iran; Ireland only in references,2-broad,manual review of abstract,2026-09-26
https://doi.org/10.1080/26410397.2023.2215567,exclude,abortion policy; migration not the subject,2-broad,manual review of abstract,2026-09-26
https://doi.org/10.1080/10894160.2023.2230108,exclude,"personal diary excerpt, not research",2-broad,manual review of abstract,2026-09-26
https://doi.org/10.1177/14639491231197554,exclude,editorial; no data,2-broad,manual review of abstract,2026-09-26
https://doi.org/10.5922/2079-8555-2024-4-8,exclude,global typology; NI a passing example,2-broad,manual review of abstract,2026-09-26
https://doi.org/10.1111/imig.13353,exclude,Croatian migrants in Germany; no Irish data,2-broad,manual review of abstract,2026-09-26
https://doi.org/10.1108/ijssp-12-2023-0334,exclude,pooled 25-country analysis; no Ireland-specific result,2-broad,manual review of abstract,2026-09-26
https://doi.org/10.1371/journal.pone.0299761,exclude,duplicate record of the same study,2-broad,manual review of abstract,2026-09-26
https://doi.org/10.1186/s12889-024-18628-1,exclude,Scotland,2-broad,manual review of abstract,2026-09-26
https://doi.org/10.1080/1369183x.2024.2345991,exclude,no Irish data (Irish only in team description),2-broad,manual review of abstract,2026-09-26
https://doi.org/10.1111/2047-8852.12457,exclude,annual political yearbook; migration incidental,2-broad,manual review of abstract,2026-09-26
https://doi.org/10.1016/s2215-0366(24)00184-6,exclude,England and Wales,2-broad,manual review of abstract,2026-09-26
https://doi.org/10.3390/socsci14010002,exclude,pooled European analysis; no Ireland-specific result,2-broad,manual review of abstract,2026-09-26
https://doi.org/10.54922/ijehss.2025.1117,exclude,UK lifelong learning,2-broad,manual review of abstract,2026-09-26
https://doi.org/10.1093/heapro/daae209,exclude,migration not the subject,2-broad,manual review of abstract,2026-09-26
https://doi.org/10.36366/frontiers.v37i1.989,exclude,US study-abroad law; not migration in Ireland,2-broad,manual review of abstract,2026-09-26
https://doi.org/10.17645/si.8855,exclude,artistic practice; no data,2-broad,manual review of abstract,2026-09-26
https://doi.org/10.20998/2519-4461.2025.1.141,exclude,digital 'virtual emigration' policy; Ireland a passing case,2-broad,manual review of abstract,2026-09-26
https://doi.org/10.64359/3k714i5ri,exclude,Israeli diaspora; Ireland only a statistic,2-broad,manual review of abstract,2026-09-26
https://doi.org/10.55643/ser.5.55.2025.591,exclude,pooled EU analysis; Ireland an example,2-broad,manual review of abstract,2026-09-26
https://doi.org/10.34813/14coll2025,exclude,overview across many countries,2-broad,manual review of abstract,2026-09-26
https://doi.org/10.70882/fujohssaca.2025.v1(ahbsi).21,exclude,UK-wide,2-broad,manual review of abstract,2026-09-26
https://doi.org/10.1177/07916035251360107,exclude,"border/Brexit, not migration",2-broad,manual review of abstract,2026-09-26
https://doi.org/10.59066/jmi.v4i1.1157,exclude,Vietnam,2-broad,manual review of abstract,2026-09-26
https://doi.org/10.24144/2307-3322.2025.89.3.3,exclude,not migration,2-broad,manual review of abstract,2026-09-26
https://doi.org/10.31235/osf.io/ty654_v1,exclude,'Dublin' refers to the EU Dublin Regulation; not Ireland,2-broad,manual review of abstract,2026-09-26
https://doi.org/10.1017/s136898002510102x,exclude,UK,2-broad,manual review of abstract,2026-09-26
https://doi.org/10.3390/laws14050063,exclude,UK asylum law,2-broad,manual review of abstract,2026-09-26
https://doi.org/10.2478/admin-2025-0019,exclude,pooled European analysis; Ireland an example,2-broad,manual review of abstract,2026-09-26
https://doi.org/10.1093/eurpub/ckaf161.261,exclude,conference round table; no data,2-broad,manual review of abstract,2026-09-26
https://doi.org/10.33327/ajee-18-8.4-r000129,exclude,Eurasian Economic Union,2-broad,manual review of abstract,2026-09-26
https://doi.org/10.1093/eurpub/ckaf180.038,exclude,description of a research centre; no data,2-broad,manual review of abstract,2026-09-26
https://doi.org/10.1093/eurpub/ckaf180.292,exclude,conference-abstract version of an included article,2-broad,manual review of abstract,2026-09-26
https://doi.org/10.35513/botlit.2025.4.4,exclude,non-human: plant in Morocco,2-broad,manual review of abstract,2026-09-26
https://doi.org/10.1177/01410768251377564,exclude,England and Wales,2-broad,manual review of abstract,2026-09-26
https://doi.org/10.1177/13670069251392125,exclude,"minority languages, not migration",2-broad,manual review of abstract,2026-09-26
https://doi.org/10.18290/sp2546.27,exclude,general housing; migration incidental,2-broad,manual review of abstract,2026-09-26
https://doi.org/10.1016/j.contraception.2026.111401,exclude,abortion access; UK-focused,2-broad,manual review of abstract,2026-09-26
https://doi.org/10.1177/17579139251412200,exclude,"Irish Travellers are an indigenous minority, not migrants",2-broad,manual review of abstract,2026-09-26
https://doi.org/10.1002/ejsp.70065,exclude,not migration,2-broad,manual review of abstract,2026-09-26
https://doi.org/10.1371/journal.pone.0356481,exclude,England and Wales,2-broad,manual review of abstract,2026-09-26
https://doi.org/10.1007/s40615-026-03169-7,exclude,US/Canada providers; not migration in Ireland,2-broad,manual review of abstract,2026-09-26
https://doi.org/10.1007/s41701-023-00158-7,historical,19th-century emigrant letters,2-broad,manual review of abstract,2026-09-26
https://doi.org/10.6018/ijes.558741,historical,19th-century emigrant letters,2-broad,manual review of abstract,2026-09-26
https://doi.org/10.17721/1728-2292.2024/1-58/79-85,historical,"Irish-American politics, 19th-20th c.",2-broad,manual review of abstract,2026-09-26
https://doi.org/10.1080/13619462.2024.2323430,historical,Troubles-era emigrants from NI to Britain (oral history),2-broad,manual review of abstract,2026-09-26
https://doi.org/10.1093/tcbh/hwag038,historical,post-war Irish migrants in Britain,2-broad,manual review of abstract,2026-09-26
https://doi.org/10.1017/jbr.2026.10229,historical,Ulster Protestant migrants in post-war England,2-broad,manual review of abstract,2026-09-26
https://doi.org/10.5644/ama2006-124.462,exclude,set in Croatia; no Irish data,2-broad,manual review of abstract,2026-09-26
https://doi.org/10.1136/bmjopen-2023-077895,exclude,trauma-care training inside Ukraine; not migration to Ireland,2-broad,manual review of abstract,2026-09-26
https://doi.org/10.3828/liverpool/9781802077322.001.0001,historical,displacement during the Troubles (1969+),2-broad,manual review of abstract,2026-09-26
https://doi.org/10.61153/taym1799,exclude,geology: 'Irish-type' zinc-lead deposits; 'diaspora' is a metaphor,2-broad,manual review of abstract,2026-09-26
https://doi.org/10.11567/met.39.1.4,exclude,emigration from Croatia; Ireland only named as a destination,2-broad,manual review of abstract,2026-09-26
https://doi.org/10.1108/hrmid-11-2023-0219,exclude,management briefing summarising others' research; no data,2-broad,manual review of abstract,2026-09-26
https://doi.org/10.1017/ssh.2025.2,historical,historical emigrant letters,2-broad,manual review of abstract,2026-09-26
S2:054d006454f7a76595ae7b8ac1210fe8a61ab9e4,exclude,"reviewed by title: book review, correction/commentary, or not contemporary migration in Ireland",2-broad,manual review of title (no abstract available),2026-09-26
https://doi.org/10.58480/scs-zxu7m-m9vj9,exclude,no unambiguous migration term; not about migration (checked by title),2-broad,manual review of title list,2026-09-26
https://doi.org/10.1177/00208345231182648,exclude,reviewed: migration incidental or not about Ireland,2-broad,manual review of abstract,2026-09-26
https://doi.org/10.1016/j.jvsv.2022.12.066,exclude,no unambiguous migration term; not about migration (checked by title),2-broad,manual review of title list,2026-09-26
https://doi.org/10.1017/jbr.2022.214,exclude,"reviewed by title: book review, correction/commentary, or not contemporary migration in Ireland",2-broad,manual review of title (no abstract available),2026-09-26
https://doi.org/10.37490/s241436770027547-1,exclude,no unambiguous migration term; not about migration (checked by title),2-broad,manual review of title list,2026-09-26
https://doi.org/10.1353/isia.2023.0004,exclude,no unambiguous migration term; not about migration (checked by title),2-broad,manual review of title list,2026-09-26
https://doi.org/10.2139/ssrn.4578684,exclude,no unambiguous migration term; not about migration (checked by title),2-broad,manual review of title list,2026-09-26
S2:0289e9a60f33c9e5b2eb3cbee8e1080678e79f96,exclude,"reviewed by title: book review, correction/commentary, or not contemporary migration in Ireland",2-broad,manual review of title (no abstract available),2026-09-26
https://doi.org/10.3138/cjc.2022-0018,exclude,no unambiguous migration term; not about migration (checked by title),2-broad,manual review of title list,2026-09-26
https://doi.org/10.1177/00208345231157692,exclude,"reviewed: not about contemporary migration in Ireland, or no Irish data",2-broad,manual review of title/abstract list,2026-09-26
https://doi.org/10.1017/9781009047326,exclude,no unambiguous migration term; not about migration (checked by title),2-broad,manual review of title list,2026-09-26
https://doi.org/10.1136/bmj.p349,exclude,"reviewed by title: book review, correction/commentary, or not contemporary migration in Ireland",2-broad,manual review of title (no abstract available),2026-09-26
https://doi.org/10.1017/9781316536322,exclude,"reviewed: not about contemporary migration in Ireland, or no Irish data",2-broad,manual review of title/abstract list,2026-09-26
https://doi.org/10.1353/isia.0.0010,exclude,no unambiguous migration term; not about migration (checked by title),2-broad,manual review of title list,2026-09-26
https://doi.org/10.1080/01419870.2023.2176248,exclude,"reviewed: not about contemporary migration in Ireland, or no Irish data",2-broad,manual review of title/abstract list,2026-09-26
https://doi.org/10.1002/path.6073,exclude,no unambiguous migration term; not about migration (checked by title),2-broad,manual review of title list,2026-09-26
https://doi.org/10.1353/jjq.2023.a905381,exclude,"reviewed: not about contemporary migration in Ireland, or no Irish data",2-broad,manual review of title/abstract list,2026-09-26
https://doi.org/10.1353/nhr.2023.a902646,exclude,"reviewed: not about contemporary migration in Ireland, or no Irish data",2-broad,manual review of title/abstract list,2026-09-26
https://doi.org/10.5130/phrj.v30i0.8376,exclude,"reviewed: not about contemporary migration in Ireland, or no Irish data",2-broad,manual review of title/abstract list,2026-09-26
https://doi.org/10.1177/13691481231160044,exclude,"reviewed: not about contemporary migration in Ireland, or no Irish data",2-broad,manual review of title/abstract list,2026-09-26
https://doi.org/10.1093/oxfordhb/9780197503546.013.3,exclude,reviewed: migration incidental or not about Ireland,2-broad,manual review of abstract,2026-09-26
https://doi.org/10.1186/s13195-022-01135-z,exclude,no unambiguous migration term; not about migration (checked by title),2-broad,manual review of title list,2026-09-26
https://doi.org/10.1177/08969205231164153,exclude,"reviewed: not about contemporary migration in Ireland, or no Irish data",2-broad,manual review of title/abstract list,2026-09-26
https://doi.org/10.1111/hic3.12764,exclude,"reviewed: not about contemporary migration in Ireland, or no Irish data",2-broad,manual review of title/abstract list,2026-09-26
https://doi.org/10.1017/ihs.2023.18,exclude,"reviewed by title: book review, correction/commentary, or not contemporary migration in Ireland",2-broad,manual review of title (no abstract available),2026-09-26
https://doi.org/10.1017/ihs.2023.17,exclude,"reviewed by title: book review, correction/commentary, or not contemporary migration in Ireland",2-broad,manual review of title (no abstract available),2026-09-26
https://doi.org/10.5149/northcarolina/9781469673042.003.0006,exclude,"reviewed: not about contemporary migration in Ireland, or no Irish data",2-broad,manual review of title/abstract list,2026-09-26
https://doi.org/10.1055/a-2077-4714,exclude,no unambiguous migration term; not about migration (checked by title),2-broad,manual review of title list,2026-09-26
https://doi.org/10.1007/s11845-023-03386-7,exclude,no unambiguous migration term; not about migration (checked by title),2-broad,manual review of title list,2026-09-26
https://doi.org/10.1002/path.6086,exclude,no unambiguous migration term; not about migration (checked by title),2-broad,manual review of title list,2026-09-26
https://doi.org/10.1093/tcbh/hwad042,exclude,"reviewed by title: book review, correction/commentary, or not contemporary migration in Ireland",2-broad,manual review of title (no abstract available),2026-09-26
https://doi.org/10.1093/jmammal/gyad046,exclude,"reviewed: not about contemporary migration in Ireland, or no Irish data",2-broad,manual review of title/abstract list,2026-09-26
https://doi.org/10.3145/epi.2023.may.11,exclude,no unambiguous migration term; not about migration (checked by title),2-broad,manual review of title list,2026-09-26
https://doi.org/10.7759/cureus.40514,exclude,no unambiguous migration term; not about migration (checked by title),2-broad,manual review of title list,2026-09-26
https://doi.org/10.7494/human.2023.22.1.87,exclude,"reviewed: not about contemporary migration in Ireland, or no Irish data",2-broad,manual review of title/abstract list,2026-09-26
https://doi.org/10.1163/22124810-20230005,exclude,"reviewed: not about contemporary migration in Ireland, or no Irish data",2-broad,manual review of title/abstract list,2026-09-26
S2:b889a0ad92590a7abf9d71af10ede9f0bf8fc05f,exclude,"reviewed by title: book review, correction/commentary, or not contemporary migration in Ireland",2-broad,manual review of title (no abstract available),2026-09-26
https://doi.org/10.1080/13575279.2023.2228628,exclude,no unambiguous migration term; not about migration (checked by title),2-broad,manual review of title list,2026-09-26
https://doi.org/10.24144/2788-6018.2023.03.5,exclude,no unambiguous migration term; not about migration (checked by title),2-broad,manual review of title list,2026-09-26
https://doi.org/10.5622/illinois/9780252045134.003.0005,exclude,"reviewed: not about contemporary migration in Ireland, or no Irish data",2-broad,manual review of title/abstract list,2026-09-26
https://doi.org/10.1136/jech-2023-ssmabstracts.302,exclude,"reviewed by title: book review, correction/commentary, or not contemporary migration in Ireland",2-broad,manual review of title (no abstract available),2026-09-26
https://doi.org/10.1177/00208345231194187,exclude,reviewed: migration incidental or not about Ireland,2-broad,manual review of abstract,2026-09-26
https://doi.org/10.1093/oso/9780192896292.003.0030,exclude,"reviewed: not about contemporary migration in Ireland, or no Irish data",2-broad,manual review of title/abstract list,2026-09-26
https://doi.org/10.33005/wimaya.v1i01.11,exclude,"reviewed: not about contemporary migration in Ireland, or no Irish data",2-broad,manual review of title/abstract list,2026-09-26
https://doi.org/10.1145/3610969.3611145,exclude,no unambiguous migration term; not about migration (checked by title),2-broad,manual review of title list,2026-09-26
https://doi.org/10.26504/rs166,exclude,no unambiguous migration term; not about migration (checked by title),2-broad,manual review of title list,2026-09-26
https://doi.org/10.3726/b11048,exclude,"reviewed: not about contemporary migration in Ireland, or no Irish data",2-broad,manual review of title/abstract list,2026-09-26
https://doi.org/10.1017/jbr.2023.173,exclude,"reviewed by title: book review, correction/commentary, or not contemporary migration in Ireland",2-broad,manual review of title (no abstract available),2026-09-26
https://doi.org/10.5406/15351882.136.542.02,exclude,"reviewed: not about contemporary migration in Ireland, or no Irish data",2-broad,manual review of title/abstract list,2026-09-26
https://doi.org/10.1093/eurpub/ckad160.056,exclude,no unambiguous migration term; not about migration (checked by title),2-broad,manual review of title list,2026-09-26
https://doi.org/10.11157/anzswj-vol35iss3id1122,exclude,"reviewed: not about contemporary migration in Ireland, or no Irish data",2-broad,manual review of title/abstract list,2026-09-26
https://doi.org/10.1177/02557614231205307,exclude,no unambiguous migration term; not about migration (checked by title),2-broad,manual review of title list,2026-09-26
https://doi.org/10.1017/ihs.2023.30,exclude,"reviewed by title: book review, correction/commentary, or not contemporary migration in Ireland",2-broad,manual review of title (no abstract available),2026-09-26
https://doi.org/10.1353/cea.2023.a912098,exclude,no unambiguous migration term; not about migration (checked by title),2-broad,manual review of title list,2026-09-26
https://doi.org/10.1017/s0266464x23000234,exclude,"reviewed: not about contemporary migration in Ireland, or no Irish data",2-broad,manual review of title/abstract list,2026-09-26
https://doi.org/10.51303/jtbau.vi4.657,exclude,"reviewed: not about contemporary migration in Ireland, or no Irish data",2-broad,manual review of title/abstract list,2026-09-26
https://doi.org/10.25250/thescbr.brk763,exclude,"reviewed: not about contemporary migration in Ireland, or no Irish data",2-broad,manual review of title/abstract list,2026-09-26
https://doi.org/10.51917/dialogo.2023.10.1.4,exclude,"reviewed: not about contemporary migration in Ireland, or no Irish data",2-broad,manual review of title/abstract list,2026-09-26
https://doi.org/10.1109/gcwkshps58843.2023.10464889,exclude,no unambiguous migration term; not about migration (checked by title),2-broad,manual review of title list,2026-09-26
https://doi.org/10.1093/ehr/cead198,exclude,"reviewed by title: book review, correction/commentary, or not contemporary migration in Ireland",2-broad,manual review of title (no abstract available),2026-09-26
https://doi.org/10.5334/ijic.icic23148,exclude,"reviewed: not about contemporary migration in Ireland, or no Irish data",2-broad,manual review of title/abstract list,2026-09-26
https://doi.org/10.33566/asc.5246,exclude,"reviewed: not about contemporary migration in Ireland, or no Irish data",2-broad,manual review of title/abstract list,2026-09-26
https://doi.org/10.21608/fjhj.2024.242112.1540,exclude,"reviewed: not about contemporary migration in Ireland, or no Irish data",2-broad,manual review of title/abstract list,2026-09-26
https://doi.org/10.5040/9781509980970,exclude,no unambiguous migration term; not about migration (checked by title),2-broad,manual review of title list,2026-09-26
https://doi.org/10.25071/1916-0925.40358,exclude,"reviewed by title: book review, correction/commentary, or not contemporary migration in Ireland",2-broad,manual review of title (no abstract available),2026-09-26
https://doi.org/10.1111/1467-8322.12860,exclude,"reviewed: not about contemporary migration in Ireland, or no Irish data",2-broad,manual review of title/abstract list,2026-09-26
https://doi.org/10.1093/grurint/ikae004,exclude,"reviewed: not about contemporary migration in Ireland, or no Irish data",2-broad,manual review of title/abstract list,2026-09-26
https://doi.org/10.1108/979-8-88730-510-320251004,exclude,"reviewed by title: book review, correction/commentary, or not contemporary migration in Ireland",2-broad,manual review of title (no abstract available),2026-09-26
https://doi.org/10.21668/health.risk/2024.1.13,exclude,no unambiguous migration term; not about migration (checked by title),2-broad,manual review of title list,2026-09-26
https://doi.org/10.1101/2024.03.08.584042,exclude,no unambiguous migration term; not about migration (checked by title),2-broad,manual review of title list,2026-09-26
https://doi.org/10.1177/14782103241240806,exclude,no unambiguous migration term; not about migration (checked by title),2-broad,manual review of title list,2026-09-26
https://doi.org/10.1017/ihs.2024.13,exclude,"reviewed by title: book review, correction/commentary, or not contemporary migration in Ireland",2-broad,manual review of title (no abstract available),2026-09-26
https://doi.org/10.1215/15476715-11021107,exclude,"reviewed by title: book review, correction/commentary, or not contemporary migration in Ireland",2-broad,manual review of title (no abstract available),2026-09-26
https://doi.org/10.1002/jmv.29654,exclude,no unambiguous migration term; not about migration (checked by title),2-broad,manual review of title list,2026-09-26
https://doi.org/10.54632/1305.impj9,exclude,"reviewed: not about contemporary migration in Ireland, or no Irish data",2-broad,manual review of title/abstract list,2026-09-26
https://doi.org/10.1111/japp.12737,exclude,no unambiguous migration term; not about migration (checked by title),2-broad,manual review of title list,2026-09-26
https://doi.org/10.1016/j.heliyon.2024.e33624,exclude,no unambiguous migration term; not about migration (checked by title),2-broad,manual review of title list,2026-09-26
https://doi.org/10.2148/benv.50.2.337,exclude,"reviewed: not about contemporary migration in Ireland, or no Irish data",2-broad,manual review of title/abstract list,2026-09-26
https://doi.org/10.1002/path.6303,exclude,no unambiguous migration term; not about migration (checked by title),2-broad,manual review of title list,2026-09-26
https://doi.org/10.1017/jbr.2024.89,exclude,"reviewed by title: book review, correction/commentary, or not contemporary migration in Ireland",2-broad,manual review of title (no abstract available),2026-09-26
https://doi.org/10.1080/07907184.2024.2386807,exclude,"reviewed: not about contemporary migration in Ireland, or no Irish data",2-broad,manual review of title/abstract list,2026-09-26
https://doi.org/10.1080/09670882.2024.2372139,exclude,"reviewed: not about contemporary migration in Ireland, or no Irish data",2-broad,manual review of title/abstract list,2026-09-26
https://doi.org/10.1080/14650045.2024.2379316,exclude,no unambiguous migration term; not about migration (checked by title),2-broad,manual review of title list,2026-09-26
https://doi.org/10.1002/vrc2.959,exclude,no unambiguous migration term; not about migration (checked by title),2-broad,manual review of title list,2026-09-26
https://doi.org/10.4467/25444972smpp.24.003.19601,exclude,"reviewed: not about contemporary migration in Ireland, or no Irish data",2-broad,manual review of title/abstract list,2026-09-26
https://doi.org/10.17161/ygas.v57i.22615,exclude,"reviewed: not about contemporary migration in Ireland, or no Irish data",2-broad,manual review of title/abstract list,2026-09-26
https://doi.org/10.1111/jfb.15884,exclude,reviewed: migration incidental or not about Ireland,2-broad,manual review of abstract,2026-09-26
https://doi.org/10.4135/9781446219843.n2,exclude,"reviewed: not about contemporary migration in Ireland, or no Irish data",2-broad,manual review of title/abstract list,2026-09-26
https://doi.org/10.58997/0bhtcq41,exclude,"reviewed: not about contemporary migration in Ireland, or no Irish data",2-broad,manual review of title/abstract list,2026-09-26
https://doi.org/10.1017/jbr.2024.168,exclude,"reviewed: not about contemporary migration in Ireland, or no Irish data",2-broad,manual review of title/abstract list,2026-09-26
https://doi.org/10.55271/rp0074,exclude,"reviewed: not about contemporary migration in Ireland, or no Irish data",2-broad,manual review of title/abstract list,2026-09-26
https://doi.org/10.1093/eurpub/ckae144.604,exclude,no unambiguous migration term; not about migration (checked by title),2-broad,manual review of title list,2026-09-26
https://doi.org/10.1093/eurpub/ckae144.2246,exclude,"reviewed: not about contemporary migration in Ireland, or no Irish data",2-broad,manual review of title/abstract list,2026-09-26
https://doi.org/10.3366/scot.2024.0527,exclude,"reviewed: not about contemporary migration in Ireland, or no Irish data",2-broad,manual review of title/abstract list,2026-09-26
https://doi.org/10.3366/iur.2024.0693,exclude,"reviewed by title: book review, correction/commentary, or not contemporary migration in Ireland",2-broad,manual review of title (no abstract available),2026-09-26
https://doi.org/10.3138/jld-2024-0106,exclude,no unambiguous migration term; not about migration (checked by title),2-broad,manual review of title list,2026-09-26
https://doi.org/10.1017/s106015032300092x,exclude,"reviewed: not about contemporary migration in Ireland, or no Irish data",2-broad,manual review of title/abstract list,2026-09-26
https://doi.org/10.1111/ciso.12499,exclude,no unambiguous migration term; not about migration (checked by title),2-broad,manual review of title list,2026-09-26
https://doi.org/10.24144/2307-3322.2024.85.1.10,exclude,no unambiguous migration term; not about migration (checked by title),2-broad,manual review of title list,2026-09-26
https://doi.org/10.32603/2412-8562-2024-10-5-115-128,exclude,"reviewed: not about contemporary migration in Ireland, or no Irish data",2-broad,manual review of title/abstract list,2026-09-26
https://doi.org/10.1017/9781108656573,exclude,no unambiguous migration term; not about migration (checked by title),2-broad,manual review of title list,2026-09-26
https://doi.org/10.64628/ab.f4qc67tse,exclude,"reviewed by title: book review, correction/commentary, or not contemporary migration in Ireland",2-broad,manual review of title (no abstract available),2026-09-26
https://doi.org/10.1109/cyber-rci60769.2024.10939974,exclude,no unambiguous migration term; not about migration (checked by title),2-broad,manual review of title list,2026-09-26
https://doi.org/10.32625/kjei.2024.34.243,exclude,"reviewed: not about contemporary migration in Ireland, or no Irish data",2-broad,manual review of title/abstract list,2026-09-26
https://doi.org/10.1093/9780191945533.003.0009,exclude,"reviewed: not about contemporary migration in Ireland, or no Irish data",2-broad,manual review of title/abstract list,2026-09-26
https://doi.org/10.29116/gerundium/2024/3-4/2,exclude,no unambiguous migration term; not about migration (checked by title),2-broad,manual review of title list,2026-09-26
https://doi.org/10.33790/jcssr1100111,exclude,reviewed: migration incidental or not about Ireland,2-broad,manual review of abstract,2026-09-26
https://doi.org/10.4000/15aa5,exclude,"reviewed: not about contemporary migration in Ireland, or no Irish data",2-broad,manual review of title/abstract list,2026-09-26
https://doi.org/10.5040/9781350468139,exclude,no unambiguous migration term; not about migration (checked by title),2-broad,manual review of title list,2026-09-26
https://doi.org/10.4000/15aa4,exclude,"reviewed: not about contemporary migration in Ireland, or no Irish data",2-broad,manual review of title/abstract list,2026-09-26
https://doi.org/10.2139/ssrn.5923742,exclude,no unambiguous migration term; not about migration (checked by title),2-broad,manual review of title list,2026-09-26
https://doi.org/10.16922/jcl.26.4,exclude,"reviewed: not about contemporary migration in Ireland, or no Irish data",2-broad,manual review of title/abstract list,2026-09-26
https://doi.org/10.1002/path.6387,exclude,no unambiguous migration term; not about migration (checked by title),2-broad,manual review of title list,2026-09-26
https://doi.org/10.32803/rise.v7i2.3309,exclude,"reviewed: not about contemporary migration in Ireland, or no Irish data",2-broad,manual review of title/abstract list,2026-09-26
https://doi.org/10.1016/j.pmedr.2025.103020,exclude,no unambiguous migration term; not about migration (checked by title),2-broad,manual review of title list,2026-09-26
https://doi.org/10.1353/frm.2025.a994388,exclude,"reviewed by title: book review, correction/commentary, or not contemporary migration in Ireland",2-broad,manual review of title (no abstract available),2026-09-26
https://doi.org/10.1017/ipm.2024.63,exclude,"reviewed by title: book review, correction/commentary, or not contemporary migration in Ireland",2-broad,manual review of title (no abstract available),2026-09-26
https://doi.org/10.14714/cp105.1945,exclude,no unambiguous migration term; not about migration (checked by title),2-broad,manual review of title list,2026-09-26
https://doi.org/10.35219/across.2023.6.01,exclude,"reviewed: not about contemporary migration in Ireland, or no Irish data",2-broad,manual review of title/abstract list,2026-09-26
https://doi.org/10.55650/igj.2024.1505,exclude,"reviewed: not about contemporary migration in Ireland, or no Irish data",2-broad,manual review of title/abstract list,2026-09-26
https://doi.org/10.1007/s00367-025-00804-w,exclude,no unambiguous migration term; not about migration (checked by title),2-broad,manual review of title list,2026-09-26
https://doi.org/10.31250/2618-8619-2025-1(27)-79-99,exclude,no unambiguous migration term; not about migration (checked by title),2-broad,manual review of title list,2026-09-26
https://doi.org/10.1017/ppr.2025.3,exclude,no unambiguous migration term; not about migration (checked by title),2-broad,manual review of title list,2026-09-26
https://doi.org/10.1177/13582291251334540,exclude,"reviewed: not about contemporary migration in Ireland, or no Irish data",2-broad,manual review of title/abstract list,2026-09-26
https://doi.org/10.1080/01419870.2025.2490185,exclude,"reviewed: not about contemporary migration in Ireland, or no Irish data",2-broad,manual review of title/abstract list,2026-09-26
https://doi.org/10.3366/iur.2025.0715,exclude,no unambiguous migration term; not about migration (checked by title),2-broad,manual review of title list,2026-09-26
https://doi.org/10.30838/ep.200.256-261,exclude,reviewed: migration incidental or not about Ireland,2-broad,manual review of abstract,2026-09-26
https://doi.org/10.1080/07907184.2025.2503725,exclude,no unambiguous migration term; not about migration (checked by title),2-broad,manual review of title list,2026-09-26
https://doi.org/10.3389/fitd.2025.1588423,exclude,no unambiguous migration term; not about migration (checked by title),2-broad,manual review of title list,2026-09-26
https://doi.org/10.24144/2307-3322.2025.88.4.21,exclude,"reviewed: not about contemporary migration in Ireland, or no Irish data",2-broad,manual review of title/abstract list,2026-09-26
https://doi.org/10.18239/vdh_2025.14.01,exclude,reviewed: migration incidental or not about Ireland,2-broad,manual review of abstract,2026-09-26
https://doi.org/10.1111/bre.70046,exclude,no unambiguous migration term; not about migration (checked by title),2-broad,manual review of title list,2026-09-26
https://doi.org/10.1002/path.6447,exclude,no unambiguous migration term; not about migration (checked by title),2-broad,manual review of title list,2026-09-26
https://doi.org/10.36253/sijis-2239-3978-16596,exclude,"reviewed: not about contemporary migration in Ireland, or no Irish data",2-broad,manual review of title/abstract list,2026-09-26
S2:10b8c37376c198f686b2b6cc4e9cb8ea184a95ac,exclude,no unambiguous migration term; not about migration (checked by title),2-broad,manual review of title list,2026-09-26
https://doi.org/10.3389/feduc.2025.1654509,exclude,"reviewed by title: book review, correction/commentary, or not contemporary migration in Ireland",2-broad,manual review of title (no abstract available),2026-09-26
https://doi.org/10.23889/ijpds.v10i4.3182,exclude,no unambiguous migration term; not about migration (checked by title),2-broad,manual review of title list,2026-09-26
https://doi.org/10.23889/ijpds.v10i4.3283,exclude,no unambiguous migration term; not about migration (checked by title),2-broad,manual review of title list,2026-09-26
https://doi.org/10.4337/9781035341818.00016,exclude,"reviewed by title: book review, correction/commentary, or not contemporary migration in Ireland",2-broad,manual review of title (no abstract available),2026-09-26
https://doi.org/10.5325/eugeoneirevi.46.2.0124,exclude,"reviewed: not about contemporary migration in Ireland, or no Irish data",2-broad,manual review of title/abstract list,2026-09-26
https://doi.org/10.48550/arxiv.2509.01446,exclude,no unambiguous migration term; not about migration (checked by title),2-broad,manual review of title list,2026-09-26
https://doi.org/10.3390/laws14050064,exclude,"reviewed: not about contemporary migration in Ireland, or no Irish data",2-broad,manual review of title/abstract list,2026-09-26
https://doi.org/10.24144/2788-6018.2025.04.3.14,exclude,no unambiguous migration term; not about migration (checked by title),2-broad,manual review of title list,2026-09-26
https://doi.org/10.17721/2413-7065.3(96).2025.337703,exclude,"reviewed: not about contemporary migration in Ireland, or no Irish data",2-broad,manual review of title/abstract list,2026-09-26
https://doi.org/10.1093/eurpub/ckaf161.712,exclude,no unambiguous migration term; not about migration (checked by title),2-broad,manual review of title list,2026-09-26
https://doi.org/10.47772/ijriss.2025.910000002,exclude,"reviewed: not about contemporary migration in Ireland, or no Irish data",2-broad,manual review of title/abstract list,2026-09-26
https://doi.org/10.35363/via.sts.2025.135,exclude,no unambiguous migration term; not about migration (checked by title),2-broad,manual review of title list,2026-09-26
https://doi.org/10.1080/01436597.2025.2573849,exclude,no unambiguous migration term; not about migration (checked by title),2-broad,manual review of title list,2026-09-26
https://doi.org/10.7146/ejie.v4i2.161018,exclude,no unambiguous migration term; not about migration (checked by title),2-broad,manual review of title list,2026-09-26
https://doi.org/10.5194/se-16-1453-2025,exclude,no unambiguous migration term; not about migration (checked by title),2-broad,manual review of title list,2026-09-26
https://doi.org/10.11606/x7thae25,exclude,"reviewed: not about contemporary migration in Ireland, or no Irish data",2-broad,manual review of title/abstract list,2026-09-26
https://doi.org/10.3390/soc15120355,exclude,no unambiguous migration term; not about migration (checked by title),2-broad,manual review of title list,2026-09-26
https://doi.org/10.1144/jgs2025-099,exclude,no unambiguous migration term; not about migration (checked by title),2-broad,manual review of title list,2026-09-26
https://doi.org/10.4000/161ml,exclude,"reviewed: not about contemporary migration in Ireland, or no Irish data",2-broad,manual review of title/abstract list,2026-09-26
https://doi.org/10.33134/njmr.1122,exclude,"reviewed by title: book review, correction/commentary, or not contemporary migration in Ireland",2-broad,manual review of title (no abstract available),2026-09-26
https://doi.org/10.2139/ssrn.6158188,exclude,no unambiguous migration term; not about migration (checked by title),2-broad,manual review of title list,2026-09-26
https://doi.org/10.1007/978-3-032-19056-7_3,exclude,"reviewed by title: book review, correction/commentary, or not contemporary migration in Ireland",2-broad,manual review of title (no abstract available),2026-09-26
https://doi.org/10.1007/978-3-032-10414-4_5,exclude,"reviewed by title: book review, correction/commentary, or not contemporary migration in Ireland",2-broad,manual review of title (no abstract available),2026-09-26
https://doi.org/10.1080/09670882.2026.2641255,exclude,"reviewed: not about contemporary migration in Ireland, or no Irish data",2-broad,manual review of title/abstract list,2026-09-26
https://doi.org/10.33607/bjshs.v5isupplement.2059,exclude,no unambiguous migration term; not about migration (checked by title),2-broad,manual review of title list,2026-09-26
https://doi.org/10.3389/feduc.2026.1731321,exclude,no unambiguous migration term; not about migration (checked by title),2-broad,manual review of title list,2026-09-26
https://doi.org/10.2807/1560-7917.es.2026.31.9.2500313,exclude,no unambiguous migration term; not about migration (checked by title),2-broad,manual review of title list,2026-09-26
https://doi.org/10.1353/eir.2026.a1001962,exclude,"reviewed by title: book review, correction/commentary, or not contemporary migration in Ireland",2-broad,manual review of title (no abstract available),2026-09-26
https://doi.org/10.5604/01.3001.0055.6602,exclude,"reviewed: not about contemporary migration in Ireland, or no Irish data",2-broad,manual review of title/abstract list,2026-09-26
https://doi.org/10.32674/w0fyav25,exclude,"reviewed: not about contemporary migration in Ireland, or no Irish data",2-broad,manual review of title/abstract list,2026-09-26
https://doi.org/10.2218/rzpny992,exclude,"reviewed: not about contemporary migration in Ireland, or no Irish data",2-broad,manual review of title/abstract list,2026-09-26
https://doi.org/10.5334/ijic.icic25387,exclude,"reviewed: not about contemporary migration in Ireland, or no Irish data",2-broad,manual review of title/abstract list,2026-09-26
https://doi.org/10.1016/j.acvd.2026.02.004,exclude,no unambiguous migration term; not about migration (checked by title),2-broad,manual review of title list,2026-09-26
https://doi.org/10.54195/ef25903,exclude,no unambiguous migration term; not about migration (checked by title),2-broad,manual review of title list,2026-09-26
https://doi.org/10.1111/imig.70182,exclude,"reviewed by title: book review, correction/commentary, or not contemporary migration in Ireland",2-broad,manual review of title (no abstract available),2026-09-26
https://doi.org/10.3389/fpubh.2026.1822318,exclude,reviewed: migration incidental or not about Ireland,2-broad,manual review of abstract,2026-09-26
https://doi.org/10.26504/rs230,exclude,no unambiguous migration term; not about migration (checked by title),2-broad,manual review of title list,2026-09-26
https://doi.org/10.20429/sspeach.2026.040107,exclude,"reviewed: not about contemporary migration in Ireland, or no Irish data",2-broad,manual review of title/abstract list,2026-09-26
https://doi.org/10.63544/jbii.v5i5.206,exclude,no unambiguous migration term; not about migration (checked by title),2-broad,manual review of title list,2026-09-26
https://doi.org/10.36253/rea-17351,exclude,no unambiguous migration term; not about migration (checked by title),2-broad,manual review of title list,2026-09-26
https://doi.org/10.21203/rs.3.rs-9352638/v1,exclude,no unambiguous migration term; not about migration (checked by title),2-broad,manual review of title list,2026-09-26
https://doi.org/10.64628/ab.pa9r49axe,exclude,"reviewed by title: book review, correction/commentary, or not contemporary migration in Ireland",2-broad,manual review of title (no abstract available),2026-09-26
https://doi.org/10.21201/2026.000141,exclude,no unambiguous migration term; not about migration (checked by title),2-broad,manual review of title list,2026-09-26
https://doi.org/10.59998/1-2026-15-2757,exclude,"reviewed: not about contemporary migration in Ireland, or no Irish data",2-broad,manual review of title/abstract list,2026-09-26
https://doi.org/10.46632/tfe/4/2/8,exclude,reviewed: migration incidental or not about Ireland,2-broad,manual review of abstract,2026-09-26
https://doi.org/10.14324/ijdegl.18.1.08,exclude,no unambiguous migration term; not about migration (checked by title),2-broad,manual review of title list,2026-09-26
https://doi.org/10.1515/stuf-2026-3001,exclude,no unambiguous migration term; not about migration (checked by title),2-broad,manual review of title list,2026-09-26
https://doi.org/10.1080/10572317.2026.2672858,exclude,no unambiguous migration term; not about migration (checked by title),2-broad,manual review of title list,2026-09-26
https://doi.org/10.23889/ijpds.v11i5.3755,exclude,no unambiguous migration term; not about migration (checked by title),2-broad,manual review of title list,2026-09-26
https://doi.org/10.23889/ijpds.v11i5.3582,exclude,no unambiguous migration term; not about migration (checked by title),2-broad,manual review of title list,2026-09-26
https://doi.org/10.46869/2707-6776-2026-34-7,exclude,reviewed: migration incidental or not about Ireland,2-broad,manual review of abstract,2026-09-26
https://doi.org/10.1017/s0020859026101461,exclude,"reviewed by title: book review, correction/commentary, or not contemporary migration in Ireland",2-broad,manual review of title (no abstract available),2026-09-26
https://doi.org/10.1093/postmj/qgag102,exclude,no unambiguous migration term; not about migration (checked by title),2-broad,manual review of title list,2026-09-26
https://doi.org/10.11141/ia.71.14,exclude,no unambiguous migration term; not about migration (checked by title),2-broad,manual review of title list,2026-09-26
https://doi.org/10.1177/14788047261474452,exclude,"reviewed: not about contemporary migration in Ireland, or no Irish data",2-broad,manual review of title/abstract list,2026-09-26
https://doi.org/10.1177/17461979261471012,exclude,no unambiguous migration term; not about migration (checked by title),2-broad,manual review of title list,2026-09-26
https://doi.org/10.5325/pennhistory.93.3.0489,exclude,"reviewed: not about contemporary migration in Ireland, or no Irish data",2-broad,manual review of title/abstract list,2026-09-26
https://doi.org/10.1017/mem.2026.10043,exclude,no unambiguous migration term; not about migration (checked by title),2-broad,manual review of title list,2026-09-26
https://doi.org/10.1177/08861099261476640,exclude,no unambiguous migration term; not about migration (checked by title),2-broad,manual review of title list,2026-09-26
https://doi.org/10.1111/hiv.70311,exclude,no unambiguous migration term; not about migration (checked by title),2-broad,manual review of title list,2026-09-26
