block,provision,indicator,year,value,unit,source,source_url,note
A Outcomes,all,Naturalisation applications received,2021,11975,applications,Parliamentary answer,https://www.oireachtas.ie/en/debates/question/2026-09-07/2397/,
A Outcomes,all,Naturalisation applications received,2022,17202,applications,Parliamentary answer,https://www.oireachtas.ie/en/debates/question/2026-09-07/2397/,
A Outcomes,all,Naturalisation applications received,2023,22690,applications,Parliamentary answer,https://www.oireachtas.ie/en/debates/question/2026-09-07/2397/,
A Outcomes,all,Naturalisation applications received,2024,27032,applications,Parliamentary answer,https://www.oireachtas.ie/en/debates/question/2026-09-07/2397/,
A Outcomes,all,Naturalisation applications received,2025,41511,applications,Parliamentary answer,https://www.oireachtas.ie/en/debates/question/2026-09-07/2397/,
A Outcomes,all,Naturalisation applications received,2026,22055,applications,Parliamentary answer,https://www.oireachtas.ie/en/debates/question/2026-09-07/2397/,part-year
A Outcomes,all,Naturalisation refusals,2016,488,refusals,Parliamentary answer,https://www.oireachtas.ie/en/debates/question/2026-09-16/891/,
A Outcomes,all,Naturalisation refusals,2017,522,refusals,Parliamentary answer,https://www.oireachtas.ie/en/debates/question/2026-09-16/891/,
A Outcomes,all,Naturalisation refusals,2018,1252,refusals,Parliamentary answer,https://www.oireachtas.ie/en/debates/question/2026-09-16/891/,
A Outcomes,all,Naturalisation refusals,2019,50,refusals,Parliamentary answer,https://www.oireachtas.ie/en/debates/question/2026-09-16/891/,
A Outcomes,all,Naturalisation refusals,2020,8,refusals,Parliamentary answer,https://www.oireachtas.ie/en/debates/question/2026-09-16/891/,
A Outcomes,all,Naturalisation refusals,2021,696,refusals,Parliamentary answer,https://www.oireachtas.ie/en/debates/question/2026-09-16/891/,
A Outcomes,all,Naturalisation refusals,2022,404,refusals,Parliamentary answer,https://www.oireachtas.ie/en/debates/question/2026-09-16/891/,
A Outcomes,all,Naturalisation refusals,2023,129,refusals,Parliamentary answer,https://www.oireachtas.ie/en/debates/question/2026-09-16/891/,
A Outcomes,all,Naturalisation refusals,2024,187,refusals,Parliamentary answer,https://www.oireachtas.ie/en/debates/question/2026-09-16/891/,
A Outcomes,all,Naturalisation refusals,2025,377,refusals,Parliamentary answer,https://www.oireachtas.ie/en/debates/question/2026-09-16/891/,
A Outcomes,all,Median processing time,2021,24,months,Parliamentary answer,https://www.oireachtas.ie/en/debates/question/2026-09-17/277/,
A Outcomes,all,Median processing time,2022,19,months,Parliamentary answer,https://www.oireachtas.ie/en/debates/question/2026-09-17/277/,
A Outcomes,all,Median processing time,2023,15,months,Parliamentary answer,https://www.oireachtas.ie/en/debates/question/2026-09-17/277/,
A Outcomes,all,Median processing time,2024,8,months,Parliamentary answer,https://www.oireachtas.ie/en/debates/question/2026-09-17/277/,
A Outcomes,all,Median processing time,2025,8,months,Parliamentary answer,https://www.oireachtas.ie/en/debates/question/2026-09-17/277/,
A Outcomes,s.19 / residence after naturalisation,Form 5 declarations (naturalised citizens living abroad),2021,632,declarations,Parliamentary answer,https://www.oireachtas.ie/en/debates/question/2026-09-17/274/,
A Outcomes,s.19 / residence after naturalisation,Form 5 declarations (naturalised citizens living abroad),2022,688,declarations,Parliamentary answer,https://www.oireachtas.ie/en/debates/question/2026-09-17/274/,
A Outcomes,s.19 / residence after naturalisation,Form 5 declarations (naturalised citizens living abroad),2023,753,declarations,Parliamentary answer,https://www.oireachtas.ie/en/debates/question/2026-09-17/274/,
A Outcomes,s.19 / residence after naturalisation,Form 5 declarations (naturalised citizens living abroad),2024,768,declarations,Parliamentary answer,https://www.oireachtas.ie/en/debates/question/2026-09-17/274/,
A Outcomes,s.19 / residence after naturalisation,Form 5 declarations (naturalised citizens living abroad),2025,785,declarations,Parliamentary answer,https://www.oireachtas.ie/en/debates/question/2026-09-17/274/,
A Outcomes,all,Certificates of naturalisation issued,2016,10002,certificates,PQ attachment (sum over nationalities),https://www.oireachtas.ie/en/debates/question/2026-01-22/483/,
A Outcomes,all,Certificates of naturalisation issued,2017,8178,certificates,PQ attachment (sum over nationalities),https://www.oireachtas.ie/en/debates/question/2026-01-22/483/,
A Outcomes,all,Certificates of naturalisation issued,2018,8208,certificates,PQ attachment (sum over nationalities),https://www.oireachtas.ie/en/debates/question/2026-01-22/483/,
A Outcomes,all,Certificates of naturalisation issued,2019,5778,certificates,PQ attachment (sum over nationalities),https://www.oireachtas.ie/en/debates/question/2026-01-22/483/,
A Outcomes,all,Certificates of naturalisation issued,2020,5465,certificates,PQ attachment (sum over nationalities),https://www.oireachtas.ie/en/debates/question/2026-01-22/483/,
A Outcomes,all,Certificates of naturalisation issued,2021,9766,certificates,PQ attachment (sum over nationalities),https://www.oireachtas.ie/en/debates/question/2026-01-22/483/,
A Outcomes,all,Certificates of naturalisation issued,2022,13596,certificates,PQ attachment (sum over nationalities),https://www.oireachtas.ie/en/debates/question/2026-01-22/483/,
A Outcomes,all,Certificates of naturalisation issued,2023,18265,certificates,PQ attachment (sum over nationalities),https://www.oireachtas.ie/en/debates/question/2026-01-22/483/,
A Outcomes,all,Certificates of naturalisation issued,2024,24068,certificates,PQ attachment (sum over nationalities),https://www.oireachtas.ie/en/debates/question/2026-01-22/483/,
A Outcomes,all,Certificates of naturalisation issued,2025,29919,certificates,PQ attachment (sum over nationalities),https://www.oireachtas.ie/en/debates/question/2026-01-22/483/,
A Outcomes,s.15 / s.15A,"Certificates by route: standard adult (s.15, 5-year route)",2016,5709,certificates,PQ attachment,https://www.oireachtas.ie/en/debates/question/2026-01-22/483/,
A Outcomes,s.15 / s.15A,Certificates by route: spouse/civil partner of Irish citizen (3-year route; label 'S15 residency'),2016,2001,certificates,PQ attachment,https://www.oireachtas.ie/en/debates/question/2026-01-22/483/,
A Outcomes,s.15 / s.15A,Certificates by route: granted international protection,2016,200,certificates,PQ attachment,https://www.oireachtas.ie/en/debates/question/2026-01-22/483/,
A Outcomes,s.15 / s.15A,Certificates by route: minors,2016,2061,certificates,PQ attachment,https://www.oireachtas.ie/en/debates/question/2026-01-22/483/,
A Outcomes,s.15 / s.15A,Certificates by route: other (mainly s.28 declarations),2016,31,certificates,PQ attachment,https://www.oireachtas.ie/en/debates/question/2026-01-22/483/,
A Outcomes,s.15 / s.15A,"Certificates by route: standard adult (s.15, 5-year route)",2017,5249,certificates,PQ attachment,https://www.oireachtas.ie/en/debates/question/2026-01-22/483/,
A Outcomes,s.15 / s.15A,Certificates by route: spouse/civil partner of Irish citizen (3-year route; label 'S15 residency'),2017,1455,certificates,PQ attachment,https://www.oireachtas.ie/en/debates/question/2026-01-22/483/,
A Outcomes,s.15 / s.15A,Certificates by route: granted international protection,2017,66,certificates,PQ attachment,https://www.oireachtas.ie/en/debates/question/2026-01-22/483/,
A Outcomes,s.15 / s.15A,Certificates by route: minors,2017,1390,certificates,PQ attachment,https://www.oireachtas.ie/en/debates/question/2026-01-22/483/,
A Outcomes,s.15 / s.15A,Certificates by route: other (mainly s.28 declarations),2017,18,certificates,PQ attachment,https://www.oireachtas.ie/en/debates/question/2026-01-22/483/,
A Outcomes,s.15 / s.15A,"Certificates by route: standard adult (s.15, 5-year route)",2018,5446,certificates,PQ attachment,https://www.oireachtas.ie/en/debates/question/2026-01-22/483/,
A Outcomes,s.15 / s.15A,Certificates by route: spouse/civil partner of Irish citizen (3-year route; label 'S15 residency'),2018,1461,certificates,PQ attachment,https://www.oireachtas.ie/en/debates/question/2026-01-22/483/,
A Outcomes,s.15 / s.15A,Certificates by route: granted international protection,2018,37,certificates,PQ attachment,https://www.oireachtas.ie/en/debates/question/2026-01-22/483/,
A Outcomes,s.15 / s.15A,Certificates by route: minors,2018,1254,certificates,PQ attachment,https://www.oireachtas.ie/en/debates/question/2026-01-22/483/,
A Outcomes,s.15 / s.15A,Certificates by route: other (mainly s.28 declarations),2018,10,certificates,PQ attachment,https://www.oireachtas.ie/en/debates/question/2026-01-22/483/,
A Outcomes,s.15 / s.15A,"Certificates by route: standard adult (s.15, 5-year route)",2019,3580,certificates,PQ attachment,https://www.oireachtas.ie/en/debates/question/2026-01-22/483/,
A Outcomes,s.15 / s.15A,Certificates by route: spouse/civil partner of Irish citizen (3-year route; label 'S15 residency'),2019,1234,certificates,PQ attachment,https://www.oireachtas.ie/en/debates/question/2026-01-22/483/,
A Outcomes,s.15 / s.15A,Certificates by route: granted international protection,2019,66,certificates,PQ attachment,https://www.oireachtas.ie/en/debates/question/2026-01-22/483/,
A Outcomes,s.15 / s.15A,Certificates by route: minors,2019,895,certificates,PQ attachment,https://www.oireachtas.ie/en/debates/question/2026-01-22/483/,
A Outcomes,s.15 / s.15A,Certificates by route: other (mainly s.28 declarations),2019,,certificates,PQ attachment,https://www.oireachtas.ie/en/debates/question/2026-01-22/483/,suppressed (<10)
A Outcomes,s.15 / s.15A,"Certificates by route: standard adult (s.15, 5-year route)",2020,3657,certificates,PQ attachment,https://www.oireachtas.ie/en/debates/question/2026-01-22/483/,
A Outcomes,s.15 / s.15A,Certificates by route: spouse/civil partner of Irish citizen (3-year route; label 'S15 residency'),2020,1203,certificates,PQ attachment,https://www.oireachtas.ie/en/debates/question/2026-01-22/483/,
A Outcomes,s.15 / s.15A,Certificates by route: granted international protection,2020,121,certificates,PQ attachment,https://www.oireachtas.ie/en/debates/question/2026-01-22/483/,
A Outcomes,s.15 / s.15A,Certificates by route: minors,2020,481,certificates,PQ attachment,https://www.oireachtas.ie/en/debates/question/2026-01-22/483/,
A Outcomes,s.15 / s.15A,Certificates by route: other (mainly s.28 declarations),2020,,certificates,PQ attachment,https://www.oireachtas.ie/en/debates/question/2026-01-22/483/,suppressed (<10)
A Outcomes,s.15 / s.15A,"Certificates by route: standard adult (s.15, 5-year route)",2021,6119,certificates,PQ attachment,https://www.oireachtas.ie/en/debates/question/2026-01-22/483/,
A Outcomes,s.15 / s.15A,Certificates by route: spouse/civil partner of Irish citizen (3-year route; label 'S15 residency'),2021,2233,certificates,PQ attachment,https://www.oireachtas.ie/en/debates/question/2026-01-22/483/,
A Outcomes,s.15 / s.15A,Certificates by route: granted international protection,2021,408,certificates,PQ attachment,https://www.oireachtas.ie/en/debates/question/2026-01-22/483/,
A Outcomes,s.15 / s.15A,Certificates by route: minors,2021,1005,certificates,PQ attachment,https://www.oireachtas.ie/en/debates/question/2026-01-22/483/,
A Outcomes,s.15 / s.15A,Certificates by route: other (mainly s.28 declarations),2021,,certificates,PQ attachment,https://www.oireachtas.ie/en/debates/question/2026-01-22/483/,suppressed (<10)
A Outcomes,s.15 / s.15A,"Certificates by route: standard adult (s.15, 5-year route)",2022,8495,certificates,PQ attachment,https://www.oireachtas.ie/en/debates/question/2026-01-22/483/,
A Outcomes,s.15 / s.15A,Certificates by route: spouse/civil partner of Irish citizen (3-year route; label 'S15 residency'),2022,2294,certificates,PQ attachment,https://www.oireachtas.ie/en/debates/question/2026-01-22/483/,
A Outcomes,s.15 / s.15A,Certificates by route: granted international protection,2022,1091,certificates,PQ attachment,https://www.oireachtas.ie/en/debates/question/2026-01-22/483/,
A Outcomes,s.15 / s.15A,Certificates by route: minors,2022,1714,certificates,PQ attachment,https://www.oireachtas.ie/en/debates/question/2026-01-22/483/,
A Outcomes,s.15 / s.15A,Certificates by route: other (mainly s.28 declarations),2022,,certificates,PQ attachment,https://www.oireachtas.ie/en/debates/question/2026-01-22/483/,suppressed (<10)
A Outcomes,s.15 / s.15A,"Certificates by route: standard adult (s.15, 5-year route)",2023,9862,certificates,PQ attachment,https://www.oireachtas.ie/en/debates/question/2026-01-22/483/,
A Outcomes,s.15 / s.15A,Certificates by route: spouse/civil partner of Irish citizen (3-year route; label 'S15 residency'),2023,2470,certificates,PQ attachment,https://www.oireachtas.ie/en/debates/question/2026-01-22/483/,
A Outcomes,s.15 / s.15A,Certificates by route: granted international protection,2023,954,certificates,PQ attachment,https://www.oireachtas.ie/en/debates/question/2026-01-22/483/,
A Outcomes,s.15 / s.15A,Certificates by route: minors,2023,4950,certificates,PQ attachment,https://www.oireachtas.ie/en/debates/question/2026-01-22/483/,
A Outcomes,s.15 / s.15A,Certificates by route: other (mainly s.28 declarations),2023,,certificates,PQ attachment,https://www.oireachtas.ie/en/debates/question/2026-01-22/483/,suppressed (<10)
A Outcomes,s.15 / s.15A,"Certificates by route: standard adult (s.15, 5-year route)",2024,15999,certificates,PQ attachment,https://www.oireachtas.ie/en/debates/question/2026-01-22/483/,
A Outcomes,s.15 / s.15A,Certificates by route: spouse/civil partner of Irish citizen (3-year route; label 'S15 residency'),2024,3791,certificates,PQ attachment,https://www.oireachtas.ie/en/debates/question/2026-01-22/483/,
A Outcomes,s.15 / s.15A,Certificates by route: granted international protection,2024,1197,certificates,PQ attachment,https://www.oireachtas.ie/en/debates/question/2026-01-22/483/,
A Outcomes,s.15 / s.15A,Certificates by route: minors,2024,3081,certificates,PQ attachment,https://www.oireachtas.ie/en/debates/question/2026-01-22/483/,
A Outcomes,s.15 / s.15A,Certificates by route: other (mainly s.28 declarations),2024,0,certificates,PQ attachment,https://www.oireachtas.ie/en/debates/question/2026-01-22/483/,
A Outcomes,s.15 / s.15A,"Certificates by route: standard adult (s.15, 5-year route)",2025,19329,certificates,PQ attachment,https://www.oireachtas.ie/en/debates/question/2026-01-22/483/,
A Outcomes,s.15 / s.15A,Certificates by route: spouse/civil partner of Irish citizen (3-year route; label 'S15 residency'),2025,2929,certificates,PQ attachment,https://www.oireachtas.ie/en/debates/question/2026-01-22/483/,
A Outcomes,s.15 / s.15A,Certificates by route: granted international protection,2025,712,certificates,PQ attachment,https://www.oireachtas.ie/en/debates/question/2026-01-22/483/,
A Outcomes,s.15 / s.15A,Certificates by route: minors,2025,6949,certificates,PQ attachment,https://www.oireachtas.ie/en/debates/question/2026-01-22/483/,
A Outcomes,s.15 / s.15A,Certificates by route: other (mainly s.28 declarations),2025,0,certificates,PQ attachment,https://www.oireachtas.ie/en/debates/question/2026-01-22/483/,
A Outcomes,all,Citizenship ceremonies held,2025,25,ceremonies,Parliamentary answer,https://www.oireachtas.ie/en/debates/question/2026-09-07/2397/,
A Outcomes,all,Certificates conferred at ceremonies (adult and minor),2025,29300,certificates,Parliamentary answer,https://www.oireachtas.ie/en/debates/question/2026-09-07/2397/,
A Outcomes,all,Citizenship ceremonies held,2026,5,ceremonies,Parliamentary answer,https://www.oireachtas.ie/en/debates/question/2026-09-07/2397/,part-year
A Outcomes,all,Certificates conferred at ceremonies (adult and minor),2026,6750,certificates,Parliamentary answer,https://www.oireachtas.ie/en/debates/question/2026-09-07/2397/,part-year
G Children born in Ireland,s.6B,Irish Citizen Child applications on hand,2024,15,applications,Parliamentary answer,https://www.oireachtas.ie/en/debates/question/2026-09-07/2467/,
G Children born in Ireland,s.6B,Irish Citizen Child applications on hand,2025,85,applications,Parliamentary answer,https://www.oireachtas.ie/en/debates/question/2026-09-07/2467/,
G Children born in Ireland,s.6B,Irish Citizen Child applications on hand,2026,191,applications,Parliamentary answer,https://www.oireachtas.ie/en/debates/question/2026-09-07/2467/,part-year
A Outcomes,all,Acquisitions of Irish citizenship (Eurostat),2012,25039,persons,Eurostat migr_acq,https://ec.europa.eu/eurostat/databrowser/view/migr_acq/default/table?lang=en,
A Outcomes,all,Acquisitions of Irish citizenship (Eurostat),2013,24263,persons,Eurostat migr_acq,https://ec.europa.eu/eurostat/databrowser/view/migr_acq/default/table?lang=en,
A Outcomes,all,Acquisitions of Irish citizenship (Eurostat),2014,21104,persons,Eurostat migr_acq,https://ec.europa.eu/eurostat/databrowser/view/migr_acq/default/table?lang=en,
A Outcomes,all,Acquisitions of Irish citizenship (Eurostat),2015,13565,persons,Eurostat migr_acq,https://ec.europa.eu/eurostat/databrowser/view/migr_acq/default/table?lang=en,
A Outcomes,all,Acquisitions of Irish citizenship (Eurostat),2016,10038,persons,Eurostat migr_acq,https://ec.europa.eu/eurostat/databrowser/view/migr_acq/default/table?lang=en,
A Outcomes,all,Acquisitions of Irish citizenship (Eurostat),2017,8195,persons,Eurostat migr_acq,https://ec.europa.eu/eurostat/databrowser/view/migr_acq/default/table?lang=en,
A Outcomes,all,Acquisitions of Irish citizenship (Eurostat),2018,8223,persons,Eurostat migr_acq,https://ec.europa.eu/eurostat/databrowser/view/migr_acq/default/table?lang=en,
A Outcomes,all,Acquisitions of Irish citizenship (Eurostat),2019,5791,persons,Eurostat migr_acq,https://ec.europa.eu/eurostat/databrowser/view/migr_acq/default/table?lang=en,
A Outcomes,all,Acquisitions of Irish citizenship (Eurostat),2020,5475,persons,Eurostat migr_acq,https://ec.europa.eu/eurostat/databrowser/view/migr_acq/default/table?lang=en,
A Outcomes,all,Acquisitions of Irish citizenship (Eurostat),2021,9778,persons,Eurostat migr_acq,https://ec.europa.eu/eurostat/databrowser/view/migr_acq/default/table?lang=en,
A Outcomes,all,Acquisitions of Irish citizenship (Eurostat),2022,13597,persons,Eurostat migr_acq,https://ec.europa.eu/eurostat/databrowser/view/migr_acq/default/table?lang=en,
A Outcomes,all,Acquisitions of Irish citizenship (Eurostat),2023,18265,persons,Eurostat migr_acq,https://ec.europa.eu/eurostat/databrowser/view/migr_acq/default/table?lang=en,
A Outcomes,all,Acquisitions of Irish citizenship (Eurostat),2024,24059,persons,Eurostat migr_acq,https://ec.europa.eu/eurostat/databrowser/view/migr_acq/default/table?lang=en,
A Outcomes,all,Naturalisation rate - all foreign citizens,2012,4.54,% of non-citizen residents,Eurostat migr_acqs,https://ec.europa.eu/eurostat/databrowser/view/migr_acqs/default/table?lang=en,
A Outcomes,all,Naturalisation rate - all foreign citizens,2013,4.52,% of non-citizen residents,Eurostat migr_acqs,https://ec.europa.eu/eurostat/databrowser/view/migr_acqs/default/table?lang=en,
A Outcomes,all,Naturalisation rate - all foreign citizens,2014,3.99,% of non-citizen residents,Eurostat migr_acqs,https://ec.europa.eu/eurostat/databrowser/view/migr_acqs/default/table?lang=en,
A Outcomes,all,Naturalisation rate - all foreign citizens,2015,2.55,% of non-citizen residents,Eurostat migr_acqs,https://ec.europa.eu/eurostat/databrowser/view/migr_acqs/default/table?lang=en,
A Outcomes,all,Naturalisation rate - all foreign citizens,2016,1.84,% of non-citizen residents,Eurostat migr_acqs,https://ec.europa.eu/eurostat/databrowser/view/migr_acqs/default/table?lang=en,
A Outcomes,all,Naturalisation rate - all foreign citizens,2017,1.45,% of non-citizen residents,Eurostat migr_acqs,https://ec.europa.eu/eurostat/databrowser/view/migr_acqs/default/table?lang=en,
A Outcomes,all,Naturalisation rate - all foreign citizens,2018,1.41,% of non-citizen residents,Eurostat migr_acqs,https://ec.europa.eu/eurostat/databrowser/view/migr_acqs/default/table?lang=en,
A Outcomes,all,Naturalisation rate - all foreign citizens,2019,0.95,% of non-citizen residents,Eurostat migr_acqs,https://ec.europa.eu/eurostat/databrowser/view/migr_acqs/default/table?lang=en,
A Outcomes,all,Naturalisation rate - all foreign citizens,2020,0.85,% of non-citizen residents,Eurostat migr_acqs,https://ec.europa.eu/eurostat/databrowser/view/migr_acqs/default/table?lang=en,
A Outcomes,all,Naturalisation rate - all foreign citizens,2021,1.52,% of non-citizen residents,Eurostat migr_acqs,https://ec.europa.eu/eurostat/databrowser/view/migr_acqs/default/table?lang=en,
A Outcomes,all,Naturalisation rate - all foreign citizens,2022,2.07,% of non-citizen residents,Eurostat migr_acqs,https://ec.europa.eu/eurostat/databrowser/view/migr_acqs/default/table?lang=en,
A Outcomes,all,Naturalisation rate - all foreign citizens,2023,2.41,% of non-citizen residents,Eurostat migr_acqs,https://ec.europa.eu/eurostat/databrowser/view/migr_acqs/default/table?lang=en,
A Outcomes,all,Naturalisation rate - all foreign citizens,2024,2.94,% of non-citizen residents,Eurostat migr_acqs,https://ec.europa.eu/eurostat/databrowser/view/migr_acqs/default/table?lang=en,
A Outcomes,all,Naturalisation rate - non-EU citizens,2012,15.29,% of non-citizen residents,Eurostat migr_acqs,https://ec.europa.eu/eurostat/databrowser/view/migr_acqs/default/table?lang=en,
A Outcomes,all,Naturalisation rate - non-EU citizens,2013,16.09,% of non-citizen residents,Eurostat migr_acqs,https://ec.europa.eu/eurostat/databrowser/view/migr_acqs/default/table?lang=en,
A Outcomes,all,Naturalisation rate - non-EU citizens,2014,14.77,% of non-citizen residents,Eurostat migr_acqs,https://ec.europa.eu/eurostat/databrowser/view/migr_acqs/default/table?lang=en,
A Outcomes,all,Naturalisation rate - non-EU citizens,2015,8.71,% of non-citizen residents,Eurostat migr_acqs,https://ec.europa.eu/eurostat/databrowser/view/migr_acqs/default/table?lang=en,
A Outcomes,all,Naturalisation rate - non-EU citizens,2016,5.24,% of non-citizen residents,Eurostat migr_acqs,https://ec.europa.eu/eurostat/databrowser/view/migr_acqs/default/table?lang=en,
A Outcomes,all,Naturalisation rate - non-EU citizens,2017,3.14,% of non-citizen residents,Eurostat migr_acqs,https://ec.europa.eu/eurostat/databrowser/view/migr_acqs/default/table?lang=en,
A Outcomes,all,Naturalisation rate - non-EU citizens,2018,2.69,% of non-citizen residents,Eurostat migr_acqs,https://ec.europa.eu/eurostat/databrowser/view/migr_acqs/default/table?lang=en,
A Outcomes,all,Naturalisation rate - non-EU citizens,2019,1.63,% of non-citizen residents,Eurostat migr_acqs,https://ec.europa.eu/eurostat/databrowser/view/migr_acqs/default/table?lang=en,
A Outcomes,all,Naturalisation rate - non-EU citizens,2020,1.18,% of non-citizen residents,Eurostat migr_acqs,https://ec.europa.eu/eurostat/databrowser/view/migr_acqs/default/table?lang=en,
A Outcomes,all,Naturalisation rate - non-EU citizens,2021,2.34,% of non-citizen residents,Eurostat migr_acqs,https://ec.europa.eu/eurostat/databrowser/view/migr_acqs/default/table?lang=en,
A Outcomes,all,Naturalisation rate - non-EU citizens,2022,3.33,% of non-citizen residents,Eurostat migr_acqs,https://ec.europa.eu/eurostat/databrowser/view/migr_acqs/default/table?lang=en,
A Outcomes,all,Naturalisation rate - non-EU citizens,2023,3.6,% of non-citizen residents,Eurostat migr_acqs,https://ec.europa.eu/eurostat/databrowser/view/migr_acqs/default/table?lang=en,
A Outcomes,all,Naturalisation rate - non-EU citizens,2024,4.25,% of non-citizen residents,Eurostat migr_acqs,https://ec.europa.eu/eurostat/databrowser/view/migr_acqs/default/table?lang=en,
A Outcomes,all,Naturalisation rate - EU citizens,2012,0.33,% of non-citizen residents,Eurostat migr_acqs,https://ec.europa.eu/eurostat/databrowser/view/migr_acqs/default/table?lang=en,
A Outcomes,all,Naturalisation rate - EU citizens,2013,0.45,% of non-citizen residents,Eurostat migr_acqs,https://ec.europa.eu/eurostat/databrowser/view/migr_acqs/default/table?lang=en,
A Outcomes,all,Naturalisation rate - EU citizens,2014,0.72,% of non-citizen residents,Eurostat migr_acqs,https://ec.europa.eu/eurostat/databrowser/view/migr_acqs/default/table?lang=en,
A Outcomes,all,Naturalisation rate - EU citizens,2015,0.76,% of non-citizen residents,Eurostat migr_acqs,https://ec.europa.eu/eurostat/databrowser/view/migr_acqs/default/table?lang=en,
A Outcomes,all,Naturalisation rate - EU citizens,2016,0.8,% of non-citizen residents,Eurostat migr_acqs,https://ec.europa.eu/eurostat/databrowser/view/migr_acqs/default/table?lang=en,
A Outcomes,all,Naturalisation rate - EU citizens,2017,0.88,% of non-citizen residents,Eurostat migr_acqs,https://ec.europa.eu/eurostat/databrowser/view/migr_acqs/default/table?lang=en,
A Outcomes,all,Naturalisation rate - EU citizens,2018,0.92,% of non-citizen residents,Eurostat migr_acqs,https://ec.europa.eu/eurostat/databrowser/view/migr_acqs/default/table?lang=en,
A Outcomes,all,Naturalisation rate - EU citizens,2019,0.65,% of non-citizen residents,Eurostat migr_acqs,https://ec.europa.eu/eurostat/databrowser/view/migr_acqs/default/table?lang=en,
A Outcomes,all,Naturalisation rate - EU citizens,2020,0.55,% of non-citizen residents,Eurostat migr_acqs,https://ec.europa.eu/eurostat/databrowser/view/migr_acqs/default/table?lang=en,
A Outcomes,all,Naturalisation rate - EU citizens,2021,0.73,% of non-citizen residents,Eurostat migr_acqs,https://ec.europa.eu/eurostat/databrowser/view/migr_acqs/default/table?lang=en,
A Outcomes,all,Naturalisation rate - EU citizens,2022,0.84,% of non-citizen residents,Eurostat migr_acqs,https://ec.europa.eu/eurostat/databrowser/view/migr_acqs/default/table?lang=en,
A Outcomes,all,Naturalisation rate - EU citizens,2023,0.99,% of non-citizen residents,Eurostat migr_acqs,https://ec.europa.eu/eurostat/databrowser/view/migr_acqs/default/table?lang=en,
A Outcomes,all,Naturalisation rate - EU citizens,2024,1.25,% of non-citizen residents,Eurostat migr_acqs,https://ec.europa.eu/eurostat/databrowser/view/migr_acqs/default/table?lang=en,
A Outcomes,s.15 (8 years is at the restrictive end of EU practice),Ireland's rank on naturalisation rate among reporting countries,2024,9 of 31,rank,Eurostat migr_acqs,https://ec.europa.eu/eurostat/databrowser/view/migr_acqs/default/table?lang=en,median 1.41%
B Composition,all,Non-Irish citizens usually resident (Census 2022),2022,631785,persons,CSO F5065,https://data.cso.ie/table/F5065,
C Eligible pipeline,s.15 residence 5->8,Citizens of non-EU/EFTA/candidate countries resident,2023,342808,persons,CSO PEA27,https://data.cso.ie/table/PEA27,
C Eligible pipeline,s.15 residence 5->8,Citizens of non-EU/EFTA/candidate countries resident,2024,356968,persons,CSO PEA27,https://data.cso.ie/table/PEA27,
C Eligible pipeline,s.15 residence 5->8,Non-EU/non-UK immigration (year to April),2012,17700,persons,CSO PEA24,https://data.cso.ie/table/PEA24,"an arrival cohort becomes eligible after 5 years now, 8 under the Bill"
C Eligible pipeline,s.15 residence 5->8,Non-EU/non-UK immigration (year to April),2013,19800,persons,CSO PEA24,https://data.cso.ie/table/PEA24,"an arrival cohort becomes eligible after 5 years now, 8 under the Bill"
C Eligible pipeline,s.15 residence 5->8,Non-EU/non-UK immigration (year to April),2014,19000,persons,CSO PEA24,https://data.cso.ie/table/PEA24,"an arrival cohort becomes eligible after 5 years now, 8 under the Bill"
C Eligible pipeline,s.15 residence 5->8,Non-EU/non-UK immigration (year to April),2015,21900,persons,CSO PEA24,https://data.cso.ie/table/PEA24,"an arrival cohort becomes eligible after 5 years now, 8 under the Bill"
C Eligible pipeline,s.15 residence 5->8,Non-EU/non-UK immigration (year to April),2016,23600,persons,CSO PEA24,https://data.cso.ie/table/PEA24,"an arrival cohort becomes eligible after 5 years now, 8 under the Bill"
C Eligible pipeline,s.15 residence 5->8,Non-EU/non-UK immigration (year to April),2017,35500,persons,CSO PEA24,https://data.cso.ie/table/PEA24,"an arrival cohort becomes eligible after 5 years now, 8 under the Bill"
C Eligible pipeline,s.15 residence 5->8,Non-EU/non-UK immigration (year to April),2018,36900,persons,CSO PEA24,https://data.cso.ie/table/PEA24,"an arrival cohort becomes eligible after 5 years now, 8 under the Bill"
C Eligible pipeline,s.15 residence 5->8,Non-EU/non-UK immigration (year to April),2019,37100,persons,CSO PEA24,https://data.cso.ie/table/PEA24,"an arrival cohort becomes eligible after 5 years now, 8 under the Bill"
C Eligible pipeline,s.15 residence 5->8,Non-EU/non-UK immigration (year to April),2020,37400,persons,CSO PEA24,https://data.cso.ie/table/PEA24,"an arrival cohort becomes eligible after 5 years now, 8 under the Bill"
C Eligible pipeline,s.15 residence 5->8,Non-EU/non-UK immigration (year to April),2021,16100,persons,CSO PEA24,https://data.cso.ie/table/PEA24,"an arrival cohort becomes eligible after 5 years now, 8 under the Bill"
C Eligible pipeline,s.15 residence 5->8,Non-EU/non-UK immigration (year to April),2022,58800,persons,CSO PEA24,https://data.cso.ie/table/PEA24,"an arrival cohort becomes eligible after 5 years now, 8 under the Bill"
C Eligible pipeline,s.15 residence 5->8,Non-EU/non-UK immigration (year to April),2023,81100,persons,CSO PEA24,https://data.cso.ie/table/PEA24,"an arrival cohort becomes eligible after 5 years now, 8 under the Bill"
C Eligible pipeline,s.15 residence 5->8,Non-EU/non-UK immigration (year to April),2024,86800,persons,CSO PEA24,https://data.cso.ie/table/PEA24,"an arrival cohort becomes eligible after 5 years now, 8 under the Bill"
C Eligible pipeline,s.15 residence 5->8,Non-EU/non-UK immigration (year to April),2025,63600,persons,CSO PEA24,https://data.cso.ie/table/PEA24,"an arrival cohort becomes eligible after 5 years now, 8 under the Bill"
C Eligible pipeline,s.15 residence 5->8,Non-EU/non-UK immigration (year to April),2026,55500,persons,CSO PEA24,https://data.cso.ie/table/PEA24,"an arrival cohort becomes eligible after 5 years now, 8 under the Bill"
C Eligible pipeline,s.15 residence 5->8; s.15F self-sufficiency,Employment permits issued,2015,7253,permits,DETE,https://enterprise.gov.ie/en/what-we-do/workplace-and-skills/employment-permits/statistics/,
C Eligible pipeline,s.15 residence 5->8; s.15F self-sufficiency,Employment permits issued,2016,9373,permits,DETE,https://enterprise.gov.ie/en/what-we-do/workplace-and-skills/employment-permits/statistics/,
C Eligible pipeline,s.15 residence 5->8; s.15F self-sufficiency,Employment permits issued,2017,11361,permits,DETE,https://enterprise.gov.ie/en/what-we-do/workplace-and-skills/employment-permits/statistics/,
C Eligible pipeline,s.15 residence 5->8; s.15F self-sufficiency,Employment permits issued,2018,13398,permits,DETE,https://enterprise.gov.ie/en/what-we-do/workplace-and-skills/employment-permits/statistics/,
C Eligible pipeline,s.15 residence 5->8; s.15F self-sufficiency,Employment permits issued,2019,16383,permits,DETE,https://enterprise.gov.ie/en/what-we-do/workplace-and-skills/employment-permits/statistics/,
C Eligible pipeline,s.15 residence 5->8; s.15F self-sufficiency,Employment permits issued,2020,16419,permits,DETE,https://enterprise.gov.ie/en/what-we-do/workplace-and-skills/employment-permits/statistics/,
C Eligible pipeline,s.15 residence 5->8; s.15F self-sufficiency,Employment permits issued,2021,16275,permits,DETE,https://enterprise.gov.ie/en/what-we-do/workplace-and-skills/employment-permits/statistics/,
C Eligible pipeline,s.15 residence 5->8; s.15F self-sufficiency,Employment permits issued,2022,39955,permits,DETE,https://enterprise.gov.ie/en/what-we-do/workplace-and-skills/employment-permits/statistics/,
C Eligible pipeline,s.15 residence 5->8; s.15F self-sufficiency,Employment permits issued,2023,30981,permits,DETE,https://enterprise.gov.ie/en/what-we-do/workplace-and-skills/employment-permits/statistics/,
C Eligible pipeline,s.15 residence 5->8; s.15F self-sufficiency,Employment permits issued,2024,39390,permits,DETE,https://enterprise.gov.ie/en/what-we-do/workplace-and-skills/employment-permits/statistics/,
C Eligible pipeline,s.15 residence 5->8; s.15F self-sufficiency,Employment permits issued,2025,31044,permits,DETE,https://enterprise.gov.ie/en/what-we-do/workplace-and-skills/employment-permits/statistics/,
C Eligible pipeline,s.15 residence 5->8; s.15F self-sufficiency,Employment permits issued,2026,26629,permits,DETE,https://enterprise.gov.ie/en/what-we-do/workplace-and-skills/employment-permits/statistics/,2026 = January-August
C Eligible pipeline,s.15 / s.16A,Valid residence permits on 31 Dec - total,2015,113914,persons,Eurostat migr_resvalid,https://ec.europa.eu/eurostat/databrowser/view/migr_resvalid/default/table?lang=en,
C Eligible pipeline,s.15 / s.16A,Valid residence permits on 31 Dec - total,2016,110927,persons,Eurostat migr_resvalid,https://ec.europa.eu/eurostat/databrowser/view/migr_resvalid/default/table?lang=en,
C Eligible pipeline,s.15 / s.16A,Valid residence permits on 31 Dec - total,2017,128066,persons,Eurostat migr_resvalid,https://ec.europa.eu/eurostat/databrowser/view/migr_resvalid/default/table?lang=en,
C Eligible pipeline,s.15 / s.16A,Valid residence permits on 31 Dec - total,2018,142286,persons,Eurostat migr_resvalid,https://ec.europa.eu/eurostat/databrowser/view/migr_resvalid/default/table?lang=en,
C Eligible pipeline,s.15 / s.16A,Valid residence permits on 31 Dec - total,2019,168297,persons,Eurostat migr_resvalid,https://ec.europa.eu/eurostat/databrowser/view/migr_resvalid/default/table?lang=en,
C Eligible pipeline,s.15 / s.16A,Valid residence permits on 31 Dec - total,2020,155317,persons,Eurostat migr_resvalid,https://ec.europa.eu/eurostat/databrowser/view/migr_resvalid/default/table?lang=en,
C Eligible pipeline,s.15 / s.16A,Valid residence permits on 31 Dec - total,2021,169687,persons,Eurostat migr_resvalid,https://ec.europa.eu/eurostat/databrowser/view/migr_resvalid/default/table?lang=en,
C Eligible pipeline,s.15 / s.16A,Valid residence permits on 31 Dec - total,2022,234057,persons,Eurostat migr_resvalid,https://ec.europa.eu/eurostat/databrowser/view/migr_resvalid/default/table?lang=en,
C Eligible pipeline,s.15 / s.16A,Valid residence permits on 31 Dec - total,2023,289432,persons,Eurostat migr_resvalid,https://ec.europa.eu/eurostat/databrowser/view/migr_resvalid/default/table?lang=en,
C Eligible pipeline,s.15 / s.16A,Valid residence permits on 31 Dec - total,2024,327396,persons,Eurostat migr_resvalid,https://ec.europa.eu/eurostat/databrowser/view/migr_resvalid/default/table?lang=en,
C Eligible pipeline,s.15 / s.16A,Valid residence permits on 31 Dec - total,2025,331623,persons,Eurostat migr_resvalid,https://ec.europa.eu/eurostat/databrowser/view/migr_resvalid/default/table?lang=en,
C Eligible pipeline,s.15 / s.16A,Valid residence permits on 31 Dec - family reasons,2015,25632,persons,Eurostat migr_resvalid,https://ec.europa.eu/eurostat/databrowser/view/migr_resvalid/default/table?lang=en,
C Eligible pipeline,s.15 / s.16A,Valid residence permits on 31 Dec - family reasons,2016,27243,persons,Eurostat migr_resvalid,https://ec.europa.eu/eurostat/databrowser/view/migr_resvalid/default/table?lang=en,
C Eligible pipeline,s.15 / s.16A,Valid residence permits on 31 Dec - family reasons,2017,30184,persons,Eurostat migr_resvalid,https://ec.europa.eu/eurostat/databrowser/view/migr_resvalid/default/table?lang=en,
C Eligible pipeline,s.15 / s.16A,Valid residence permits on 31 Dec - family reasons,2018,31174,persons,Eurostat migr_resvalid,https://ec.europa.eu/eurostat/databrowser/view/migr_resvalid/default/table?lang=en,
C Eligible pipeline,s.15 / s.16A,Valid residence permits on 31 Dec - family reasons,2019,34317,persons,Eurostat migr_resvalid,https://ec.europa.eu/eurostat/databrowser/view/migr_resvalid/default/table?lang=en,
C Eligible pipeline,s.15 / s.16A,Valid residence permits on 31 Dec - family reasons,2020,33221,persons,Eurostat migr_resvalid,https://ec.europa.eu/eurostat/databrowser/view/migr_resvalid/default/table?lang=en,
C Eligible pipeline,s.15 / s.16A,Valid residence permits on 31 Dec - family reasons,2021,35440,persons,Eurostat migr_resvalid,https://ec.europa.eu/eurostat/databrowser/view/migr_resvalid/default/table?lang=en,
C Eligible pipeline,s.15 / s.16A,Valid residence permits on 31 Dec - family reasons,2022,52854,persons,Eurostat migr_resvalid,https://ec.europa.eu/eurostat/databrowser/view/migr_resvalid/default/table?lang=en,
C Eligible pipeline,s.15 / s.16A,Valid residence permits on 31 Dec - family reasons,2023,55755,persons,Eurostat migr_resvalid,https://ec.europa.eu/eurostat/databrowser/view/migr_resvalid/default/table?lang=en,
C Eligible pipeline,s.15 / s.16A,Valid residence permits on 31 Dec - family reasons,2024,57252,persons,Eurostat migr_resvalid,https://ec.europa.eu/eurostat/databrowser/view/migr_resvalid/default/table?lang=en,
C Eligible pipeline,s.15 / s.16A,Valid residence permits on 31 Dec - family reasons,2025,56972,persons,Eurostat migr_resvalid,https://ec.europa.eu/eurostat/databrowser/view/migr_resvalid/default/table?lang=en,
C Eligible pipeline,s.15 / s.16A,Valid residence permits on 31 Dec - education reasons,2015,43540,persons,Eurostat migr_resvalid,https://ec.europa.eu/eurostat/databrowser/view/migr_resvalid/default/table?lang=en,education permissions are already non-reckonable (s.16A)
C Eligible pipeline,s.15 / s.16A,Valid residence permits on 31 Dec - education reasons,2016,35323,persons,Eurostat migr_resvalid,https://ec.europa.eu/eurostat/databrowser/view/migr_resvalid/default/table?lang=en,education permissions are already non-reckonable (s.16A)
C Eligible pipeline,s.15 / s.16A,Valid residence permits on 31 Dec - education reasons,2017,39779,persons,Eurostat migr_resvalid,https://ec.europa.eu/eurostat/databrowser/view/migr_resvalid/default/table?lang=en,education permissions are already non-reckonable (s.16A)
C Eligible pipeline,s.15 / s.16A,Valid residence permits on 31 Dec - education reasons,2018,43724,persons,Eurostat migr_resvalid,https://ec.europa.eu/eurostat/databrowser/view/migr_resvalid/default/table?lang=en,education permissions are already non-reckonable (s.16A)
C Eligible pipeline,s.15 / s.16A,Valid residence permits on 31 Dec - education reasons,2019,50946,persons,Eurostat migr_resvalid,https://ec.europa.eu/eurostat/databrowser/view/migr_resvalid/default/table?lang=en,education permissions are already non-reckonable (s.16A)
C Eligible pipeline,s.15 / s.16A,Valid residence permits on 31 Dec - education reasons,2020,33831,persons,Eurostat migr_resvalid,https://ec.europa.eu/eurostat/databrowser/view/migr_resvalid/default/table?lang=en,education permissions are already non-reckonable (s.16A)
C Eligible pipeline,s.15 / s.16A,Valid residence permits on 31 Dec - education reasons,2021,34055,persons,Eurostat migr_resvalid,https://ec.europa.eu/eurostat/databrowser/view/migr_resvalid/default/table?lang=en,education permissions are already non-reckonable (s.16A)
C Eligible pipeline,s.15 / s.16A,Valid residence permits on 31 Dec - education reasons,2022,52449,persons,Eurostat migr_resvalid,https://ec.europa.eu/eurostat/databrowser/view/migr_resvalid/default/table?lang=en,education permissions are already non-reckonable (s.16A)
C Eligible pipeline,s.15 / s.16A,Valid residence permits on 31 Dec - education reasons,2023,61553,persons,Eurostat migr_resvalid,https://ec.europa.eu/eurostat/databrowser/view/migr_resvalid/default/table?lang=en,education permissions are already non-reckonable (s.16A)
C Eligible pipeline,s.15 / s.16A,Valid residence permits on 31 Dec - education reasons,2024,68253,persons,Eurostat migr_resvalid,https://ec.europa.eu/eurostat/databrowser/view/migr_resvalid/default/table?lang=en,education permissions are already non-reckonable (s.16A)
C Eligible pipeline,s.15 / s.16A,Valid residence permits on 31 Dec - education reasons,2025,62997,persons,Eurostat migr_resvalid,https://ec.europa.eu/eurostat/databrowser/view/migr_resvalid/default/table?lang=en,education permissions are already non-reckonable (s.16A)
C Eligible pipeline,s.15 / s.16A,Valid residence permits on 31 Dec - employment reasons,2015,17947,persons,Eurostat migr_resvalid,https://ec.europa.eu/eurostat/databrowser/view/migr_resvalid/default/table?lang=en,
C Eligible pipeline,s.15 / s.16A,Valid residence permits on 31 Dec - employment reasons,2016,20973,persons,Eurostat migr_resvalid,https://ec.europa.eu/eurostat/databrowser/view/migr_resvalid/default/table?lang=en,
C Eligible pipeline,s.15 / s.16A,Valid residence permits on 31 Dec - employment reasons,2017,26133,persons,Eurostat migr_resvalid,https://ec.europa.eu/eurostat/databrowser/view/migr_resvalid/default/table?lang=en,
C Eligible pipeline,s.15 / s.16A,Valid residence permits on 31 Dec - employment reasons,2018,30811,persons,Eurostat migr_resvalid,https://ec.europa.eu/eurostat/databrowser/view/migr_resvalid/default/table?lang=en,
C Eligible pipeline,s.15 / s.16A,Valid residence permits on 31 Dec - employment reasons,2019,39404,persons,Eurostat migr_resvalid,https://ec.europa.eu/eurostat/databrowser/view/migr_resvalid/default/table?lang=en,
C Eligible pipeline,s.15 / s.16A,Valid residence permits on 31 Dec - employment reasons,2020,40867,persons,Eurostat migr_resvalid,https://ec.europa.eu/eurostat/databrowser/view/migr_resvalid/default/table?lang=en,
C Eligible pipeline,s.15 / s.16A,Valid residence permits on 31 Dec - employment reasons,2021,45409,persons,Eurostat migr_resvalid,https://ec.europa.eu/eurostat/databrowser/view/migr_resvalid/default/table?lang=en,
C Eligible pipeline,s.15 / s.16A,Valid residence permits on 31 Dec - employment reasons,2022,62200,persons,Eurostat migr_resvalid,https://ec.europa.eu/eurostat/databrowser/view/migr_resvalid/default/table?lang=en,
C Eligible pipeline,s.15 / s.16A,Valid residence permits on 31 Dec - employment reasons,2023,85317,persons,Eurostat migr_resvalid,https://ec.europa.eu/eurostat/databrowser/view/migr_resvalid/default/table?lang=en,
C Eligible pipeline,s.15 / s.16A,Valid residence permits on 31 Dec - employment reasons,2024,96037,persons,Eurostat migr_resvalid,https://ec.europa.eu/eurostat/databrowser/view/migr_resvalid/default/table?lang=en,
C Eligible pipeline,s.15 / s.16A,Valid residence permits on 31 Dec - employment reasons,2025,96023,persons,Eurostat migr_resvalid,https://ec.europa.eu/eurostat/databrowser/view/migr_resvalid/default/table?lang=en,
C Eligible pipeline,s.15 / s.16A,Valid residence permits on 31 Dec - refugee status,2015,976,persons,Eurostat migr_resvalid,https://ec.europa.eu/eurostat/databrowser/view/migr_resvalid/default/table?lang=en,
C Eligible pipeline,s.15 / s.16A,Valid residence permits on 31 Dec - refugee status,2016,1117,persons,Eurostat migr_resvalid,https://ec.europa.eu/eurostat/databrowser/view/migr_resvalid/default/table?lang=en,
C Eligible pipeline,s.15 / s.16A,Valid residence permits on 31 Dec - refugee status,2017,1420,persons,Eurostat migr_resvalid,https://ec.europa.eu/eurostat/databrowser/view/migr_resvalid/default/table?lang=en,
C Eligible pipeline,s.15 / s.16A,Valid residence permits on 31 Dec - refugee status,2018,1821,persons,Eurostat migr_resvalid,https://ec.europa.eu/eurostat/databrowser/view/migr_resvalid/default/table?lang=en,
C Eligible pipeline,s.15 / s.16A,Valid residence permits on 31 Dec - refugee status,2019,2406,persons,Eurostat migr_resvalid,https://ec.europa.eu/eurostat/databrowser/view/migr_resvalid/default/table?lang=en,
C Eligible pipeline,s.15 / s.16A,Valid residence permits on 31 Dec - refugee status,2020,2922,persons,Eurostat migr_resvalid,https://ec.europa.eu/eurostat/databrowser/view/migr_resvalid/default/table?lang=en,
C Eligible pipeline,s.15 / s.16A,Valid residence permits on 31 Dec - refugee status,2021,3508,persons,Eurostat migr_resvalid,https://ec.europa.eu/eurostat/databrowser/view/migr_resvalid/default/table?lang=en,
C Eligible pipeline,s.15 / s.16A,Valid residence permits on 31 Dec - refugee status,2022,5297,persons,Eurostat migr_resvalid,https://ec.europa.eu/eurostat/databrowser/view/migr_resvalid/default/table?lang=en,
C Eligible pipeline,s.15 / s.16A,Valid residence permits on 31 Dec - refugee status,2023,6858,persons,Eurostat migr_resvalid,https://ec.europa.eu/eurostat/databrowser/view/migr_resvalid/default/table?lang=en,
C Eligible pipeline,s.15 / s.16A,Valid residence permits on 31 Dec - refugee status,2024,9056,persons,Eurostat migr_resvalid,https://ec.europa.eu/eurostat/databrowser/view/migr_resvalid/default/table?lang=en,
C Eligible pipeline,s.15 / s.16A,Valid residence permits on 31 Dec - refugee status,2025,10863,persons,Eurostat migr_resvalid,https://ec.europa.eu/eurostat/databrowser/view/migr_resvalid/default/table?lang=en,
C Eligible pipeline,s.15 / s.16A,Valid residence permits on 31 Dec - subsidiary protection status,2015,454,persons,Eurostat migr_resvalid,https://ec.europa.eu/eurostat/databrowser/view/migr_resvalid/default/table?lang=en,
C Eligible pipeline,s.15 / s.16A,Valid residence permits on 31 Dec - subsidiary protection status,2016,542,persons,Eurostat migr_resvalid,https://ec.europa.eu/eurostat/databrowser/view/migr_resvalid/default/table?lang=en,
C Eligible pipeline,s.15 / s.16A,Valid residence permits on 31 Dec - subsidiary protection status,2017,563,persons,Eurostat migr_resvalid,https://ec.europa.eu/eurostat/databrowser/view/migr_resvalid/default/table?lang=en,
C Eligible pipeline,s.15 / s.16A,Valid residence permits on 31 Dec - subsidiary protection status,2018,718,persons,Eurostat migr_resvalid,https://ec.europa.eu/eurostat/databrowser/view/migr_resvalid/default/table?lang=en,
C Eligible pipeline,s.15 / s.16A,Valid residence permits on 31 Dec - subsidiary protection status,2019,805,persons,Eurostat migr_resvalid,https://ec.europa.eu/eurostat/databrowser/view/migr_resvalid/default/table?lang=en,
C Eligible pipeline,s.15 / s.16A,Valid residence permits on 31 Dec - subsidiary protection status,2020,896,persons,Eurostat migr_resvalid,https://ec.europa.eu/eurostat/databrowser/view/migr_resvalid/default/table?lang=en,
C Eligible pipeline,s.15 / s.16A,Valid residence permits on 31 Dec - subsidiary protection status,2021,940,persons,Eurostat migr_resvalid,https://ec.europa.eu/eurostat/databrowser/view/migr_resvalid/default/table?lang=en,
C Eligible pipeline,s.15 / s.16A,Valid residence permits on 31 Dec - subsidiary protection status,2022,710,persons,Eurostat migr_resvalid,https://ec.europa.eu/eurostat/databrowser/view/migr_resvalid/default/table?lang=en,
C Eligible pipeline,s.15 / s.16A,Valid residence permits on 31 Dec - subsidiary protection status,2023,819,persons,Eurostat migr_resvalid,https://ec.europa.eu/eurostat/databrowser/view/migr_resvalid/default/table?lang=en,
C Eligible pipeline,s.15 / s.16A,Valid residence permits on 31 Dec - subsidiary protection status,2024,1023,persons,Eurostat migr_resvalid,https://ec.europa.eu/eurostat/databrowser/view/migr_resvalid/default/table?lang=en,
C Eligible pipeline,s.15 / s.16A,Valid residence permits on 31 Dec - subsidiary protection status,2025,1231,persons,Eurostat migr_resvalid,https://ec.europa.eu/eurostat/databrowser/view/migr_resvalid/default/table?lang=en,
C Eligible pipeline,s.15 / s.16A,Valid residence permits on 31 Dec - other reason,2015,25365,persons,Eurostat migr_resvalid,https://ec.europa.eu/eurostat/databrowser/view/migr_resvalid/default/table?lang=en,
C Eligible pipeline,s.15 / s.16A,Valid residence permits on 31 Dec - other reason,2016,25729,persons,Eurostat migr_resvalid,https://ec.europa.eu/eurostat/databrowser/view/migr_resvalid/default/table?lang=en,
C Eligible pipeline,s.15 / s.16A,Valid residence permits on 31 Dec - other reason,2017,29987,persons,Eurostat migr_resvalid,https://ec.europa.eu/eurostat/databrowser/view/migr_resvalid/default/table?lang=en,
C Eligible pipeline,s.15 / s.16A,Valid residence permits on 31 Dec - other reason,2018,34038,persons,Eurostat migr_resvalid,https://ec.europa.eu/eurostat/databrowser/view/migr_resvalid/default/table?lang=en,
C Eligible pipeline,s.15 / s.16A,Valid residence permits on 31 Dec - other reason,2019,40419,persons,Eurostat migr_resvalid,https://ec.europa.eu/eurostat/databrowser/view/migr_resvalid/default/table?lang=en,
C Eligible pipeline,s.15 / s.16A,Valid residence permits on 31 Dec - other reason,2020,43580,persons,Eurostat migr_resvalid,https://ec.europa.eu/eurostat/databrowser/view/migr_resvalid/default/table?lang=en,
C Eligible pipeline,s.15 / s.16A,Valid residence permits on 31 Dec - other reason,2021,50335,persons,Eurostat migr_resvalid,https://ec.europa.eu/eurostat/databrowser/view/migr_resvalid/default/table?lang=en,
C Eligible pipeline,s.15 / s.16A,Valid residence permits on 31 Dec - other reason,2022,60547,persons,Eurostat migr_resvalid,https://ec.europa.eu/eurostat/databrowser/view/migr_resvalid/default/table?lang=en,
C Eligible pipeline,s.15 / s.16A,Valid residence permits on 31 Dec - other reason,2023,79130,persons,Eurostat migr_resvalid,https://ec.europa.eu/eurostat/databrowser/view/migr_resvalid/default/table?lang=en,
C Eligible pipeline,s.15 / s.16A,Valid residence permits on 31 Dec - other reason,2024,95775,persons,Eurostat migr_resvalid,https://ec.europa.eu/eurostat/databrowser/view/migr_resvalid/default/table?lang=en,
C Eligible pipeline,s.15 / s.16A,Valid residence permits on 31 Dec - other reason,2025,103537,persons,Eurostat migr_resvalid,https://ec.europa.eu/eurostat/databrowser/view/migr_resvalid/default/table?lang=en,
C Eligible pipeline,s.15 residence 5->8,Long-term residents on 31 Dec - total,2015,2019,persons,Eurostat migr_reslong,https://ec.europa.eu/eurostat/databrowser/view/migr_reslong/default/table?lang=en,Ireland does not apply the EU long-term residence directive; national framework = long-term residence permissions
C Eligible pipeline,s.15 residence 5->8,Long-term residents on 31 Dec - total,2016,1473,persons,Eurostat migr_reslong,https://ec.europa.eu/eurostat/databrowser/view/migr_reslong/default/table?lang=en,Ireland does not apply the EU long-term residence directive; national framework = long-term residence permissions
C Eligible pipeline,s.15 residence 5->8,Long-term residents on 31 Dec - total,2017,1484,persons,Eurostat migr_reslong,https://ec.europa.eu/eurostat/databrowser/view/migr_reslong/default/table?lang=en,Ireland does not apply the EU long-term residence directive; national framework = long-term residence permissions
C Eligible pipeline,s.15 residence 5->8,Long-term residents on 31 Dec - total,2018,1272,persons,Eurostat migr_reslong,https://ec.europa.eu/eurostat/databrowser/view/migr_reslong/default/table?lang=en,Ireland does not apply the EU long-term residence directive; national framework = long-term residence permissions
C Eligible pipeline,s.15 residence 5->8,Long-term residents on 31 Dec - total,2019,1125,persons,Eurostat migr_reslong,https://ec.europa.eu/eurostat/databrowser/view/migr_reslong/default/table?lang=en,Ireland does not apply the EU long-term residence directive; national framework = long-term residence permissions
C Eligible pipeline,s.15 residence 5->8,Long-term residents on 31 Dec - total,2020,1051,persons,Eurostat migr_reslong,https://ec.europa.eu/eurostat/databrowser/view/migr_reslong/default/table?lang=en,Ireland does not apply the EU long-term residence directive; national framework = long-term residence permissions
C Eligible pipeline,s.15 residence 5->8,Long-term residents on 31 Dec - total,2021,1219,persons,Eurostat migr_reslong,https://ec.europa.eu/eurostat/databrowser/view/migr_reslong/default/table?lang=en,Ireland does not apply the EU long-term residence directive; national framework = long-term residence permissions
C Eligible pipeline,s.15 residence 5->8,Long-term residents on 31 Dec - total,2022,1450,persons,Eurostat migr_reslong,https://ec.europa.eu/eurostat/databrowser/view/migr_reslong/default/table?lang=en,Ireland does not apply the EU long-term residence directive; national framework = long-term residence permissions
C Eligible pipeline,s.15 residence 5->8,Long-term residents on 31 Dec - total,2023,1606,persons,Eurostat migr_reslong,https://ec.europa.eu/eurostat/databrowser/view/migr_reslong/default/table?lang=en,Ireland does not apply the EU long-term residence directive; national framework = long-term residence permissions
C Eligible pipeline,s.15 residence 5->8,Long-term residents on 31 Dec - total,2024,1717,persons,Eurostat migr_reslong,https://ec.europa.eu/eurostat/databrowser/view/migr_reslong/default/table?lang=en,Ireland does not apply the EU long-term residence directive; national framework = long-term residence permissions
C Eligible pipeline,s.15 residence 5->8,Long-term residents on 31 Dec - total,2025,1731,persons,Eurostat migr_reslong,https://ec.europa.eu/eurostat/databrowser/view/migr_reslong/default/table?lang=en,Ireland does not apply the EU long-term residence directive; national framework = long-term residence permissions
C Eligible pipeline,s.15 residence 5->8,Long-term residents on 31 Dec - eu framework,2016,0,persons,Eurostat migr_reslong,https://ec.europa.eu/eurostat/databrowser/view/migr_reslong/default/table?lang=en,Ireland does not apply the EU long-term residence directive; national framework = long-term residence permissions
C Eligible pipeline,s.15 residence 5->8,Long-term residents on 31 Dec - eu framework,2017,0,persons,Eurostat migr_reslong,https://ec.europa.eu/eurostat/databrowser/view/migr_reslong/default/table?lang=en,Ireland does not apply the EU long-term residence directive; national framework = long-term residence permissions
C Eligible pipeline,s.15 residence 5->8,Long-term residents on 31 Dec - eu framework,2018,0,persons,Eurostat migr_reslong,https://ec.europa.eu/eurostat/databrowser/view/migr_reslong/default/table?lang=en,Ireland does not apply the EU long-term residence directive; national framework = long-term residence permissions
C Eligible pipeline,s.15 residence 5->8,Long-term residents on 31 Dec - eu framework,2019,0,persons,Eurostat migr_reslong,https://ec.europa.eu/eurostat/databrowser/view/migr_reslong/default/table?lang=en,Ireland does not apply the EU long-term residence directive; national framework = long-term residence permissions
C Eligible pipeline,s.15 residence 5->8,Long-term residents on 31 Dec - eu framework,2020,0,persons,Eurostat migr_reslong,https://ec.europa.eu/eurostat/databrowser/view/migr_reslong/default/table?lang=en,Ireland does not apply the EU long-term residence directive; national framework = long-term residence permissions
C Eligible pipeline,s.15 residence 5->8,Long-term residents on 31 Dec - eu framework,2021,0,persons,Eurostat migr_reslong,https://ec.europa.eu/eurostat/databrowser/view/migr_reslong/default/table?lang=en,Ireland does not apply the EU long-term residence directive; national framework = long-term residence permissions
C Eligible pipeline,s.15 residence 5->8,Long-term residents on 31 Dec - eu framework,2022,0,persons,Eurostat migr_reslong,https://ec.europa.eu/eurostat/databrowser/view/migr_reslong/default/table?lang=en,Ireland does not apply the EU long-term residence directive; national framework = long-term residence permissions
C Eligible pipeline,s.15 residence 5->8,Long-term residents on 31 Dec - eu framework,2023,0,persons,Eurostat migr_reslong,https://ec.europa.eu/eurostat/databrowser/view/migr_reslong/default/table?lang=en,Ireland does not apply the EU long-term residence directive; national framework = long-term residence permissions
C Eligible pipeline,s.15 residence 5->8,Long-term residents on 31 Dec - eu framework,2024,0,persons,Eurostat migr_reslong,https://ec.europa.eu/eurostat/databrowser/view/migr_reslong/default/table?lang=en,Ireland does not apply the EU long-term residence directive; national framework = long-term residence permissions
C Eligible pipeline,s.15 residence 5->8,Long-term residents on 31 Dec - eu framework,2025,0,persons,Eurostat migr_reslong,https://ec.europa.eu/eurostat/databrowser/view/migr_reslong/default/table?lang=en,Ireland does not apply the EU long-term residence directive; national framework = long-term residence permissions
C Eligible pipeline,s.15 residence 5->8,Long-term residents on 31 Dec - national framework,2015,2019,persons,Eurostat migr_reslong,https://ec.europa.eu/eurostat/databrowser/view/migr_reslong/default/table?lang=en,Ireland does not apply the EU long-term residence directive; national framework = long-term residence permissions
C Eligible pipeline,s.15 residence 5->8,Long-term residents on 31 Dec - national framework,2016,1473,persons,Eurostat migr_reslong,https://ec.europa.eu/eurostat/databrowser/view/migr_reslong/default/table?lang=en,Ireland does not apply the EU long-term residence directive; national framework = long-term residence permissions
C Eligible pipeline,s.15 residence 5->8,Long-term residents on 31 Dec - national framework,2017,1484,persons,Eurostat migr_reslong,https://ec.europa.eu/eurostat/databrowser/view/migr_reslong/default/table?lang=en,Ireland does not apply the EU long-term residence directive; national framework = long-term residence permissions
C Eligible pipeline,s.15 residence 5->8,Long-term residents on 31 Dec - national framework,2018,1272,persons,Eurostat migr_reslong,https://ec.europa.eu/eurostat/databrowser/view/migr_reslong/default/table?lang=en,Ireland does not apply the EU long-term residence directive; national framework = long-term residence permissions
C Eligible pipeline,s.15 residence 5->8,Long-term residents on 31 Dec - national framework,2019,1125,persons,Eurostat migr_reslong,https://ec.europa.eu/eurostat/databrowser/view/migr_reslong/default/table?lang=en,Ireland does not apply the EU long-term residence directive; national framework = long-term residence permissions
C Eligible pipeline,s.15 residence 5->8,Long-term residents on 31 Dec - national framework,2020,1051,persons,Eurostat migr_reslong,https://ec.europa.eu/eurostat/databrowser/view/migr_reslong/default/table?lang=en,Ireland does not apply the EU long-term residence directive; national framework = long-term residence permissions
C Eligible pipeline,s.15 residence 5->8,Long-term residents on 31 Dec - national framework,2021,1219,persons,Eurostat migr_reslong,https://ec.europa.eu/eurostat/databrowser/view/migr_reslong/default/table?lang=en,Ireland does not apply the EU long-term residence directive; national framework = long-term residence permissions
C Eligible pipeline,s.15 residence 5->8,Long-term residents on 31 Dec - national framework,2022,1450,persons,Eurostat migr_reslong,https://ec.europa.eu/eurostat/databrowser/view/migr_reslong/default/table?lang=en,Ireland does not apply the EU long-term residence directive; national framework = long-term residence permissions
C Eligible pipeline,s.15 residence 5->8,Long-term residents on 31 Dec - national framework,2023,1606,persons,Eurostat migr_reslong,https://ec.europa.eu/eurostat/databrowser/view/migr_reslong/default/table?lang=en,Ireland does not apply the EU long-term residence directive; national framework = long-term residence permissions
C Eligible pipeline,s.15 residence 5->8,Long-term residents on 31 Dec - national framework,2024,1717,persons,Eurostat migr_reslong,https://ec.europa.eu/eurostat/databrowser/view/migr_reslong/default/table?lang=en,Ireland does not apply the EU long-term residence directive; national framework = long-term residence permissions
C Eligible pipeline,s.15 residence 5->8,Long-term residents on 31 Dec - national framework,2025,1731,persons,Eurostat migr_reslong,https://ec.europa.eu/eurostat/databrowser/view/migr_reslong/default/table?lang=en,Ireland does not apply the EU long-term residence directive; national framework = long-term residence permissions
D Non-reckonable residence,s.16A(1)(e)-(f) - temporary protection,"Temporary protection granted to arrivals from Ukraine, cumulative",2026 August 27,129161,persons,CSO UA37 via data.gov.ie,https://data.gov.ie/dataset/ua37-temporary-protection-granted-to-arrivals-from-ukraine,all of this residence would become non-reckonable
D Non-reckonable residence,s.16A(1)(e)-(f) - temporary protection,Temporary protection granted in the year to April,2022,24371,persons,CSO UA37 (derived),https://data.gov.ie/dataset/ua37-temporary-protection-granted-to-arrivals-from-ukraine,
D Non-reckonable residence,s.16A(1)(e)-(f) - temporary protection,Temporary protection granted in the year to April,2023,55623,persons,CSO UA37 (derived),https://data.gov.ie/dataset/ua37-temporary-protection-granted-to-arrivals-from-ukraine,
D Non-reckonable residence,s.16A(1)(e)-(f) - temporary protection,Temporary protection granted in the year to April,2024,25786,persons,CSO UA37 (derived),https://data.gov.ie/dataset/ua37-temporary-protection-granted-to-arrivals-from-ukraine,
D Non-reckonable residence,s.16A(1)(e)-(f) - temporary protection,Temporary protection granted in the year to April,2025,9239,persons,CSO UA37 (derived),https://data.gov.ie/dataset/ua37-temporary-protection-granted-to-arrivals-from-ukraine,
D Non-reckonable residence,s.16A(1)(e)-(f) - temporary protection,Temporary protection granted in the year to April,2026,11624,persons,CSO UA37 (derived),https://data.gov.ie/dataset/ua37-temporary-protection-granted-to-arrivals-from-ukraine,
D Non-reckonable residence,s.16A(1)(g)-(j) - refused EU Treaty Rights,EU Treaty Rights residence cards (EU1) granted,2017,2401,applications,Dept of Justice via data.gov.ie,https://data.gov.ie/dataset/eu-treaty-rights-applications-and-decisions-by-year-and-month,
D Non-reckonable residence,s.16A(1)(g)-(j) - refused EU Treaty Rights,EU Treaty Rights residence cards (EU1) granted,2018,2532,applications,Dept of Justice via data.gov.ie,https://data.gov.ie/dataset/eu-treaty-rights-applications-and-decisions-by-year-and-month,
D Non-reckonable residence,s.16A(1)(g)-(j) - refused EU Treaty Rights,EU Treaty Rights residence cards (EU1) granted,2019,4054,applications,Dept of Justice via data.gov.ie,https://data.gov.ie/dataset/eu-treaty-rights-applications-and-decisions-by-year-and-month,
D Non-reckonable residence,s.16A(1)(g)-(j) - refused EU Treaty Rights,EU Treaty Rights residence cards (EU1) granted,2020,1499,applications,Dept of Justice via data.gov.ie,https://data.gov.ie/dataset/eu-treaty-rights-applications-and-decisions-by-year-and-month,
D Non-reckonable residence,s.16A(1)(g)-(j) - refused EU Treaty Rights,EU Treaty Rights residence cards (EU1) granted,2021,2893,applications,Dept of Justice via data.gov.ie,https://data.gov.ie/dataset/eu-treaty-rights-applications-and-decisions-by-year-and-month,
D Non-reckonable residence,s.16A(1)(g)-(j) - refused EU Treaty Rights,EU Treaty Rights residence cards (EU1) granted,2022,3448,applications,Dept of Justice via data.gov.ie,https://data.gov.ie/dataset/eu-treaty-rights-applications-and-decisions-by-year-and-month,
D Non-reckonable residence,s.16A(1)(g)-(j) - refused EU Treaty Rights,EU Treaty Rights residence cards (EU1) granted,2023,4580,applications,Dept of Justice via data.gov.ie,https://data.gov.ie/dataset/eu-treaty-rights-applications-and-decisions-by-year-and-month,
D Non-reckonable residence,s.16A(1)(g)-(j) - refused EU Treaty Rights,EU Treaty Rights residence cards (EU1) granted,2024,4155,applications,Dept of Justice via data.gov.ie,https://data.gov.ie/dataset/eu-treaty-rights-applications-and-decisions-by-year-and-month,
D Non-reckonable residence,s.16A(1)(g)-(j) - refused EU Treaty Rights,EU Treaty Rights residence cards (EU1) granted,2025,4506,applications,Dept of Justice via data.gov.ie,https://data.gov.ie/dataset/eu-treaty-rights-applications-and-decisions-by-year-and-month,
D Non-reckonable residence,s.16A(1)(g)-(j) - refused EU Treaty Rights,EU Treaty Rights residence cards (EU1) granted,2026,1364,applications,Dept of Justice via data.gov.ie,https://data.gov.ie/dataset/eu-treaty-rights-applications-and-decisions-by-year-and-month,; 2026 part-year
D Non-reckonable residence,s.16A(1)(g)-(j) - refused EU Treaty Rights,EU Treaty Rights residence cards (EU1) received,2017,3767,applications,Dept of Justice via data.gov.ie,https://data.gov.ie/dataset/eu-treaty-rights-applications-and-decisions-by-year-and-month,
D Non-reckonable residence,s.16A(1)(g)-(j) - refused EU Treaty Rights,EU Treaty Rights residence cards (EU1) received,2018,3667,applications,Dept of Justice via data.gov.ie,https://data.gov.ie/dataset/eu-treaty-rights-applications-and-decisions-by-year-and-month,
D Non-reckonable residence,s.16A(1)(g)-(j) - refused EU Treaty Rights,EU Treaty Rights residence cards (EU1) received,2019,4145,applications,Dept of Justice via data.gov.ie,https://data.gov.ie/dataset/eu-treaty-rights-applications-and-decisions-by-year-and-month,
D Non-reckonable residence,s.16A(1)(g)-(j) - refused EU Treaty Rights,EU Treaty Rights residence cards (EU1) received,2020,2736,applications,Dept of Justice via data.gov.ie,https://data.gov.ie/dataset/eu-treaty-rights-applications-and-decisions-by-year-and-month,
D Non-reckonable residence,s.16A(1)(g)-(j) - refused EU Treaty Rights,EU Treaty Rights residence cards (EU1) received,2021,2463,applications,Dept of Justice via data.gov.ie,https://data.gov.ie/dataset/eu-treaty-rights-applications-and-decisions-by-year-and-month,
D Non-reckonable residence,s.16A(1)(g)-(j) - refused EU Treaty Rights,EU Treaty Rights residence cards (EU1) received,2022,4144,applications,Dept of Justice via data.gov.ie,https://data.gov.ie/dataset/eu-treaty-rights-applications-and-decisions-by-year-and-month,
D Non-reckonable residence,s.16A(1)(g)-(j) - refused EU Treaty Rights,EU Treaty Rights residence cards (EU1) received,2023,4276,applications,Dept of Justice via data.gov.ie,https://data.gov.ie/dataset/eu-treaty-rights-applications-and-decisions-by-year-and-month,
D Non-reckonable residence,s.16A(1)(g)-(j) - refused EU Treaty Rights,EU Treaty Rights residence cards (EU1) received,2024,5060,applications,Dept of Justice via data.gov.ie,https://data.gov.ie/dataset/eu-treaty-rights-applications-and-decisions-by-year-and-month,
D Non-reckonable residence,s.16A(1)(g)-(j) - refused EU Treaty Rights,EU Treaty Rights residence cards (EU1) received,2025,4689,applications,Dept of Justice via data.gov.ie,https://data.gov.ie/dataset/eu-treaty-rights-applications-and-decisions-by-year-and-month,
D Non-reckonable residence,s.16A(1)(g)-(j) - refused EU Treaty Rights,EU Treaty Rights residence cards (EU1) received,2026,424,applications,Dept of Justice via data.gov.ie,https://data.gov.ie/dataset/eu-treaty-rights-applications-and-decisions-by-year-and-month,; 2026 part-year
D Non-reckonable residence,s.16A(1)(g)-(j) - refused EU Treaty Rights,EU Treaty Rights residence cards (EU1) refused,2017,1563,applications,Dept of Justice via data.gov.ie,https://data.gov.ie/dataset/eu-treaty-rights-applications-and-decisions-by-year-and-month,refused cases are those whose temporary-permission time the Bill would make non-reckonable
D Non-reckonable residence,s.16A(1)(g)-(j) - refused EU Treaty Rights,EU Treaty Rights residence cards (EU1) refused,2018,975,applications,Dept of Justice via data.gov.ie,https://data.gov.ie/dataset/eu-treaty-rights-applications-and-decisions-by-year-and-month,refused cases are those whose temporary-permission time the Bill would make non-reckonable
D Non-reckonable residence,s.16A(1)(g)-(j) - refused EU Treaty Rights,EU Treaty Rights residence cards (EU1) refused,2019,735,applications,Dept of Justice via data.gov.ie,https://data.gov.ie/dataset/eu-treaty-rights-applications-and-decisions-by-year-and-month,refused cases are those whose temporary-permission time the Bill would make non-reckonable
D Non-reckonable residence,s.16A(1)(g)-(j) - refused EU Treaty Rights,EU Treaty Rights residence cards (EU1) refused,2020,232,applications,Dept of Justice via data.gov.ie,https://data.gov.ie/dataset/eu-treaty-rights-applications-and-decisions-by-year-and-month,refused cases are those whose temporary-permission time the Bill would make non-reckonable
D Non-reckonable residence,s.16A(1)(g)-(j) - refused EU Treaty Rights,EU Treaty Rights residence cards (EU1) refused,2021,460,applications,Dept of Justice via data.gov.ie,https://data.gov.ie/dataset/eu-treaty-rights-applications-and-decisions-by-year-and-month,refused cases are those whose temporary-permission time the Bill would make non-reckonable
D Non-reckonable residence,s.16A(1)(g)-(j) - refused EU Treaty Rights,EU Treaty Rights residence cards (EU1) refused,2022,563,applications,Dept of Justice via data.gov.ie,https://data.gov.ie/dataset/eu-treaty-rights-applications-and-decisions-by-year-and-month,refused cases are those whose temporary-permission time the Bill would make non-reckonable
D Non-reckonable residence,s.16A(1)(g)-(j) - refused EU Treaty Rights,EU Treaty Rights residence cards (EU1) refused,2023,475,applications,Dept of Justice via data.gov.ie,https://data.gov.ie/dataset/eu-treaty-rights-applications-and-decisions-by-year-and-month,refused cases are those whose temporary-permission time the Bill would make non-reckonable
D Non-reckonable residence,s.16A(1)(g)-(j) - refused EU Treaty Rights,EU Treaty Rights residence cards (EU1) refused,2024,340,applications,Dept of Justice via data.gov.ie,https://data.gov.ie/dataset/eu-treaty-rights-applications-and-decisions-by-year-and-month,refused cases are those whose temporary-permission time the Bill would make non-reckonable
D Non-reckonable residence,s.16A(1)(g)-(j) - refused EU Treaty Rights,EU Treaty Rights residence cards (EU1) refused,2025,551,applications,Dept of Justice via data.gov.ie,https://data.gov.ie/dataset/eu-treaty-rights-applications-and-decisions-by-year-and-month,refused cases are those whose temporary-permission time the Bill would make non-reckonable
D Non-reckonable residence,s.16A(1)(g)-(j) - refused EU Treaty Rights,EU Treaty Rights residence cards (EU1) refused,2026,253,applications,Dept of Justice via data.gov.ie,https://data.gov.ie/dataset/eu-treaty-rights-applications-and-decisions-by-year-and-month,refused cases are those whose temporary-permission time the Bill would make non-reckonable; 2026 part-year
E Self-sufficiency,"s.15(1)(f), s.15F","Receiving any unemployment, disability or family/children payment - Irish-born",2014,69,%,"ESRI RS229 Table 4.1 (SILC, aged 15-65)",https://doi.org/10.26504/rs229,family payments include universal Child Benefit
E Self-sufficiency,"s.15(1)(f), s.15F","Receiving any unemployment, disability or family/children payment - born abroad",2014,76,%,"ESRI RS229 Table 4.1 (SILC, aged 15-65)",https://doi.org/10.26504/rs229,family payments include universal Child Benefit
E Self-sufficiency,"s.15(1)(f), s.15F","Receiving any unemployment, disability or family/children payment - Irish-born",2019,65,%,"ESRI RS229 Table 4.1 (SILC, aged 15-65)",https://doi.org/10.26504/rs229,family payments include universal Child Benefit
E Self-sufficiency,"s.15(1)(f), s.15F","Receiving any unemployment, disability or family/children payment - born abroad",2019,71,%,"ESRI RS229 Table 4.1 (SILC, aged 15-65)",https://doi.org/10.26504/rs229,family payments include universal Child Benefit
E Self-sufficiency,"s.15(1)(f), s.15F","Receiving any unemployment, disability or family/children payment - Irish-born",2024,56,%,"ESRI RS229 Table 4.1 (SILC, aged 15-65)",https://doi.org/10.26504/rs229,family payments include universal Child Benefit
E Self-sufficiency,"s.15(1)(f), s.15F","Receiving any unemployment, disability or family/children payment - born abroad",2024,61,%,"ESRI RS229 Table 4.1 (SILC, aged 15-65)",https://doi.org/10.26504/rs229,family payments include universal Child Benefit
E Self-sufficiency,s.15F income floor,Active General Employment Permits issued after the Jan 2024 threshold rise,2025,21600,permits,DETE MAR roadmap review 2025,https://enterprise.gov.ie/en/publications/publication-files/employment-permits-minimum-annual-remuneration-outcome-of-the-roadmap-review-2025.pdf,
E Self-sufficiency,s.15F income floor,"Share of those GEPs with salary below €44,000",2025,86.5,%,DETE MAR roadmap review 2025,https://enterprise.gov.ie/en/publications/publication-files/employment-permits-minimum-annual-remuneration-outcome-of-the-roadmap-review-2025.pdf,"€44,000 gross is c. the Working Family Payment threshold for one child"
E Self-sufficiency,s.15F income floor,Permits issued at sub-standard minimum remuneration,2024,7700,permits,DETE MAR roadmap review 2025,https://enterprise.gov.ie/en/publications/publication-files/employment-permits-minimum-annual-remuneration-outcome-of-the-roadmap-review-2025.pdf,20% of all permits issued
F Language test,s.15(1)(h),Speak English not well / not at all - Poland,2022,15.6,% of those speaking another language at home,CSO F5015 (Census 2022),https://data.cso.ie/table/F5015,"base: 79,680 persons"
F Language test,s.15(1)(h),Speak English not well / not at all - European countries excl Ireland,2022,12.9,% of those speaking another language at home,CSO F5015 (Census 2022),https://data.cso.ie/table/F5015,"base: 47,946 persons"
F Language test,s.15(1)(h),Speak English not well / not at all - India,2022,5.0,% of those speaking another language at home,CSO F5015 (Census 2022),https://data.cso.ie/table/F5015,"base: 37,420 persons"
F Language test,s.15(1)(h),Speak English not well / not at all - Romania,2022,22.9,% of those speaking another language at home,CSO F5015 (Census 2022),https://data.cso.ie/table/F5015,"base: 35,425 persons"
F Language test,s.15(1)(h),Speak English not well / not at all - Other Asia(1),2022,14.3,% of those speaking another language at home,CSO F5015 (Census 2022),https://data.cso.ie/table/F5015,"base: 33,333 persons"
F Language test,s.15(1)(h),Speak English not well / not at all - Lithuania,2022,19.0,% of those speaking another language at home,CSO F5015 (Census 2022),https://data.cso.ie/table/F5015,"base: 25,517 persons"
F Language test,s.15(1)(h),Speak English not well / not at all - Brazil,2022,20.5,% of those speaking another language at home,CSO F5015 (Census 2022),https://data.cso.ie/table/F5015,"base: 22,395 persons"
F Language test,s.15(1)(h),Speak English not well / not at all - Africa(1),2022,7.4,% of those speaking another language at home,CSO F5015 (Census 2022),https://data.cso.ie/table/F5015,"base: 21,464 persons"
F Language test,s.15(1)(h),Speak English not well / not at all - Latvia,2022,18.0,% of those speaking another language at home,CSO F5015 (Census 2022),https://data.cso.ie/table/F5015,"base: 14,865 persons"
F Language test,s.15(1)(h),Speak English not well / not at all - Italy,2022,6.1,% of those speaking another language at home,CSO F5015 (Census 2022),https://data.cso.ie/table/F5015,"base: 14,412 persons"
F Language test,s.15(1)(h),Speak English not well / not at all - Spain,2022,6.2,% of those speaking another language at home,CSO F5015 (Census 2022),https://data.cso.ie/table/F5015,"base: 14,063 persons"
F Language test,s.15(1)(h),Speak English not well / not at all - Croatia,2022,5.2,% of those speaking another language at home,CSO F5015 (Census 2022),https://data.cso.ie/table/F5015,"base: 11,634 persons"
F Language test,s.15(1)(h),Speak English not well / not at all - China,2022,25.4,% of those speaking another language at home,CSO F5015 (Census 2022),https://data.cso.ie/table/F5015,"base: 11,204 persons"
F Language test,s.15(1)(h),Speak English not well / not at all - France,2022,3.7,% of those speaking another language at home,CSO F5015 (Census 2022),https://data.cso.ie/table/F5015,"base: 10,121 persons"
F Language test,s.15(1)(h),Speak English not well / not at all - Multiple/Dual citizenship,2022,16.9,% of those speaking another language at home,CSO F5015 (Census 2022),https://data.cso.ie/table/F5015,"base: 9,731 persons"
F Language test,s.15(1)(h),Speak English not well / not at all - Germany,2022,3.1,% of those speaking another language at home,CSO F5015 (Census 2022),https://data.cso.ie/table/F5015,"base: 9,181 persons"
F Language test,s.15(1)(h),Speak English not well / not at all - Other America(1),2022,11.0,% of those speaking another language at home,CSO F5015 (Census 2022),https://data.cso.ie/table/F5015,"base: 8,458 persons"
F Language test,s.15(1)(h),Speak English not well / not at all - Ukraine,2022,49.8,% of those speaking another language at home,CSO F5015 (Census 2022),https://data.cso.ie/table/F5015,"base: 5,437 persons"
F Language test,s.15(1)(h),Speak English not well / not at all - United Kingdom of Great Britain and Northern Ireland (the),2022,6.7,% of those speaking another language at home,CSO F5015 (Census 2022),https://data.cso.ie/table/F5015,"base: 5,200 persons"
F Language test,s.15(1)(h),Speak English not well / not at all - No citizenship,2022,21.7,% of those speaking another language at home,CSO F5015 (Census 2022),https://data.cso.ie/table/F5015,"base: 4,538 persons"
F Language test,s.15(1)(h),Speak English not well / not at all - Citizenship not stated,2022,18.9,% of those speaking another language at home,CSO F5015 (Census 2022),https://data.cso.ie/table/F5015,"base: 3,902 persons"
F Language test,s.15(1)(h),Speak English not well / not at all - Other countries,2022,19.9,% of those speaking another language at home,CSO F5015 (Census 2022),https://data.cso.ie/table/F5015,"base: 2,524 persons"
F Language test,s.15(1)(h),Speak English not well / not at all - United States of America (the),2022,5.3,% of those speaking another language at home,CSO F5015 (Census 2022),https://data.cso.ie/table/F5015,"base: 1,428 persons"
F Language test,s.15(1)(h),Speak English not well / not at all - Australia,2022,4.2,% of those speaking another language at home,CSO F5015 (Census 2022),https://data.cso.ie/table/F5015,base: 237 persons
G Children born in Ireland,s.6B,Births Registered - mother's nationality: EU14 excl Irl (countries in the EU pre 2004 excluding UK & Ireland),2022,1310.0,births,CSO VSAS80,https://data.cso.ie/table/VSAS80,
G Children born in Ireland,s.6B,Births Registered - mother's nationality: EU15 to EU27 (accession countries joined post 2004),2022,4795.0,births,CSO VSAS80,https://data.cso.ie/table/VSAS80,
G Children born in Ireland,s.6B,Births Registered - mother's nationality: Irish,2022,43651.0,births,CSO VSAS80,https://data.cso.ie/table/VSAS80,
G Children born in Ireland,s.6B,Births Registered - mother's nationality: Other nationalities (7),2022,6688.0,births,CSO VSAS80,https://data.cso.ie/table/VSAS80,
G Children born in Ireland,s.6B,Births Registered - mother's nationality: UK,2022,1091.0,births,CSO VSAS80,https://data.cso.ie/table/VSAS80,
G Children born in Ireland,s.6B,Births Registered - mother's nationality: Not stated,2022,5.0,births,CSO VSAS80,https://data.cso.ie/table/VSAS80,
G Children born in Ireland,s.6B,Births Registered - mother's nationality: All nationalities,2022,57540.0,births,CSO VSAS80,https://data.cso.ie/table/VSAS80,
G Children born in Ireland,s.6B,Births Registered - mother's nationality: EU14 excl Irl (countries in the EU pre 2004 excluding UK & Ireland),2023,1301.0,births,CSO VSAS80,https://data.cso.ie/table/VSAS80,
G Children born in Ireland,s.6B,Births Registered - mother's nationality: EU15 to EU27 (accession countries joined post 2004),2023,4006.0,births,CSO VSAS80,https://data.cso.ie/table/VSAS80,
G Children born in Ireland,s.6B,Births Registered - mother's nationality: Irish,2023,40552.0,births,CSO VSAS80,https://data.cso.ie/table/VSAS80,
G Children born in Ireland,s.6B,Births Registered - mother's nationality: Other nationalities (7),2023,7755.0,births,CSO VSAS80,https://data.cso.ie/table/VSAS80,
G Children born in Ireland,s.6B,Births Registered - mother's nationality: UK,2023,1055.0,births,CSO VSAS80,https://data.cso.ie/table/VSAS80,
G Children born in Ireland,s.6B,Births Registered - mother's nationality: Not stated,2023,9.0,births,CSO VSAS80,https://data.cso.ie/table/VSAS80,
G Children born in Ireland,s.6B,Births Registered - mother's nationality: All nationalities,2023,54678.0,births,CSO VSAS80,https://data.cso.ie/table/VSAS80,
G Children born in Ireland,s.6B,Births Registered - mother's nationality: EU14 excl Irl (countries in the EU pre 2004 excluding UK & Ireland),2024,1395.0,births,CSO VSAS80,https://data.cso.ie/table/VSAS80,
G Children born in Ireland,s.6B,Births Registered - mother's nationality: EU15 to EU27 (accession countries joined post 2004),2024,3790.0,births,CSO VSAS80,https://data.cso.ie/table/VSAS80,
G Children born in Ireland,s.6B,Births Registered - mother's nationality: Irish,2024,39024.0,births,CSO VSAS80,https://data.cso.ie/table/VSAS80,
G Children born in Ireland,s.6B,Births Registered - mother's nationality: Other nationalities (7),2024,8663.0,births,CSO VSAS80,https://data.cso.ie/table/VSAS80,
G Children born in Ireland,s.6B,Births Registered - mother's nationality: UK,2024,888.0,births,CSO VSAS80,https://data.cso.ie/table/VSAS80,
G Children born in Ireland,s.6B,Births Registered - mother's nationality: Not stated,2024,302.0,births,CSO VSAS80,https://data.cso.ie/table/VSAS80,
G Children born in Ireland,s.6B,Births Registered - mother's nationality: All nationalities,2024,54062.0,births,CSO VSAS80,https://data.cso.ie/table/VSAS80,
G Children born in Ireland,s.6B,Births Registered - mother's nationality: EU14 excl Irl (countries in the EU pre 2004 excluding UK & Ireland),2025,1376.0,births,CSO VSAS80,https://data.cso.ie/table/VSAS80,2025 provisional
G Children born in Ireland,s.6B,Births Registered - mother's nationality: EU15 to EU27 (accession countries joined post 2004),2025,3291.0,births,CSO VSAS80,https://data.cso.ie/table/VSAS80,2025 provisional
G Children born in Ireland,s.6B,Births Registered - mother's nationality: Irish,2025,37982.0,births,CSO VSAS80,https://data.cso.ie/table/VSAS80,2025 provisional
G Children born in Ireland,s.6B,Births Registered - mother's nationality: Other nationalities (7),2025,10030.0,births,CSO VSAS80,https://data.cso.ie/table/VSAS80,2025 provisional
G Children born in Ireland,s.6B,Births Registered - mother's nationality: UK,2025,1009.0,births,CSO VSAS80,https://data.cso.ie/table/VSAS80,2025 provisional
G Children born in Ireland,s.6B,Births Registered - mother's nationality: Not stated,2025,437.0,births,CSO VSAS80,https://data.cso.ie/table/VSAS80,2025 provisional
G Children born in Ireland,s.6B,Births Registered - mother's nationality: All nationalities,2025,54125.0,births,CSO VSAS80,https://data.cso.ie/table/VSAS80,2025 provisional
G Children born in Ireland,s.6B,Percentage of all Births - mother's nationality: EU14 excl Irl (countries in the EU pre 2004 excluding UK & Ireland),2022,2.3,%,CSO VSAS80,https://data.cso.ie/table/VSAS80,
G Children born in Ireland,s.6B,Percentage of all Births - mother's nationality: EU15 to EU27 (accession countries joined post 2004),2022,8.3,%,CSO VSAS80,https://data.cso.ie/table/VSAS80,
G Children born in Ireland,s.6B,Percentage of all Births - mother's nationality: Irish,2022,75.9,%,CSO VSAS80,https://data.cso.ie/table/VSAS80,
G Children born in Ireland,s.6B,Percentage of all Births - mother's nationality: Other nationalities (7),2022,11.6,%,CSO VSAS80,https://data.cso.ie/table/VSAS80,
G Children born in Ireland,s.6B,Percentage of all Births - mother's nationality: UK,2022,1.9,%,CSO VSAS80,https://data.cso.ie/table/VSAS80,
G Children born in Ireland,s.6B,Percentage of all Births - mother's nationality: Not stated,2022,0.0,%,CSO VSAS80,https://data.cso.ie/table/VSAS80,
G Children born in Ireland,s.6B,Percentage of all Births - mother's nationality: All nationalities,2022,100.0,%,CSO VSAS80,https://data.cso.ie/table/VSAS80,
G Children born in Ireland,s.6B,Percentage of all Births - mother's nationality: EU14 excl Irl (countries in the EU pre 2004 excluding UK & Ireland),2023,2.4,%,CSO VSAS80,https://data.cso.ie/table/VSAS80,
G Children born in Ireland,s.6B,Percentage of all Births - mother's nationality: EU15 to EU27 (accession countries joined post 2004),2023,7.3,%,CSO VSAS80,https://data.cso.ie/table/VSAS80,
G Children born in Ireland,s.6B,Percentage of all Births - mother's nationality: Irish,2023,74.2,%,CSO VSAS80,https://data.cso.ie/table/VSAS80,
G Children born in Ireland,s.6B,Percentage of all Births - mother's nationality: Other nationalities (7),2023,14.2,%,CSO VSAS80,https://data.cso.ie/table/VSAS80,
G Children born in Ireland,s.6B,Percentage of all Births - mother's nationality: UK,2023,1.9,%,CSO VSAS80,https://data.cso.ie/table/VSAS80,
G Children born in Ireland,s.6B,Percentage of all Births - mother's nationality: Not stated,2023,0.0,%,CSO VSAS80,https://data.cso.ie/table/VSAS80,
G Children born in Ireland,s.6B,Percentage of all Births - mother's nationality: All nationalities,2023,100.0,%,CSO VSAS80,https://data.cso.ie/table/VSAS80,
G Children born in Ireland,s.6B,Percentage of all Births - mother's nationality: EU14 excl Irl (countries in the EU pre 2004 excluding UK & Ireland),2024,2.6,%,CSO VSAS80,https://data.cso.ie/table/VSAS80,
G Children born in Ireland,s.6B,Percentage of all Births - mother's nationality: EU15 to EU27 (accession countries joined post 2004),2024,7.0,%,CSO VSAS80,https://data.cso.ie/table/VSAS80,
G Children born in Ireland,s.6B,Percentage of all Births - mother's nationality: Irish,2024,72.2,%,CSO VSAS80,https://data.cso.ie/table/VSAS80,
G Children born in Ireland,s.6B,Percentage of all Births - mother's nationality: Other nationalities (7),2024,16.0,%,CSO VSAS80,https://data.cso.ie/table/VSAS80,
G Children born in Ireland,s.6B,Percentage of all Births - mother's nationality: UK,2024,1.6,%,CSO VSAS80,https://data.cso.ie/table/VSAS80,
G Children born in Ireland,s.6B,Percentage of all Births - mother's nationality: Not stated,2024,0.6,%,CSO VSAS80,https://data.cso.ie/table/VSAS80,
G Children born in Ireland,s.6B,Percentage of all Births - mother's nationality: All nationalities,2024,100.0,%,CSO VSAS80,https://data.cso.ie/table/VSAS80,
G Children born in Ireland,s.6B,Percentage of all Births - mother's nationality: EU14 excl Irl (countries in the EU pre 2004 excluding UK & Ireland),2025,2.5,%,CSO VSAS80,https://data.cso.ie/table/VSAS80,2025 provisional
G Children born in Ireland,s.6B,Percentage of all Births - mother's nationality: EU15 to EU27 (accession countries joined post 2004),2025,6.1,%,CSO VSAS80,https://data.cso.ie/table/VSAS80,2025 provisional
G Children born in Ireland,s.6B,Percentage of all Births - mother's nationality: Irish,2025,70.2,%,CSO VSAS80,https://data.cso.ie/table/VSAS80,2025 provisional
G Children born in Ireland,s.6B,Percentage of all Births - mother's nationality: Other nationalities (7),2025,18.5,%,CSO VSAS80,https://data.cso.ie/table/VSAS80,2025 provisional
G Children born in Ireland,s.6B,Percentage of all Births - mother's nationality: UK,2025,1.9,%,CSO VSAS80,https://data.cso.ie/table/VSAS80,2025 provisional
G Children born in Ireland,s.6B,Percentage of all Births - mother's nationality: Not stated,2025,0.8,%,CSO VSAS80,https://data.cso.ie/table/VSAS80,2025 provisional
G Children born in Ireland,s.6B,Percentage of all Births - mother's nationality: All nationalities,2025,100.0,%,CSO VSAS80,https://data.cso.ie/table/VSAS80,2025 provisional
H Offence bar and revocation,"s.15(1)(g), Schedule 1",Deportation orders signed,2021,33,persons,PQ attachment,https://www.oireachtas.ie/en/debates/question/2026-02-11/228/,enforcement context only - offences 'committed' are not recorded anywhere
H Offence bar and revocation,"s.15(1)(g), Schedule 1",Deportation orders signed,2022,549,persons,PQ attachment,https://www.oireachtas.ie/en/debates/question/2026-02-11/228/,enforcement context only - offences 'committed' are not recorded anywhere
H Offence bar and revocation,"s.15(1)(g), Schedule 1",Deportation orders signed,2023,859,persons,PQ attachment,https://www.oireachtas.ie/en/debates/question/2026-02-11/228/,enforcement context only - offences 'committed' are not recorded anywhere
H Offence bar and revocation,"s.15(1)(g), Schedule 1",Deportation orders signed,2024,2403,persons,PQ attachment,https://www.oireachtas.ie/en/debates/question/2026-02-11/228/,enforcement context only - offences 'committed' are not recorded anywhere
H Offence bar and revocation,"s.15(1)(g), Schedule 1",Deportation orders signed,2025,4700,persons,PQ attachment,https://www.oireachtas.ie/en/debates/question/2026-02-11/228/,enforcement context only - offences 'committed' are not recorded anywhere
H Offence bar and revocation,"s.15(1)(g), Schedule 1",Enforced Deportations,2021,5,persons,PQ attachment,https://www.oireachtas.ie/en/debates/question/2026-02-11/228/,enforcement context only - offences 'committed' are not recorded anywhere
H Offence bar and revocation,"s.15(1)(g), Schedule 1",Enforced Deportations,2022,24,persons,PQ attachment,https://www.oireachtas.ie/en/debates/question/2026-02-11/228/,enforcement context only - offences 'committed' are not recorded anywhere
H Offence bar and revocation,"s.15(1)(g), Schedule 1",Enforced Deportations,2023,51,persons,PQ attachment,https://www.oireachtas.ie/en/debates/question/2026-02-11/228/,enforcement context only - offences 'committed' are not recorded anywhere
H Offence bar and revocation,"s.15(1)(g), Schedule 1",Enforced Deportations,2024,134,persons,PQ attachment,https://www.oireachtas.ie/en/debates/question/2026-02-11/228/,enforcement context only - offences 'committed' are not recorded anywhere
H Offence bar and revocation,"s.15(1)(g), Schedule 1",Enforced Deportations,2025,185,persons,PQ attachment,https://www.oireachtas.ie/en/debates/question/2026-02-11/228/,enforcement context only - offences 'committed' are not recorded anywhere
H Offence bar and revocation,"s.15(1)(g), Schedule 1",Total Removed,2021,216,persons,PQ attachment,https://www.oireachtas.ie/en/debates/question/2026-02-11/228/,enforcement context only - offences 'committed' are not recorded anywhere
H Offence bar and revocation,"s.15(1)(g), Schedule 1",Total Removed,2022,247,persons,PQ attachment,https://www.oireachtas.ie/en/debates/question/2026-02-11/228/,enforcement context only - offences 'committed' are not recorded anywhere
H Offence bar and revocation,"s.15(1)(g), Schedule 1",Total Removed,2023,318,persons,PQ attachment,https://www.oireachtas.ie/en/debates/question/2026-02-11/228/,enforcement context only - offences 'committed' are not recorded anywhere
H Offence bar and revocation,"s.15(1)(g), Schedule 1",Total Removed,2024,1122,persons,PQ attachment,https://www.oireachtas.ie/en/debates/question/2026-02-11/228/,enforcement context only - offences 'committed' are not recorded anywhere
H Offence bar and revocation,"s.15(1)(g), Schedule 1",Total Removed,2025,2111,persons,PQ attachment,https://www.oireachtas.ie/en/debates/question/2026-02-11/228/,enforcement context only - offences 'committed' are not recorded anywhere
