Statistic,Statistic_code,Census Year,Census Year_code,Ability to Speak English,Ability to Speak English_code,Citizenship,Citizenship_code,value
Population Usually Resident and Present in State spoke a language other than Irish or English at home,F5015C01,2022,2022,Speaks English - Total,-,All citizenships,-,751507.0
Population Usually Resident and Present in State spoke a language other than Irish or English at home,F5015C01,2022,2022,Speaks English - Total,-,Ireland,IE,321392.0
Population Usually Resident and Present in State spoke a language other than Irish or English at home,F5015C01,2022,2022,Speaks English - Total,-,Croatia,HR,11634.0
Population Usually Resident and Present in State spoke a language other than Irish or English at home,F5015C01,2022,2022,Speaks English - Total,-,France,FR,10121.0
Population Usually Resident and Present in State spoke a language other than Irish or English at home,F5015C01,2022,2022,Speaks English - Total,-,Germany,DE,9181.0
Population Usually Resident and Present in State spoke a language other than Irish or English at home,F5015C01,2022,2022,Speaks English - Total,-,Italy,IT,14412.0
Population Usually Resident and Present in State spoke a language other than Irish or English at home,F5015C01,2022,2022,Speaks English - Total,-,Latvia,LV,14865.0
Population Usually Resident and Present in State spoke a language other than Irish or English at home,F5015C01,2022,2022,Speaks English - Total,-,Lithuania,LT,25517.0
Population Usually Resident and Present in State spoke a language other than Irish or English at home,F5015C01,2022,2022,Speaks English - Total,-,Poland,PL,79680.0
Population Usually Resident and Present in State spoke a language other than Irish or English at home,F5015C01,2022,2022,Speaks English - Total,-,Romania,RO,35425.0
Population Usually Resident and Present in State spoke a language other than Irish or English at home,F5015C01,2022,2022,Speaks English - Total,-,Spain,ES,14063.0
Population Usually Resident and Present in State spoke a language other than Irish or English at home,F5015C01,2022,2022,Speaks English - Total,-,Ukraine,UA,5437.0
Population Usually Resident and Present in State spoke a language other than Irish or English at home,F5015C01,2022,2022,Speaks English - Total,-,United Kingdom of Great Britain and Northern Ireland (the),GB,5200.0
Population Usually Resident and Present in State spoke a language other than Irish or English at home,F5015C01,2022,2022,Speaks English - Total,-,European countries excl Ireland,EUR48XEU2020,47946.0
Population Usually Resident and Present in State spoke a language other than Irish or English at home,F5015C01,2022,2022,Speaks English - Total,-,Africa(1),AFR1,21464.0
Population Usually Resident and Present in State spoke a language other than Irish or English at home,F5015C01,2022,2022,Speaks English - Total,-,China,CN,11204.0
Population Usually Resident and Present in State spoke a language other than Irish or English at home,F5015C01,2022,2022,Speaks English - Total,-,India,IN,37420.0
Population Usually Resident and Present in State spoke a language other than Irish or English at home,F5015C01,2022,2022,Speaks English - Total,-,Other Asia(1),OAS1,33333.0
Population Usually Resident and Present in State spoke a language other than Irish or English at home,F5015C01,2022,2022,Speaks English - Total,-,Australia,AU,237.0
Population Usually Resident and Present in State spoke a language other than Irish or English at home,F5015C01,2022,2022,Speaks English - Total,-,United States of America (the),US,1428.0
Population Usually Resident and Present in State spoke a language other than Irish or English at home,F5015C01,2022,2022,Speaks English - Total,-,Brazil,BR,22395.0
Population Usually Resident and Present in State spoke a language other than Irish or English at home,F5015C01,2022,2022,Speaks English - Total,-,Other America(1),OAM1,8458.0
Population Usually Resident and Present in State spoke a language other than Irish or English at home,F5015C01,2022,2022,Speaks English - Total,-,Other countries,OTC1,2524.0
Population Usually Resident and Present in State spoke a language other than Irish or English at home,F5015C01,2022,2022,Speaks English - Total,-,Multiple/Dual citizenship,ZZ70,9731.0
Population Usually Resident and Present in State spoke a language other than Irish or English at home,F5015C01,2022,2022,Speaks English - Total,-,No citizenship,ZZ80,4538.0
Population Usually Resident and Present in State spoke a language other than Irish or English at home,F5015C01,2022,2022,Speaks English - Total,-,Citizenship not stated,ZZ90,3902.0
Population Usually Resident and Present in State spoke a language other than Irish or English at home,F5015C01,2022,2022,Speaks English - Very well,01,All citizenships,-,430195.0
Population Usually Resident and Present in State spoke a language other than Irish or English at home,F5015C01,2022,2022,Speaks English - Very well,01,Ireland,IE,203100.0
Population Usually Resident and Present in State spoke a language other than Irish or English at home,F5015C01,2022,2022,Speaks English - Very well,01,Croatia,HR,7990.0
Population Usually Resident and Present in State spoke a language other than Irish or English at home,F5015C01,2022,2022,Speaks English - Very well,01,France,FR,7472.0
Population Usually Resident and Present in State spoke a language other than Irish or English at home,F5015C01,2022,2022,Speaks English - Very well,01,Germany,DE,7395.0
Population Usually Resident and Present in State spoke a language other than Irish or English at home,F5015C01,2022,2022,Speaks English - Very well,01,Italy,IT,9272.0
Population Usually Resident and Present in State spoke a language other than Irish or English at home,F5015C01,2022,2022,Speaks English - Very well,01,Latvia,LV,6529.0
Population Usually Resident and Present in State spoke a language other than Irish or English at home,F5015C01,2022,2022,Speaks English - Very well,01,Lithuania,LT,11116.0
Population Usually Resident and Present in State spoke a language other than Irish or English at home,F5015C01,2022,2022,Speaks English - Very well,01,Poland,PL,38008.0
Population Usually Resident and Present in State spoke a language other than Irish or English at home,F5015C01,2022,2022,Speaks English - Very well,01,Romania,RO,13005.0
Population Usually Resident and Present in State spoke a language other than Irish or English at home,F5015C01,2022,2022,Speaks English - Very well,01,Spain,ES,8655.0
Population Usually Resident and Present in State spoke a language other than Irish or English at home,F5015C01,2022,2022,Speaks English - Very well,01,Ukraine,UA,1066.0
Population Usually Resident and Present in State spoke a language other than Irish or English at home,F5015C01,2022,2022,Speaks English - Very well,01,United Kingdom of Great Britain and Northern Ireland (the),GB,3983.0
Population Usually Resident and Present in State spoke a language other than Irish or English at home,F5015C01,2022,2022,Speaks English - Very well,01,European countries excl Ireland,EUR48XEU2020,28121.0
Population Usually Resident and Present in State spoke a language other than Irish or English at home,F5015C01,2022,2022,Speaks English - Very well,01,Africa(1),AFR1,14289.0
Population Usually Resident and Present in State spoke a language other than Irish or English at home,F5015C01,2022,2022,Speaks English - Very well,01,China,CN,3275.0
Population Usually Resident and Present in State spoke a language other than Irish or English at home,F5015C01,2022,2022,Speaks English - Very well,01,India,IN,25263.0
Population Usually Resident and Present in State spoke a language other than Irish or English at home,F5015C01,2022,2022,Speaks English - Very well,01,Other Asia(1),OAS1,16435.0
Population Usually Resident and Present in State spoke a language other than Irish or English at home,F5015C01,2022,2022,Speaks English - Very well,01,Australia,AU,190.0
Population Usually Resident and Present in State spoke a language other than Irish or English at home,F5015C01,2022,2022,Speaks English - Very well,01,United States of America (the),US,1168.0
Population Usually Resident and Present in State spoke a language other than Irish or English at home,F5015C01,2022,2022,Speaks English - Very well,01,Brazil,BR,9837.0
Population Usually Resident and Present in State spoke a language other than Irish or English at home,F5015C01,2022,2022,Speaks English - Very well,01,Other America(1),OAM1,4800.0
Population Usually Resident and Present in State spoke a language other than Irish or English at home,F5015C01,2022,2022,Speaks English - Very well,01,Other countries,OTC1,1005.0
Population Usually Resident and Present in State spoke a language other than Irish or English at home,F5015C01,2022,2022,Speaks English - Very well,01,Multiple/Dual citizenship,ZZ70,5005.0
Population Usually Resident and Present in State spoke a language other than Irish or English at home,F5015C01,2022,2022,Speaks English - Very well,01,No citizenship,ZZ80,1726.0
Population Usually Resident and Present in State spoke a language other than Irish or English at home,F5015C01,2022,2022,Speaks English - Very well,01,Citizenship not stated,ZZ90,1490.0
Population Usually Resident and Present in State spoke a language other than Irish or English at home,F5015C01,2022,2022,Speaks English - Well,02,All citizenships,-,194960.0
Population Usually Resident and Present in State spoke a language other than Irish or English at home,F5015C01,2022,2022,Speaks English - Well,02,Ireland,IE,66691.0
Population Usually Resident and Present in State spoke a language other than Irish or English at home,F5015C01,2022,2022,Speaks English - Well,02,Croatia,HR,2764.0
Population Usually Resident and Present in State spoke a language other than Irish or English at home,F5015C01,2022,2022,Speaks English - Well,02,France,FR,2064.0
Population Usually Resident and Present in State spoke a language other than Irish or English at home,F5015C01,2022,2022,Speaks English - Well,02,Germany,DE,1379.0
Population Usually Resident and Present in State spoke a language other than Irish or English at home,F5015C01,2022,2022,Speaks English - Well,02,Italy,IT,3964.0
Population Usually Resident and Present in State spoke a language other than Irish or English at home,F5015C01,2022,2022,Speaks English - Well,02,Latvia,LV,5257.0
Population Usually Resident and Present in State spoke a language other than Irish or English at home,F5015C01,2022,2022,Speaks English - Well,02,Lithuania,LT,8800.0
Population Usually Resident and Present in State spoke a language other than Irish or English at home,F5015C01,2022,2022,Speaks English - Well,02,Poland,PL,26974.0
Population Usually Resident and Present in State spoke a language other than Irish or English at home,F5015C01,2022,2022,Speaks English - Well,02,Romania,RO,13031.0
Population Usually Resident and Present in State spoke a language other than Irish or English at home,F5015C01,2022,2022,Speaks English - Well,02,Spain,ES,4192.0
Population Usually Resident and Present in State spoke a language other than Irish or English at home,F5015C01,2022,2022,Speaks English - Well,02,Ukraine,UA,1331.0
Population Usually Resident and Present in State spoke a language other than Irish or English at home,F5015C01,2022,2022,Speaks English - Well,02,United Kingdom of Great Britain and Northern Ireland (the),GB,654.0
Population Usually Resident and Present in State spoke a language other than Irish or English at home,F5015C01,2022,2022,Speaks English - Well,02,European countries excl Ireland,EUR48XEU2020,12365.0
Population Usually Resident and Present in State spoke a language other than Irish or English at home,F5015C01,2022,2022,Speaks English - Well,02,Africa(1),AFR1,4738.0
Population Usually Resident and Present in State spoke a language other than Irish or English at home,F5015C01,2022,2022,Speaks English - Well,02,China,CN,4675.0
Population Usually Resident and Present in State spoke a language other than Irish or English at home,F5015C01,2022,2022,Speaks English - Well,02,India,IN,8774.0
Population Usually Resident and Present in State spoke a language other than Irish or English at home,F5015C01,2022,2022,Speaks English - Well,02,Other Asia(1),OAS1,11010.0
Population Usually Resident and Present in State spoke a language other than Irish or English at home,F5015C01,2022,2022,Speaks English - Well,02,Australia,AU,27.0
Population Usually Resident and Present in State spoke a language other than Irish or English at home,F5015C01,2022,2022,Speaks English - Well,02,United States of America (the),US,144.0
Population Usually Resident and Present in State spoke a language other than Irish or English at home,F5015C01,2022,2022,Speaks English - Well,02,Brazil,BR,7250.0
Population Usually Resident and Present in State spoke a language other than Irish or English at home,F5015C01,2022,2022,Speaks English - Well,02,Other America(1),OAM1,2538.0
Population Usually Resident and Present in State spoke a language other than Irish or English at home,F5015C01,2022,2022,Speaks English - Well,02,Other countries,OTC1,781.0
Population Usually Resident and Present in State spoke a language other than Irish or English at home,F5015C01,2022,2022,Speaks English - Well,02,Multiple/Dual citizenship,ZZ70,2863.0
Population Usually Resident and Present in State spoke a language other than Irish or English at home,F5015C01,2022,2022,Speaks English - Well,02,No citizenship,ZZ80,1587.0
Population Usually Resident and Present in State spoke a language other than Irish or English at home,F5015C01,2022,2022,Speaks English - Well,02,Citizenship not stated,ZZ90,1107.0
Population Usually Resident and Present in State spoke a language other than Irish or English at home,F5015C01,2022,2022,Speaks English - Not well,03,All citizenships,-,80342.0
Population Usually Resident and Present in State spoke a language other than Irish or English at home,F5015C01,2022,2022,Speaks English - Not well,03,Ireland,IE,29348.0
Population Usually Resident and Present in State spoke a language other than Irish or English at home,F5015C01,2022,2022,Speaks English - Not well,03,Croatia,HR,502.0
Population Usually Resident and Present in State spoke a language other than Irish or English at home,F5015C01,2022,2022,Speaks English - Not well,03,France,FR,308.0
Population Usually Resident and Present in State spoke a language other than Irish or English at home,F5015C01,2022,2022,Speaks English - Not well,03,Germany,DE,242.0
Population Usually Resident and Present in State spoke a language other than Irish or English at home,F5015C01,2022,2022,Speaks English - Not well,03,Italy,IT,745.0
Population Usually Resident and Present in State spoke a language other than Irish or English at home,F5015C01,2022,2022,Speaks English - Not well,03,Latvia,LV,2358.0
Population Usually Resident and Present in State spoke a language other than Irish or English at home,F5015C01,2022,2022,Speaks English - Not well,03,Lithuania,LT,4261.0
Population Usually Resident and Present in State spoke a language other than Irish or English at home,F5015C01,2022,2022,Speaks English - Not well,03,Poland,PL,10955.0
Population Usually Resident and Present in State spoke a language other than Irish or English at home,F5015C01,2022,2022,Speaks English - Not well,03,Romania,RO,6466.0
Population Usually Resident and Present in State spoke a language other than Irish or English at home,F5015C01,2022,2022,Speaks English - Not well,03,Spain,ES,769.0
Population Usually Resident and Present in State spoke a language other than Irish or English at home,F5015C01,2022,2022,Speaks English - Not well,03,Ukraine,UA,1901.0
Population Usually Resident and Present in State spoke a language other than Irish or English at home,F5015C01,2022,2022,Speaks English - Not well,03,United Kingdom of Great Britain and Northern Ireland (the),GB,305.0
Population Usually Resident and Present in State spoke a language other than Irish or English at home,F5015C01,2022,2022,Speaks English - Not well,03,European countries excl Ireland,EUR48XEU2020,5174.0
Population Usually Resident and Present in State spoke a language other than Irish or English at home,F5015C01,2022,2022,Speaks English - Not well,03,Africa(1),AFR1,1333.0
Population Usually Resident and Present in State spoke a language other than Irish or English at home,F5015C01,2022,2022,Speaks English - Not well,03,China,CN,2403.0
Population Usually Resident and Present in State spoke a language other than Irish or English at home,F5015C01,2022,2022,Speaks English - Not well,03,India,IN,1576.0
Population Usually Resident and Present in State spoke a language other than Irish or English at home,F5015C01,2022,2022,Speaks English - Not well,03,Other Asia(1),OAS1,3934.0
Population Usually Resident and Present in State spoke a language other than Irish or English at home,F5015C01,2022,2022,Speaks English - Not well,03,Australia,AU,6.0
Population Usually Resident and Present in State spoke a language other than Irish or English at home,F5015C01,2022,2022,Speaks English - Not well,03,United States of America (the),US,71.0
Population Usually Resident and Present in State spoke a language other than Irish or English at home,F5015C01,2022,2022,Speaks English - Not well,03,Brazil,BR,3789.0
Population Usually Resident and Present in State spoke a language other than Irish or English at home,F5015C01,2022,2022,Speaks English - Not well,03,Other America(1),OAM1,817.0
Population Usually Resident and Present in State spoke a language other than Irish or English at home,F5015C01,2022,2022,Speaks English - Not well,03,Other countries,OTC1,416.0
Population Usually Resident and Present in State spoke a language other than Irish or English at home,F5015C01,2022,2022,Speaks English - Not well,03,Multiple/Dual citizenship,ZZ70,1330.0
Population Usually Resident and Present in State spoke a language other than Irish or English at home,F5015C01,2022,2022,Speaks English - Not well,03,No citizenship,ZZ80,766.0
Population Usually Resident and Present in State spoke a language other than Irish or English at home,F5015C01,2022,2022,Speaks English - Not well,03,Citizenship not stated,ZZ90,567.0
Population Usually Resident and Present in State spoke a language other than Irish or English at home,F5015C01,2022,2022,Speaks English - Not at all,04,All citizenships,-,14828.0
Population Usually Resident and Present in State spoke a language other than Irish or English at home,F5015C01,2022,2022,Speaks English - Not at all,04,Ireland,IE,4947.0
Population Usually Resident and Present in State spoke a language other than Irish or English at home,F5015C01,2022,2022,Speaks English - Not at all,04,Croatia,HR,101.0
Population Usually Resident and Present in State spoke a language other than Irish or English at home,F5015C01,2022,2022,Speaks English - Not at all,04,France,FR,65.0
Population Usually Resident and Present in State spoke a language other than Irish or English at home,F5015C01,2022,2022,Speaks English - Not at all,04,Germany,DE,41.0
Population Usually Resident and Present in State spoke a language other than Irish or English at home,F5015C01,2022,2022,Speaks English - Not at all,04,Italy,IT,130.0
Population Usually Resident and Present in State spoke a language other than Irish or English at home,F5015C01,2022,2022,Speaks English - Not at all,04,Latvia,LV,316.0
Population Usually Resident and Present in State spoke a language other than Irish or English at home,F5015C01,2022,2022,Speaks English - Not at all,04,Lithuania,LT,591.0
Population Usually Resident and Present in State spoke a language other than Irish or English at home,F5015C01,2022,2022,Speaks English - Not at all,04,Poland,PL,1448.0
Population Usually Resident and Present in State spoke a language other than Irish or English at home,F5015C01,2022,2022,Speaks English - Not at all,04,Romania,RO,1646.0
Population Usually Resident and Present in State spoke a language other than Irish or English at home,F5015C01,2022,2022,Speaks English - Not at all,04,Spain,ES,106.0
Population Usually Resident and Present in State spoke a language other than Irish or English at home,F5015C01,2022,2022,Speaks English - Not at all,04,Ukraine,UA,807.0
Population Usually Resident and Present in State spoke a language other than Irish or English at home,F5015C01,2022,2022,Speaks English - Not at all,04,United Kingdom of Great Britain and Northern Ireland (the),GB,41.0
Population Usually Resident and Present in State spoke a language other than Irish or English at home,F5015C01,2022,2022,Speaks English - Not at all,04,European countries excl Ireland,EUR48XEU2020,1018.0
Population Usually Resident and Present in State spoke a language other than Irish or English at home,F5015C01,2022,2022,Speaks English - Not at all,04,Africa(1),AFR1,252.0
Population Usually Resident and Present in State spoke a language other than Irish or English at home,F5015C01,2022,2022,Speaks English - Not at all,04,China,CN,446.0
Population Usually Resident and Present in State spoke a language other than Irish or English at home,F5015C01,2022,2022,Speaks English - Not at all,04,India,IN,313.0
Population Usually Resident and Present in State spoke a language other than Irish or English at home,F5015C01,2022,2022,Speaks English - Not at all,04,Other Asia(1),OAS1,831.0
Population Usually Resident and Present in State spoke a language other than Irish or English at home,F5015C01,2022,2022,Speaks English - Not at all,04,Australia,AU,4.0
Population Usually Resident and Present in State spoke a language other than Irish or English at home,F5015C01,2022,2022,Speaks English - Not at all,04,United States of America (the),US,5.0
Population Usually Resident and Present in State spoke a language other than Irish or English at home,F5015C01,2022,2022,Speaks English - Not at all,04,Brazil,BR,811.0
Population Usually Resident and Present in State spoke a language other than Irish or English at home,F5015C01,2022,2022,Speaks English - Not at all,04,Other America(1),OAM1,114.0
Population Usually Resident and Present in State spoke a language other than Irish or English at home,F5015C01,2022,2022,Speaks English - Not at all,04,Other countries,OTC1,86.0
Population Usually Resident and Present in State spoke a language other than Irish or English at home,F5015C01,2022,2022,Speaks English - Not at all,04,Multiple/Dual citizenship,ZZ70,318.0
Population Usually Resident and Present in State spoke a language other than Irish or English at home,F5015C01,2022,2022,Speaks English - Not at all,04,No citizenship,ZZ80,220.0
Population Usually Resident and Present in State spoke a language other than Irish or English at home,F5015C01,2022,2022,Speaks English - Not at all,04,Citizenship not stated,ZZ90,171.0
Population Usually Resident and Present in State spoke a language other than Irish or English at home,F5015C01,2022,2022,Not stated,05,All citizenships,-,31182.0
Population Usually Resident and Present in State spoke a language other than Irish or English at home,F5015C01,2022,2022,Not stated,05,Ireland,IE,17306.0
Population Usually Resident and Present in State spoke a language other than Irish or English at home,F5015C01,2022,2022,Not stated,05,Croatia,HR,277.0
Population Usually Resident and Present in State spoke a language other than Irish or English at home,F5015C01,2022,2022,Not stated,05,France,FR,212.0
Population Usually Resident and Present in State spoke a language other than Irish or English at home,F5015C01,2022,2022,Not stated,05,Germany,DE,124.0
Population Usually Resident and Present in State spoke a language other than Irish or English at home,F5015C01,2022,2022,Not stated,05,Italy,IT,301.0
Population Usually Resident and Present in State spoke a language other than Irish or English at home,F5015C01,2022,2022,Not stated,05,Latvia,LV,405.0
Population Usually Resident and Present in State spoke a language other than Irish or English at home,F5015C01,2022,2022,Not stated,05,Lithuania,LT,749.0
Population Usually Resident and Present in State spoke a language other than Irish or English at home,F5015C01,2022,2022,Not stated,05,Poland,PL,2295.0
Population Usually Resident and Present in State spoke a language other than Irish or English at home,F5015C01,2022,2022,Not stated,05,Romania,RO,1277.0
Population Usually Resident and Present in State spoke a language other than Irish or English at home,F5015C01,2022,2022,Not stated,05,Spain,ES,341.0
Population Usually Resident and Present in State spoke a language other than Irish or English at home,F5015C01,2022,2022,Not stated,05,Ukraine,UA,332.0
Population Usually Resident and Present in State spoke a language other than Irish or English at home,F5015C01,2022,2022,Not stated,05,United Kingdom of Great Britain and Northern Ireland (the),GB,217.0
Population Usually Resident and Present in State spoke a language other than Irish or English at home,F5015C01,2022,2022,Not stated,05,European countries excl Ireland,EUR48XEU2020,1268.0
Population Usually Resident and Present in State spoke a language other than Irish or English at home,F5015C01,2022,2022,Not stated,05,Africa(1),AFR1,852.0
Population Usually Resident and Present in State spoke a language other than Irish or English at home,F5015C01,2022,2022,Not stated,05,China,CN,405.0
Population Usually Resident and Present in State spoke a language other than Irish or English at home,F5015C01,2022,2022,Not stated,05,India,IN,1494.0
Population Usually Resident and Present in State spoke a language other than Irish or English at home,F5015C01,2022,2022,Not stated,05,Other Asia(1),OAS1,1123.0
Population Usually Resident and Present in State spoke a language other than Irish or English at home,F5015C01,2022,2022,Not stated,05,Australia,AU,10.0
Population Usually Resident and Present in State spoke a language other than Irish or English at home,F5015C01,2022,2022,Not stated,05,United States of America (the),US,40.0
Population Usually Resident and Present in State spoke a language other than Irish or English at home,F5015C01,2022,2022,Not stated,05,Brazil,BR,708.0
Population Usually Resident and Present in State spoke a language other than Irish or English at home,F5015C01,2022,2022,Not stated,05,Other America(1),OAM1,189.0
Population Usually Resident and Present in State spoke a language other than Irish or English at home,F5015C01,2022,2022,Not stated,05,Other countries,OTC1,236.0
Population Usually Resident and Present in State spoke a language other than Irish or English at home,F5015C01,2022,2022,Not stated,05,Multiple/Dual citizenship,ZZ70,215.0
Population Usually Resident and Present in State spoke a language other than Irish or English at home,F5015C01,2022,2022,Not stated,05,No citizenship,ZZ80,239.0
Population Usually Resident and Present in State spoke a language other than Irish or English at home,F5015C01,2022,2022,Not stated,05,Citizenship not stated,ZZ90,567.0
