citizenship,speakers_of_other_language_at_home,not_well,not_at_all,pct_not_well_or_not_at_all
All citizenships,751507,80342,14828,12.7
Ireland,321392,29348,4947,10.7
Poland,79680,10955,1448,15.6
European countries excl Ireland,47946,5174,1018,12.9
India,37420,1576,313,5.0
Romania,35425,6466,1646,22.9
Other Asia(1),33333,3934,831,14.3
Lithuania,25517,4261,591,19.0
Brazil,22395,3789,811,20.5
Africa(1),21464,1333,252,7.4
Latvia,14865,2358,316,18.0
Italy,14412,745,130,6.1
Spain,14063,769,106,6.2
Croatia,11634,502,101,5.2
China,11204,2403,446,25.4
France,10121,308,65,3.7
Multiple/Dual citizenship,9731,1330,318,16.9
Germany,9181,242,41,3.1
Other America(1),8458,817,114,11.0
Ukraine,5437,1901,807,49.8
United Kingdom of Great Britain and Northern Ireland (the),5200,305,41,6.7
No citizenship,4538,766,220,21.7
Citizenship not stated,3902,567,171,18.9
Other countries,2524,416,86,19.9
United States of America (the),1428,71,5,5.3
Australia,237,6,4,4.2
