rank,country,year,naturalisation_rate_pct
1,Sweden,2024,7.55
2,Norway,2024,4.34
3,Italy,2024,4.14
4,Spain,2024,3.88
5,Netherlands,2024,3.87
6,Poland,2024,3.74
7,Belgium,2024,3.68
8,Finland,2024,3.1
9,Ireland,2024,2.94
10,Germany,2024,2.38
11,Portugal,2024,1.97
12,Greece,2024,1.92
13,Luxembourg,2024,1.86
14,France,2024,1.71
15,Switzerland,2024,1.65
16,Romania,2024,1.41
17,Slovakia,2024,1.4
18,Liechtenstein,2024,1.33
19,Cyprus,2024,1.21
20,Iceland,2024,1.01
21,Denmark,2024,0.96
22,Slovenia,2024,0.81
23,Austria,2024,0.73
24,Malta,2024,0.72
25,Hungary,2024,0.69
26,Croatia,2024,0.69
27,Czechia,2024,0.62
28,Latvia,2024,0.44
29,Estonia,2024,0.31
30,Bulgaria,2024,0.29
31,Lithuania,2024,0.09
