Time frequency,Time frequency_code,Unit of measure,Unit of measure_code,Sex,Sex_code,Indicator on migration,Indicator on migration_code,Geopolitical entity (reporting),Geopolitical entity (reporting)_code,Time,Time_code,value
Annual,A,Percentage,PC,Total,T,Share of foreign citizens who have acquired citizenship,FOR_P_HHAB,Ireland,IE,2009,2009,0.78
Annual,A,Percentage,PC,Total,T,Share of foreign citizens who have acquired citizenship,FOR_P_HHAB,Ireland,IE,2010,2010,1.12
Annual,A,Percentage,PC,Total,T,Share of foreign citizens who have acquired citizenship,FOR_P_HHAB,Ireland,IE,2011,2011,1.92
Annual,A,Percentage,PC,Total,T,Share of foreign citizens who have acquired citizenship,FOR_P_HHAB,Ireland,IE,2012,2012,4.54
Annual,A,Percentage,PC,Total,T,Share of foreign citizens who have acquired citizenship,FOR_P_HHAB,Ireland,IE,2013,2013,4.52
Annual,A,Percentage,PC,Total,T,Share of foreign citizens who have acquired citizenship,FOR_P_HHAB,Ireland,IE,2014,2014,3.99
Annual,A,Percentage,PC,Total,T,Share of foreign citizens who have acquired citizenship,FOR_P_HHAB,Ireland,IE,2015,2015,2.55
Annual,A,Percentage,PC,Total,T,Share of foreign citizens who have acquired citizenship,FOR_P_HHAB,Ireland,IE,2016,2016,1.84
Annual,A,Percentage,PC,Total,T,Share of foreign citizens who have acquired citizenship,FOR_P_HHAB,Ireland,IE,2017,2017,1.45
Annual,A,Percentage,PC,Total,T,Share of foreign citizens who have acquired citizenship,FOR_P_HHAB,Ireland,IE,2018,2018,1.41
Annual,A,Percentage,PC,Total,T,Share of foreign citizens who have acquired citizenship,FOR_P_HHAB,Ireland,IE,2019,2019,0.95
Annual,A,Percentage,PC,Total,T,Share of foreign citizens who have acquired citizenship,FOR_P_HHAB,Ireland,IE,2020,2020,0.85
Annual,A,Percentage,PC,Total,T,Share of foreign citizens who have acquired citizenship,FOR_P_HHAB,Ireland,IE,2021,2021,1.52
Annual,A,Percentage,PC,Total,T,Share of foreign citizens who have acquired citizenship,FOR_P_HHAB,Ireland,IE,2022,2022,2.07
Annual,A,Percentage,PC,Total,T,Share of foreign citizens who have acquired citizenship,FOR_P_HHAB,Ireland,IE,2023,2023,2.41
Annual,A,Percentage,PC,Total,T,Share of foreign citizens who have acquired citizenship,FOR_P_HHAB,Ireland,IE,2024,2024,2.94
Annual,A,Percentage,PC,Total,T,Share of non-EU citizens who have acquired citizenship,NEU_P_HHAB,Ireland,IE,2009,2009,2.63
Annual,A,Percentage,PC,Total,T,Share of non-EU citizens who have acquired citizenship,NEU_P_HHAB,Ireland,IE,2010,2010,3.72
Annual,A,Percentage,PC,Total,T,Share of non-EU citizens who have acquired citizenship,NEU_P_HHAB,Ireland,IE,2011,2011,6.42
Annual,A,Percentage,PC,Total,T,Share of non-EU citizens who have acquired citizenship,NEU_P_HHAB,Ireland,IE,2012,2012,15.29
Annual,A,Percentage,PC,Total,T,Share of non-EU citizens who have acquired citizenship,NEU_P_HHAB,Ireland,IE,2013,2013,16.09
Annual,A,Percentage,PC,Total,T,Share of non-EU citizens who have acquired citizenship,NEU_P_HHAB,Ireland,IE,2014,2014,14.77
Annual,A,Percentage,PC,Total,T,Share of non-EU citizens who have acquired citizenship,NEU_P_HHAB,Ireland,IE,2015,2015,8.71
Annual,A,Percentage,PC,Total,T,Share of non-EU citizens who have acquired citizenship,NEU_P_HHAB,Ireland,IE,2016,2016,5.24
Annual,A,Percentage,PC,Total,T,Share of non-EU citizens who have acquired citizenship,NEU_P_HHAB,Ireland,IE,2017,2017,3.14
Annual,A,Percentage,PC,Total,T,Share of non-EU citizens who have acquired citizenship,NEU_P_HHAB,Ireland,IE,2018,2018,2.69
Annual,A,Percentage,PC,Total,T,Share of non-EU citizens who have acquired citizenship,NEU_P_HHAB,Ireland,IE,2019,2019,1.63
Annual,A,Percentage,PC,Total,T,Share of non-EU citizens who have acquired citizenship,NEU_P_HHAB,Ireland,IE,2020,2020,1.18
Annual,A,Percentage,PC,Total,T,Share of non-EU citizens who have acquired citizenship,NEU_P_HHAB,Ireland,IE,2021,2021,2.34
Annual,A,Percentage,PC,Total,T,Share of non-EU citizens who have acquired citizenship,NEU_P_HHAB,Ireland,IE,2022,2022,3.33
Annual,A,Percentage,PC,Total,T,Share of non-EU citizens who have acquired citizenship,NEU_P_HHAB,Ireland,IE,2023,2023,3.6
Annual,A,Percentage,PC,Total,T,Share of non-EU citizens who have acquired citizenship,NEU_P_HHAB,Ireland,IE,2024,2024,4.25
Annual,A,Percentage,PC,Total,T,Share of EU citizens who have acquired citizenship,EU_P_HHAB,Ireland,IE,2009,2009,0.06
Annual,A,Percentage,PC,Total,T,Share of EU citizens who have acquired citizenship,EU_P_HHAB,Ireland,IE,2010,2010,0.09
Annual,A,Percentage,PC,Total,T,Share of EU citizens who have acquired citizenship,EU_P_HHAB,Ireland,IE,2011,2011,0.09
Annual,A,Percentage,PC,Total,T,Share of EU citizens who have acquired citizenship,EU_P_HHAB,Ireland,IE,2012,2012,0.33
Annual,A,Percentage,PC,Total,T,Share of EU citizens who have acquired citizenship,EU_P_HHAB,Ireland,IE,2013,2013,0.45
Annual,A,Percentage,PC,Total,T,Share of EU citizens who have acquired citizenship,EU_P_HHAB,Ireland,IE,2014,2014,0.72
Annual,A,Percentage,PC,Total,T,Share of EU citizens who have acquired citizenship,EU_P_HHAB,Ireland,IE,2015,2015,0.76
Annual,A,Percentage,PC,Total,T,Share of EU citizens who have acquired citizenship,EU_P_HHAB,Ireland,IE,2016,2016,0.8
Annual,A,Percentage,PC,Total,T,Share of EU citizens who have acquired citizenship,EU_P_HHAB,Ireland,IE,2017,2017,0.88
Annual,A,Percentage,PC,Total,T,Share of EU citizens who have acquired citizenship,EU_P_HHAB,Ireland,IE,2018,2018,0.92
Annual,A,Percentage,PC,Total,T,Share of EU citizens who have acquired citizenship,EU_P_HHAB,Ireland,IE,2019,2019,0.65
Annual,A,Percentage,PC,Total,T,Share of EU citizens who have acquired citizenship,EU_P_HHAB,Ireland,IE,2020,2020,0.55
Annual,A,Percentage,PC,Total,T,Share of EU citizens who have acquired citizenship,EU_P_HHAB,Ireland,IE,2021,2021,0.73
Annual,A,Percentage,PC,Total,T,Share of EU citizens who have acquired citizenship,EU_P_HHAB,Ireland,IE,2022,2022,0.84
Annual,A,Percentage,PC,Total,T,Share of EU citizens who have acquired citizenship,EU_P_HHAB,Ireland,IE,2023,2023,0.99
Annual,A,Percentage,PC,Total,T,Share of EU citizens who have acquired citizenship,EU_P_HHAB,Ireland,IE,2024,2024,1.25
Annual,A,Percentage,PC,Males,M,Share of foreign citizens who have acquired citizenship,FOR_P_HHAB,Ireland,IE,2009,2009,0.81
Annual,A,Percentage,PC,Males,M,Share of foreign citizens who have acquired citizenship,FOR_P_HHAB,Ireland,IE,2010,2010,1.17
Annual,A,Percentage,PC,Males,M,Share of foreign citizens who have acquired citizenship,FOR_P_HHAB,Ireland,IE,2011,2011,1.95
Annual,A,Percentage,PC,Males,M,Share of foreign citizens who have acquired citizenship,FOR_P_HHAB,Ireland,IE,2012,2012,4.02
Annual,A,Percentage,PC,Males,M,Share of foreign citizens who have acquired citizenship,FOR_P_HHAB,Ireland,IE,2013,2013,4.15
Annual,A,Percentage,PC,Males,M,Share of foreign citizens who have acquired citizenship,FOR_P_HHAB,Ireland,IE,2014,2014,3.91
Annual,A,Percentage,PC,Males,M,Share of foreign citizens who have acquired citizenship,FOR_P_HHAB,Ireland,IE,2015,2015,2.63
Annual,A,Percentage,PC,Males,M,Share of foreign citizens who have acquired citizenship,FOR_P_HHAB,Ireland,IE,2016,2016,1.83
Annual,A,Percentage,PC,Males,M,Share of foreign citizens who have acquired citizenship,FOR_P_HHAB,Ireland,IE,2017,2017,1.44
Annual,A,Percentage,PC,Males,M,Share of foreign citizens who have acquired citizenship,FOR_P_HHAB,Ireland,IE,2018,2018,1.4
Annual,A,Percentage,PC,Males,M,Share of foreign citizens who have acquired citizenship,FOR_P_HHAB,Ireland,IE,2019,2019,0.92
Annual,A,Percentage,PC,Males,M,Share of foreign citizens who have acquired citizenship,FOR_P_HHAB,Ireland,IE,2020,2020,0.82
Annual,A,Percentage,PC,Males,M,Share of foreign citizens who have acquired citizenship,FOR_P_HHAB,Ireland,IE,2021,2021,1.61
Annual,A,Percentage,PC,Males,M,Share of foreign citizens who have acquired citizenship,FOR_P_HHAB,Ireland,IE,2022,2022,2.07
Annual,A,Percentage,PC,Males,M,Share of foreign citizens who have acquired citizenship,FOR_P_HHAB,Ireland,IE,2023,2023,2.48
Annual,A,Percentage,PC,Males,M,Share of foreign citizens who have acquired citizenship,FOR_P_HHAB,Ireland,IE,2024,2024,2.97
Annual,A,Percentage,PC,Males,M,Share of non-EU citizens who have acquired citizenship,NEU_P_HHAB,Ireland,IE,2009,2009,2.71
Annual,A,Percentage,PC,Males,M,Share of non-EU citizens who have acquired citizenship,NEU_P_HHAB,Ireland,IE,2010,2010,3.85
Annual,A,Percentage,PC,Males,M,Share of non-EU citizens who have acquired citizenship,NEU_P_HHAB,Ireland,IE,2011,2011,6.56
Annual,A,Percentage,PC,Males,M,Share of non-EU citizens who have acquired citizenship,NEU_P_HHAB,Ireland,IE,2012,2012,13.55
Annual,A,Percentage,PC,Males,M,Share of non-EU citizens who have acquired citizenship,NEU_P_HHAB,Ireland,IE,2013,2013,14.74
Annual,A,Percentage,PC,Males,M,Share of non-EU citizens who have acquired citizenship,NEU_P_HHAB,Ireland,IE,2014,2014,14.55
Annual,A,Percentage,PC,Males,M,Share of non-EU citizens who have acquired citizenship,NEU_P_HHAB,Ireland,IE,2015,2015,9.04
Annual,A,Percentage,PC,Males,M,Share of non-EU citizens who have acquired citizenship,NEU_P_HHAB,Ireland,IE,2016,2016,5.25
Annual,A,Percentage,PC,Males,M,Share of non-EU citizens who have acquired citizenship,NEU_P_HHAB,Ireland,IE,2017,2017,3.18
Annual,A,Percentage,PC,Males,M,Share of non-EU citizens who have acquired citizenship,NEU_P_HHAB,Ireland,IE,2018,2018,2.7
Annual,A,Percentage,PC,Males,M,Share of non-EU citizens who have acquired citizenship,NEU_P_HHAB,Ireland,IE,2019,2019,1.57
Annual,A,Percentage,PC,Males,M,Share of non-EU citizens who have acquired citizenship,NEU_P_HHAB,Ireland,IE,2020,2020,1.12
Annual,A,Percentage,PC,Males,M,Share of non-EU citizens who have acquired citizenship,NEU_P_HHAB,Ireland,IE,2021,2021,2.49
Annual,A,Percentage,PC,Males,M,Share of non-EU citizens who have acquired citizenship,NEU_P_HHAB,Ireland,IE,2022,2022,3.32
Annual,A,Percentage,PC,Males,M,Share of non-EU citizens who have acquired citizenship,NEU_P_HHAB,Ireland,IE,2023,2023,3.74
Annual,A,Percentage,PC,Males,M,Share of non-EU citizens who have acquired citizenship,NEU_P_HHAB,Ireland,IE,2024,2024,4.3
Annual,A,Percentage,PC,Males,M,Share of EU citizens who have acquired citizenship,EU_P_HHAB,Ireland,IE,2009,2009,0.07
Annual,A,Percentage,PC,Males,M,Share of EU citizens who have acquired citizenship,EU_P_HHAB,Ireland,IE,2010,2010,0.1
Annual,A,Percentage,PC,Males,M,Share of EU citizens who have acquired citizenship,EU_P_HHAB,Ireland,IE,2011,2011,0.09
Annual,A,Percentage,PC,Males,M,Share of EU citizens who have acquired citizenship,EU_P_HHAB,Ireland,IE,2012,2012,0.32
Annual,A,Percentage,PC,Males,M,Share of EU citizens who have acquired citizenship,EU_P_HHAB,Ireland,IE,2013,2013,0.44
Annual,A,Percentage,PC,Males,M,Share of EU citizens who have acquired citizenship,EU_P_HHAB,Ireland,IE,2014,2014,0.71
Annual,A,Percentage,PC,Males,M,Share of EU citizens who have acquired citizenship,EU_P_HHAB,Ireland,IE,2015,2015,0.77
Annual,A,Percentage,PC,Males,M,Share of EU citizens who have acquired citizenship,EU_P_HHAB,Ireland,IE,2016,2016,0.76
Annual,A,Percentage,PC,Males,M,Share of EU citizens who have acquired citizenship,EU_P_HHAB,Ireland,IE,2017,2017,0.85
Annual,A,Percentage,PC,Males,M,Share of EU citizens who have acquired citizenship,EU_P_HHAB,Ireland,IE,2018,2018,0.91
Annual,A,Percentage,PC,Males,M,Share of EU citizens who have acquired citizenship,EU_P_HHAB,Ireland,IE,2019,2019,0.64
Annual,A,Percentage,PC,Males,M,Share of EU citizens who have acquired citizenship,EU_P_HHAB,Ireland,IE,2020,2020,0.52
Annual,A,Percentage,PC,Males,M,Share of EU citizens who have acquired citizenship,EU_P_HHAB,Ireland,IE,2021,2021,0.75
Annual,A,Percentage,PC,Males,M,Share of EU citizens who have acquired citizenship,EU_P_HHAB,Ireland,IE,2022,2022,0.82
Annual,A,Percentage,PC,Males,M,Share of EU citizens who have acquired citizenship,EU_P_HHAB,Ireland,IE,2023,2023,1.01
Annual,A,Percentage,PC,Males,M,Share of EU citizens who have acquired citizenship,EU_P_HHAB,Ireland,IE,2024,2024,1.3
Annual,A,Percentage,PC,Females,F,Share of foreign citizens who have acquired citizenship,FOR_P_HHAB,Ireland,IE,2009,2009,0.76
Annual,A,Percentage,PC,Females,F,Share of foreign citizens who have acquired citizenship,FOR_P_HHAB,Ireland,IE,2010,2010,1.07
Annual,A,Percentage,PC,Females,F,Share of foreign citizens who have acquired citizenship,FOR_P_HHAB,Ireland,IE,2011,2011,1.88
Annual,A,Percentage,PC,Females,F,Share of foreign citizens who have acquired citizenship,FOR_P_HHAB,Ireland,IE,2012,2012,5.06
Annual,A,Percentage,PC,Females,F,Share of foreign citizens who have acquired citizenship,FOR_P_HHAB,Ireland,IE,2013,2013,4.89
Annual,A,Percentage,PC,Females,F,Share of foreign citizens who have acquired citizenship,FOR_P_HHAB,Ireland,IE,2014,2014,4.07
Annual,A,Percentage,PC,Females,F,Share of foreign citizens who have acquired citizenship,FOR_P_HHAB,Ireland,IE,2015,2015,2.47
Annual,A,Percentage,PC,Females,F,Share of foreign citizens who have acquired citizenship,FOR_P_HHAB,Ireland,IE,2016,2016,1.85
Annual,A,Percentage,PC,Females,F,Share of foreign citizens who have acquired citizenship,FOR_P_HHAB,Ireland,IE,2017,2017,1.46
Annual,A,Percentage,PC,Females,F,Share of foreign citizens who have acquired citizenship,FOR_P_HHAB,Ireland,IE,2018,2018,1.41
Annual,A,Percentage,PC,Females,F,Share of foreign citizens who have acquired citizenship,FOR_P_HHAB,Ireland,IE,2019,2019,0.97
Annual,A,Percentage,PC,Females,F,Share of foreign citizens who have acquired citizenship,FOR_P_HHAB,Ireland,IE,2020,2020,0.89
Annual,A,Percentage,PC,Females,F,Share of foreign citizens who have acquired citizenship,FOR_P_HHAB,Ireland,IE,2021,2021,1.42
Annual,A,Percentage,PC,Females,F,Share of foreign citizens who have acquired citizenship,FOR_P_HHAB,Ireland,IE,2022,2022,2.06
Annual,A,Percentage,PC,Females,F,Share of foreign citizens who have acquired citizenship,FOR_P_HHAB,Ireland,IE,2023,2023,2.34
Annual,A,Percentage,PC,Females,F,Share of foreign citizens who have acquired citizenship,FOR_P_HHAB,Ireland,IE,2024,2024,2.91
Annual,A,Percentage,PC,Females,F,Share of non-EU citizens who have acquired citizenship,NEU_P_HHAB,Ireland,IE,2009,2009,2.54
Annual,A,Percentage,PC,Females,F,Share of non-EU citizens who have acquired citizenship,NEU_P_HHAB,Ireland,IE,2010,2010,3.59
Annual,A,Percentage,PC,Females,F,Share of non-EU citizens who have acquired citizenship,NEU_P_HHAB,Ireland,IE,2011,2011,6.28
Annual,A,Percentage,PC,Females,F,Share of non-EU citizens who have acquired citizenship,NEU_P_HHAB,Ireland,IE,2012,2012,16.99
Annual,A,Percentage,PC,Females,F,Share of non-EU citizens who have acquired citizenship,NEU_P_HHAB,Ireland,IE,2013,2013,17.42
Annual,A,Percentage,PC,Females,F,Share of non-EU citizens who have acquired citizenship,NEU_P_HHAB,Ireland,IE,2014,2014,14.98
Annual,A,Percentage,PC,Females,F,Share of non-EU citizens who have acquired citizenship,NEU_P_HHAB,Ireland,IE,2015,2015,8.39
Annual,A,Percentage,PC,Females,F,Share of non-EU citizens who have acquired citizenship,NEU_P_HHAB,Ireland,IE,2016,2016,5.24
Annual,A,Percentage,PC,Females,F,Share of non-EU citizens who have acquired citizenship,NEU_P_HHAB,Ireland,IE,2017,2017,3.1
Annual,A,Percentage,PC,Females,F,Share of non-EU citizens who have acquired citizenship,NEU_P_HHAB,Ireland,IE,2018,2018,2.68
Annual,A,Percentage,PC,Females,F,Share of non-EU citizens who have acquired citizenship,NEU_P_HHAB,Ireland,IE,2019,2019,1.69
Annual,A,Percentage,PC,Females,F,Share of non-EU citizens who have acquired citizenship,NEU_P_HHAB,Ireland,IE,2020,2020,1.24
Annual,A,Percentage,PC,Females,F,Share of non-EU citizens who have acquired citizenship,NEU_P_HHAB,Ireland,IE,2021,2021,2.18
Annual,A,Percentage,PC,Females,F,Share of non-EU citizens who have acquired citizenship,NEU_P_HHAB,Ireland,IE,2022,2022,3.34
Annual,A,Percentage,PC,Females,F,Share of non-EU citizens who have acquired citizenship,NEU_P_HHAB,Ireland,IE,2023,2023,3.47
Annual,A,Percentage,PC,Females,F,Share of non-EU citizens who have acquired citizenship,NEU_P_HHAB,Ireland,IE,2024,2024,4.2
Annual,A,Percentage,PC,Females,F,Share of EU citizens who have acquired citizenship,EU_P_HHAB,Ireland,IE,2009,2009,0.06
Annual,A,Percentage,PC,Females,F,Share of EU citizens who have acquired citizenship,EU_P_HHAB,Ireland,IE,2010,2010,0.09
Annual,A,Percentage,PC,Females,F,Share of EU citizens who have acquired citizenship,EU_P_HHAB,Ireland,IE,2011,2011,0.1
Annual,A,Percentage,PC,Females,F,Share of EU citizens who have acquired citizenship,EU_P_HHAB,Ireland,IE,2012,2012,0.34
Annual,A,Percentage,PC,Females,F,Share of EU citizens who have acquired citizenship,EU_P_HHAB,Ireland,IE,2013,2013,0.45
Annual,A,Percentage,PC,Females,F,Share of EU citizens who have acquired citizenship,EU_P_HHAB,Ireland,IE,2014,2014,0.73
Annual,A,Percentage,PC,Females,F,Share of EU citizens who have acquired citizenship,EU_P_HHAB,Ireland,IE,2015,2015,0.74
Annual,A,Percentage,PC,Females,F,Share of EU citizens who have acquired citizenship,EU_P_HHAB,Ireland,IE,2016,2016,0.83
Annual,A,Percentage,PC,Females,F,Share of EU citizens who have acquired citizenship,EU_P_HHAB,Ireland,IE,2017,2017,0.91
Annual,A,Percentage,PC,Females,F,Share of EU citizens who have acquired citizenship,EU_P_HHAB,Ireland,IE,2018,2018,0.94
Annual,A,Percentage,PC,Females,F,Share of EU citizens who have acquired citizenship,EU_P_HHAB,Ireland,IE,2019,2019,0.66
Annual,A,Percentage,PC,Females,F,Share of EU citizens who have acquired citizenship,EU_P_HHAB,Ireland,IE,2020,2020,0.57
Annual,A,Percentage,PC,Females,F,Share of EU citizens who have acquired citizenship,EU_P_HHAB,Ireland,IE,2021,2021,0.7
Annual,A,Percentage,PC,Females,F,Share of EU citizens who have acquired citizenship,EU_P_HHAB,Ireland,IE,2022,2022,0.87
Annual,A,Percentage,PC,Females,F,Share of EU citizens who have acquired citizenship,EU_P_HHAB,Ireland,IE,2023,2023,0.96
Annual,A,Percentage,PC,Females,F,Share of EU citizens who have acquired citizenship,EU_P_HHAB,Ireland,IE,2024,2024,1.21
