citizenship,residents_census_2022,certificates_2022,certificates_avg_2021_2023,certificates_2025,per_100_residents_2022,per_100_residents_avg_2021_2023
Poland,93680,874,894.0,1386,0.93,0.95
United Kingdom of Great Britain and Northern Ireland (the),83347,1255,1148.3,1605,1.51,1.38
India,45449,1177,1475.0,6298,2.59,3.25
Romania,43323,893,873.0,1752,2.06,2.02
Lithuania,31177,129,133.3,288,0.41,0.43
Brazil,27338,523,566.0,2353,1.91,2.07
Italy,18319,103,102.0,491,0.56,0.56
Latvia,18300,194,239.3,411,1.06,1.31
Spain,17953,42,44.7,161,0.23,0.25
France,13893,42,42.0,176,0.3,0.3
Croatia,13649,88,94.7,262,0.64,0.69
United States of America (the),13412,332,306.0,685,2.48,2.28
China,13050,389,513.7,1073,2.98,3.94
Germany,12390,41,41.7,168,0.33,0.34
Ukraine,11791,177,176.7,354,1.5,1.5
Pakistan,9309,1065,914.3,839,11.44,9.82
Slovakia,8600,48,38.3,149,0.56,0.45
Hungary,8503,137,145.7,260,1.61,1.71
Nigeria,8368,784,900.0,1074,9.37,10.76
Portugal,8310,32,30.3,132,0.39,0.37
South Africa,8250,258,268.3,1038,3.13,3.25
Philippines (the),7736,333,415.7,1374,4.3,5.37
Netherlands (the),4670,0,3.7,32,0.0,0.08
Czechia,4530,30,29.7,56,0.66,0.65
Bulgaria,3994,83,83.3,153,2.08,2.09
Canada,3528,58,60.0,139,1.64,1.7
Australia,3481,79,74.0,114,2.27,2.13
Malaysia,3407,87,89.7,142,2.55,2.63
Syrian Arab Republic (the),3267,636,505.7,420,19.47,15.48
Moldova (the Republic of),3119,38,42.3,42,1.22,1.36
Turkiye,2984,120,149.7,362,4.02,5.02
Russian Federation (the),2939,198,211.3,399,6.74,7.19
Zimbabwe,2732,113,141.7,376,4.14,5.19
Mexico,2635,44,51.0,177,1.67,1.94
Egypt,2440,193,232.3,579,7.91,9.52
Greece,2067,16,13.3,68,0.77,0.65
Sweden,1944,0,5.3,23,0.0,0.27
Estonia,1892,20,18.7,23,1.06,0.99
Mauritius,1802,123,108.0,567,6.83,5.99
Bangladesh,1722,233,218.0,244,13.53,12.66
Sudan (the),1719,164,174.3,278,9.54,10.14
Afghanistan,1699,165,130.0,138,9.71,7.65
Belgium,1581,0,0.0,20,0.0,0.0
Argentina,1348,33,35.3,92,2.45,2.62
Venezuela (Bolivarian Republic of),1316,109,94.3,179,8.28,7.17
New Zealand,1241,27,28.7,57,2.18,2.31
Somalia,1185,136,99.3,97,11.48,8.38
Georgia,1180,66,56.0,102,5.59,4.75
Albania,1131,77,76.3,125,6.81,6.75
Japan,1124,0,0.0,12,0.0,0.0
Thailand,1075,98,101.7,93,9.12,9.46
Finland,1061,0,0.0,12,0.0,0.0
Chile,1046,0,3.3,40,0.0,0.32
Algeria,1028,87,71.0,53,8.46,6.91
Democratic Rep of Congo,954,127,132.0,215,13.31,13.84
Denmark,935,0,0.0,14,0.0,0.0
Switzerland,836,0,0.0,0,0.0,0.0
Iran (Islamic Republic of),829,92,68.0,58,11.1,8.2
Malawi,773,30,30.7,126,3.88,3.97
Iraq,746,160,121.7,87,21.45,16.31
Viet Nam,730,52,57.3,92,7.12,7.85
Mongolia,697,49,49.0,67,7.03,7.03
Nepal,671,35,34.7,138,5.22,5.17
Ghana,653,72,73.3,85,11.03,11.23
Taiwan (Province of China),588,0,12.0,40,0.0,2.04
Serbia,587,18,23.7,55,3.07,4.03
Israel,579,34,32.3,59,5.87,5.58
Bolivia (Plurinational State of),572,11,7.7,29,1.92,1.34
Morocco,571,61,46.3,39,10.68,8.11
Libya,537,70,67.7,78,13.04,12.6
Kuwait,525,27,12.7,10,5.14,2.41
Kenya,518,54,43.3,41,10.42,8.37
Sri Lanka,489,45,42.0,66,9.2,8.59
Botswana,454,11,11.3,51,2.42,2.5
Colombia,425,27,24.0,59,6.35,5.65
Belarus,410,30,35.3,45,7.32,8.62
Singapore,353,0,0.0,11,0.0,0.0
Jordan,347,25,25.7,43,7.2,7.4
Cameroon,344,57,53.7,49,16.57,15.6
Lebanon,335,18,26.7,41,5.37,7.96
Indonesia,325,0,3.3,26,0.0,1.03
Uganda,290,25,28.3,30,8.62,9.77
Ethiopia,263,17,22.3,38,6.46,8.49
Bosnia and Herzegovina,260,0,4.3,24,0.0,1.67
El Salvador,246,0,0.0,20,0.0,0.0
Tunisia,240,21,24.7,47,8.75,10.28
Peru,231,0,4.0,16,0.0,1.73
Uruguay,208,0,0.0,11,0.0,0.0
Cyprus,207,0,0.0,12,0.0,0.0
Angola,206,19,18.3,21,9.22,8.9
Costa Rica,189,0,0.0,13,0.0,0.0
Kazakhstan,174,11,10.3,22,6.32,5.94
Trinidad and Tobago,138,0,0.0,12,0.0,0.0
Zambia,133,0,0.0,15,0.0,0.0
Eritrea,130,16,16.7,13,12.31,12.82
Sierra Leone,121,10,9.3,20,8.26,7.71
Armenia,113,14,9.3,20,12.39,8.26
Cuba,96,0,4.0,11,0.0,4.17
Togo,94,12,15.7,19,12.77,16.67
Yemen,94,0,0.0,0,0.0,0.0
Guinea,73,14,12.7,0,19.18,17.35
Azerbaijan,73,0,3.3,0,0.0,4.57
Jamaica,71,0,5.0,0,0.0,7.04
Burundi,63,0,5.7,0,0.0,8.99
Uzbekistan,63,0,0.0,10,0.0,0.0
Nicaragua,59,0,0.0,10,0.0,0.0
Myanmar,58,0,0.0,0,0.0,0.0
Dominican Republic (the),54,0,0.0,11,0.0,0.0
Liberia,33,11,3.7,0,33.33,11.11
