Statistic,Day,NACE Sector,value
Number of Employments,2022 June 20,Financial and insurance activities (K),23.0
Number of Employments,2022 June 20,Transportation and Storage (H),42.0
Number of Employments,2022 June 20,Information and communication (J),62.0
Number of Employments,2022 June 20,Public Administration and Defence (O),66.0
Number of Employments,2022 June 20,Education (P),75.0
Number of Employments,2022 June 20,Human Health and Social Work Activities (Q),90.0
Number of Employments,2022 June 20,Real estate activities (L),119.0
Number of Employments,2022 June 20,"Professional, Scientific and Technical Activities (M)",119.0
Number of Employments,2022 June 20,"Agriculture, Forestry and Fishing (A)",174.0
Number of Employments,2022 June 20,Construction (F),201.0
Number of Employments,2022 June 20,Administrative and Support Service Activities (N),258.0
Number of Employments,2022 June 20,"Miscellaneous NACE Sectors (B, D, E, R-T)",336.0
Number of Employments,2022 June 20,Manufacturing (C),372.0
Number of Employments,2022 June 20,Wholesale and Retail Trade (G),700.0
Number of Employments,2022 June 20,Accommodation & Food Service Activities (I),2420.0
Number of Employments,2022 June 20,All NACE Economic Sectors,5057.0
Number of Employments,2022 July 18,Financial and insurance activities (K),36.0
Number of Employments,2022 July 18,Transportation and Storage (H),58.0
Number of Employments,2022 July 18,Information and communication (J),89.0
Number of Employments,2022 July 18,Public Administration and Defence (O),90.0
Number of Employments,2022 July 18,Education (P),120.0
Number of Employments,2022 July 18,Human Health and Social Work Activities (Q),126.0
Number of Employments,2022 July 18,Real estate activities (L),156.0
Number of Employments,2022 July 18,"Professional, Scientific and Technical Activities (M)",167.0
Number of Employments,2022 July 18,"Agriculture, Forestry and Fishing (A)",205.0
Number of Employments,2022 July 18,Construction (F),280.0
Number of Employments,2022 July 18,Administrative and Support Service Activities (N),389.0
Number of Employments,2022 July 18,"Miscellaneous NACE Sectors (B, D, E, R-T)",444.0
Number of Employments,2022 July 18,Manufacturing (C),537.0
Number of Employments,2022 July 18,Wholesale and Retail Trade (G),886.0
Number of Employments,2022 July 18,Accommodation & Food Service Activities (I),3059.0
Number of Employments,2022 July 18,All NACE Economic Sectors,6642.0
Number of Employments,2022 August 15,Financial and insurance activities (K),49.0
Number of Employments,2022 August 15,Transportation and Storage (H),78.0
Number of Employments,2022 August 15,Information and communication (J),124.0
Number of Employments,2022 August 15,Public Administration and Defence (O),104.0
Number of Employments,2022 August 15,Education (P),150.0
Number of Employments,2022 August 15,Human Health and Social Work Activities (Q),154.0
Number of Employments,2022 August 15,Real estate activities (L),190.0
Number of Employments,2022 August 15,"Professional, Scientific and Technical Activities (M)",206.0
Number of Employments,2022 August 15,"Agriculture, Forestry and Fishing (A)",241.0
Number of Employments,2022 August 15,Construction (F),359.0
Number of Employments,2022 August 15,Administrative and Support Service Activities (N),548.0
Number of Employments,2022 August 15,"Miscellaneous NACE Sectors (B, D, E, R-T)",535.0
Number of Employments,2022 August 15,Manufacturing (C),660.0
Number of Employments,2022 August 15,Wholesale and Retail Trade (G),1098.0
Number of Employments,2022 August 15,Accommodation & Food Service Activities (I),3587.0
Number of Employments,2022 August 15,All NACE Economic Sectors,8083.0
Number of Employments,2022 September 26,Financial and insurance activities (K),87.0
Number of Employments,2022 September 26,Transportation and Storage (H),103.0
Number of Employments,2022 September 26,Information and communication (J),156.0
Number of Employments,2022 September 26,Public Administration and Defence (O),133.0
Number of Employments,2022 September 26,Education (P),217.0
Number of Employments,2022 September 26,Human Health and Social Work Activities (Q),209.0
Number of Employments,2022 September 26,Real estate activities (L),235.0
Number of Employments,2022 September 26,"Professional, Scientific and Technical Activities (M)",303.0
Number of Employments,2022 September 26,"Agriculture, Forestry and Fishing (A)",314.0
Number of Employments,2022 September 26,Construction (F),480.0
Number of Employments,2022 September 26,Administrative and Support Service Activities (N),798.0
Number of Employments,2022 September 26,"Miscellaneous NACE Sectors (B, D, E, R-T)",647.0
Number of Employments,2022 September 26,Manufacturing (C),995.0
Number of Employments,2022 September 26,Wholesale and Retail Trade (G),1551.0
Number of Employments,2022 September 26,Accommodation & Food Service Activities (I),4461.0
Number of Employments,2022 September 26,All NACE Economic Sectors,10689.0
Number of Employments,2022 November 07,Financial and insurance activities (K),97.0
Number of Employments,2022 November 07,Transportation and Storage (H),143.0
Number of Employments,2022 November 07,Information and communication (J),206.0
Number of Employments,2022 November 07,Public Administration and Defence (O),150.0
Number of Employments,2022 November 07,Education (P),298.0
Number of Employments,2022 November 07,Human Health and Social Work Activities (Q),270.0
Number of Employments,2022 November 07,Real estate activities (L),294.0
Number of Employments,2022 November 07,"Professional, Scientific and Technical Activities (M)",376.0
Number of Employments,2022 November 07,"Agriculture, Forestry and Fishing (A)",364.0
Number of Employments,2022 November 07,Construction (F),601.0
Number of Employments,2022 November 07,Administrative and Support Service Activities (N),1023.0
Number of Employments,2022 November 07,"Miscellaneous NACE Sectors (B, D, E, R-T)",775.0
Number of Employments,2022 November 07,Manufacturing (C),1280.0
Number of Employments,2022 November 07,Wholesale and Retail Trade (G),1934.0
Number of Employments,2022 November 07,Accommodation & Food Service Activities (I),5147.0
Number of Employments,2022 November 07,All NACE Economic Sectors,12958.0
Number of Employments,2022 December 12,Financial and insurance activities (K),106.0
Number of Employments,2022 December 12,Transportation and Storage (H),172.0
Number of Employments,2022 December 12,Information and communication (J),240.0
Number of Employments,2022 December 12,Public Administration and Defence (O),176.0
Number of Employments,2022 December 12,Education (P),343.0
Number of Employments,2022 December 12,Human Health and Social Work Activities (Q),318.0
Number of Employments,2022 December 12,Real estate activities (L),317.0
Number of Employments,2022 December 12,"Professional, Scientific and Technical Activities (M)",409.0
Number of Employments,2022 December 12,"Agriculture, Forestry and Fishing (A)",417.0
Number of Employments,2022 December 12,Construction (F),673.0
Number of Employments,2022 December 12,Administrative and Support Service Activities (N),1210.0
Number of Employments,2022 December 12,"Miscellaneous NACE Sectors (B, D, E, R-T)",885.0
Number of Employments,2022 December 12,Manufacturing (C),1509.0
Number of Employments,2022 December 12,Wholesale and Retail Trade (G),2258.0
Number of Employments,2022 December 12,Accommodation & Food Service Activities (I),5594.0
Number of Employments,2022 December 12,All NACE Economic Sectors,14627.0
Number of Employments,2023 February 14,Financial and insurance activities (K),115.0
Number of Employments,2023 February 14,Transportation and Storage (H),219.0
Number of Employments,2023 February 14,Information and communication (J),296.0
Number of Employments,2023 February 14,Public Administration and Defence (O),186.0
Number of Employments,2023 February 14,Education (P),383.0
Number of Employments,2023 February 14,Human Health and Social Work Activities (Q),382.0
Number of Employments,2023 February 14,Real estate activities (L),361.0
Number of Employments,2023 February 14,"Professional, Scientific and Technical Activities (M)",476.0
Number of Employments,2023 February 14,"Agriculture, Forestry and Fishing (A)",490.0
Number of Employments,2023 February 14,Construction (F),815.0
Number of Employments,2023 February 14,Administrative and Support Service Activities (N),1430.0
Number of Employments,2023 February 14,"Miscellaneous NACE Sectors (B, D, E, R-T)",963.0
Number of Employments,2023 February 14,Manufacturing (C),1780.0
Number of Employments,2023 February 14,Wholesale and Retail Trade (G),2674.0
Number of Employments,2023 February 14,Accommodation & Food Service Activities (I),6204.0
Number of Employments,2023 February 14,All NACE Economic Sectors,16774.0
Number of Employments,2023 March 13,Financial and insurance activities (K),125.0
Number of Employments,2023 March 13,Transportation and Storage (H),246.0
Number of Employments,2023 March 13,Information and communication (J),315.0
Number of Employments,2023 March 13,Public Administration and Defence (O),194.0
Number of Employments,2023 March 13,Education (P),416.0
Number of Employments,2023 March 13,Human Health and Social Work Activities (Q),416.0
Number of Employments,2023 March 13,Real estate activities (L),378.0
Number of Employments,2023 March 13,"Professional, Scientific and Technical Activities (M)",508.0
Number of Employments,2023 March 13,"Agriculture, Forestry and Fishing (A)",537.0
Number of Employments,2023 March 13,Construction (F),901.0
Number of Employments,2023 March 13,Administrative and Support Service Activities (N),1515.0
Number of Employments,2023 March 13,"Miscellaneous NACE Sectors (B, D, E, R-T)",1048.0
Number of Employments,2023 March 13,Manufacturing (C),1920.0
Number of Employments,2023 March 13,Wholesale and Retail Trade (G),2940.0
Number of Employments,2023 March 13,Accommodation & Food Service Activities (I),6642.0
Number of Employments,2023 March 13,All NACE Economic Sectors,18101.0
Number of Employments,2023 April 17,Financial and insurance activities (K),156.0
Number of Employments,2023 April 17,Transportation and Storage (H),278.0
Number of Employments,2023 April 17,Information and communication (J),341.0
Number of Employments,2023 April 17,Public Administration and Defence (O),206.0
Number of Employments,2023 April 17,Education (P),446.0
Number of Employments,2023 April 17,Human Health and Social Work Activities (Q),470.0
Number of Employments,2023 April 17,Real estate activities (L),398.0
Number of Employments,2023 April 17,"Professional, Scientific and Technical Activities (M)",553.0
Number of Employments,2023 April 17,"Agriculture, Forestry and Fishing (A)",591.0
Number of Employments,2023 April 17,Construction (F),1014.0
Number of Employments,2023 April 17,Administrative and Support Service Activities (N),1669.0
Number of Employments,2023 April 17,"Miscellaneous NACE Sectors (B, D, E, R-T)",1124.0
Number of Employments,2023 April 17,Manufacturing (C),2179.0
Number of Employments,2023 April 17,Wholesale and Retail Trade (G),3274.0
Number of Employments,2023 April 17,Accommodation & Food Service Activities (I),7440.0
Number of Employments,2023 April 17,All NACE Economic Sectors,20139.0
Number of Employments,2023 May 15,Financial and insurance activities (K),163.0
Number of Employments,2023 May 15,Transportation and Storage (H),304.0
Number of Employments,2023 May 15,Information and communication (J),351.0
Number of Employments,2023 May 15,Public Administration and Defence (O),212.0
Number of Employments,2023 May 15,Education (P),471.0
Number of Employments,2023 May 15,Human Health and Social Work Activities (Q),508.0
Number of Employments,2023 May 15,Real estate activities (L),421.0
Number of Employments,2023 May 15,"Professional, Scientific and Technical Activities (M)",589.0
Number of Employments,2023 May 15,"Agriculture, Forestry and Fishing (A)",636.0
Number of Employments,2023 May 15,Construction (F),1088.0
Number of Employments,2023 May 15,Administrative and Support Service Activities (N),1787.0
Number of Employments,2023 May 15,"Miscellaneous NACE Sectors (B, D, E, R-T)",1226.0
Number of Employments,2023 May 15,Manufacturing (C),2369.0
Number of Employments,2023 May 15,Wholesale and Retail Trade (G),3535.0
Number of Employments,2023 May 15,Accommodation & Food Service Activities (I),8060.0
Number of Employments,2023 May 15,All NACE Economic Sectors,21720.0
Number of Employments,2023 June 12,Financial and insurance activities (K),177.0
Number of Employments,2023 June 12,Transportation and Storage (H),329.0
Number of Employments,2023 June 12,Information and communication (J),363.0
Number of Employments,2023 June 12,Public Administration and Defence (O),226.0
Number of Employments,2023 June 12,Education (P),500.0
Number of Employments,2023 June 12,Human Health and Social Work Activities (Q),553.0
Number of Employments,2023 June 12,Real estate activities (L),457.0
Number of Employments,2023 June 12,"Professional, Scientific and Technical Activities (M)",606.0
Number of Employments,2023 June 12,"Agriculture, Forestry and Fishing (A)",681.0
Number of Employments,2023 June 12,Construction (F),1199.0
Number of Employments,2023 June 12,Administrative and Support Service Activities (N),1932.0
Number of Employments,2023 June 12,"Miscellaneous NACE Sectors (B, D, E, R-T)",1358.0
Number of Employments,2023 June 12,Manufacturing (C),2520.0
Number of Employments,2023 June 12,Wholesale and Retail Trade (G),3775.0
Number of Employments,2023 June 12,Accommodation & Food Service Activities (I),8694.0
Number of Employments,2023 June 12,All NACE Economic Sectors,23370.0
Number of Employments,2023 July 10,Financial and insurance activities (K),182.0
Number of Employments,2023 July 10,Transportation and Storage (H),352.0
Number of Employments,2023 July 10,Information and communication (J),382.0
Number of Employments,2023 July 10,Public Administration and Defence (O),253.0
Number of Employments,2023 July 10,Education (P),522.0
Number of Employments,2023 July 10,Human Health and Social Work Activities (Q),613.0
Number of Employments,2023 July 10,Real estate activities (L),485.0
Number of Employments,2023 July 10,"Professional, Scientific and Technical Activities (M)",631.0
Number of Employments,2023 July 10,"Agriculture, Forestry and Fishing (A)",721.0
Number of Employments,2023 July 10,Construction (F),1314.0
Number of Employments,2023 July 10,Administrative and Support Service Activities (N),2067.0
Number of Employments,2023 July 10,"Miscellaneous NACE Sectors (B, D, E, R-T)",1450.0
Number of Employments,2023 July 10,Manufacturing (C),2688.0
Number of Employments,2023 July 10,Wholesale and Retail Trade (G),4010.0
Number of Employments,2023 July 10,Accommodation & Food Service Activities (I),9266.0
Number of Employments,2023 July 10,All NACE Economic Sectors,24936.0
Number of Employments,2023 August 15,Financial and insurance activities (K),197.0
Number of Employments,2023 August 15,Transportation and Storage (H),388.0
Number of Employments,2023 August 15,Information and communication (J),398.0
Number of Employments,2023 August 15,Public Administration and Defence (O),290.0
Number of Employments,2023 August 15,Education (P),544.0
Number of Employments,2023 August 15,Human Health and Social Work Activities (Q),692.0
Number of Employments,2023 August 15,Real estate activities (L),537.0
Number of Employments,2023 August 15,"Professional, Scientific and Technical Activities (M)",666.0
Number of Employments,2023 August 15,"Agriculture, Forestry and Fishing (A)",741.0
Number of Employments,2023 August 15,Construction (F),1437.0
Number of Employments,2023 August 15,Administrative and Support Service Activities (N),2239.0
Number of Employments,2023 August 15,"Miscellaneous NACE Sectors (B, D, E, R-T)",1582.0
Number of Employments,2023 August 15,Manufacturing (C),2857.0
Number of Employments,2023 August 15,Wholesale and Retail Trade (G),4276.0
Number of Employments,2023 August 15,Accommodation & Food Service Activities (I),9773.0
Number of Employments,2023 August 15,All NACE Economic Sectors,26617.0
Number of Employments,2023 September 12,Financial and insurance activities (K),205.0
Number of Employments,2023 September 12,Transportation and Storage (H),413.0
Number of Employments,2023 September 12,Information and communication (J),417.0
Number of Employments,2023 September 12,Public Administration and Defence (O),340.0
Number of Employments,2023 September 12,Education (P),571.0
Number of Employments,2023 September 12,Human Health and Social Work Activities (Q),756.0
Number of Employments,2023 September 12,Real estate activities (L),564.0
Number of Employments,2023 September 12,"Professional, Scientific and Technical Activities (M)",696.0
Number of Employments,2023 September 12,"Agriculture, Forestry and Fishing (A)",776.0
Number of Employments,2023 September 12,Construction (F),1543.0
Number of Employments,2023 September 12,Administrative and Support Service Activities (N),2372.0
Number of Employments,2023 September 12,"Miscellaneous NACE Sectors (B, D, E, R-T)",1735.0
Number of Employments,2023 September 12,Manufacturing (C),3070.0
Number of Employments,2023 September 12,Wholesale and Retail Trade (G),4520.0
Number of Employments,2023 September 12,Accommodation & Food Service Activities (I),10208.0
Number of Employments,2023 September 12,All NACE Economic Sectors,28186.0
Number of Employments,2023 October 10,Financial and insurance activities (K),209.0
Number of Employments,2023 October 10,Transportation and Storage (H),434.0
Number of Employments,2023 October 10,Information and communication (J),443.0
Number of Employments,2023 October 10,Public Administration and Defence (O),378.0
Number of Employments,2023 October 10,Education (P),612.0
Number of Employments,2023 October 10,Human Health and Social Work Activities (Q),838.0
Number of Employments,2023 October 10,Real estate activities (L),593.0
Number of Employments,2023 October 10,"Professional, Scientific and Technical Activities (M)",746.0
Number of Employments,2023 October 10,"Agriculture, Forestry and Fishing (A)",808.0
Number of Employments,2023 October 10,Construction (F),1661.0
Number of Employments,2023 October 10,Administrative and Support Service Activities (N),2561.0
Number of Employments,2023 October 10,"Miscellaneous NACE Sectors (B, D, E, R-T)",1824.0
Number of Employments,2023 October 10,Manufacturing (C),3293.0
Number of Employments,2023 October 10,Wholesale and Retail Trade (G),4816.0
Number of Employments,2023 October 10,Accommodation & Food Service Activities (I),10710.0
Number of Employments,2023 October 10,All NACE Economic Sectors,29926.0
Number of Employments,2023 November 13,Financial and insurance activities (K),217.0
Number of Employments,2023 November 13,Transportation and Storage (H),473.0
Number of Employments,2023 November 13,Information and communication (J),471.0
Number of Employments,2023 November 13,Public Administration and Defence (O),419.0
Number of Employments,2023 November 13,Education (P),651.0
Number of Employments,2023 November 13,Human Health and Social Work Activities (Q),919.0
Number of Employments,2023 November 13,Real estate activities (L),612.0
Number of Employments,2023 November 13,"Professional, Scientific and Technical Activities (M)",812.0
Number of Employments,2023 November 13,"Agriculture, Forestry and Fishing (A)",835.0
Number of Employments,2023 November 13,Construction (F),1758.0
Number of Employments,2023 November 13,Administrative and Support Service Activities (N),2745.0
Number of Employments,2023 November 13,"Miscellaneous NACE Sectors (B, D, E, R-T)",1991.0
Number of Employments,2023 November 13,Manufacturing (C),3539.0
Number of Employments,2023 November 13,Wholesale and Retail Trade (G),5144.0
Number of Employments,2023 November 13,Accommodation & Food Service Activities (I),11114.0
Number of Employments,2023 November 13,All NACE Economic Sectors,31700.0
Number of Employments,2023 December 12,Financial and insurance activities (K),228.0
Number of Employments,2023 December 12,Transportation and Storage (H),523.0
Number of Employments,2023 December 12,Information and communication (J),484.0
Number of Employments,2023 December 12,Public Administration and Defence (O),438.0
Number of Employments,2023 December 12,Education (P),712.0
Number of Employments,2023 December 12,Human Health and Social Work Activities (Q),984.0
Number of Employments,2023 December 12,Real estate activities (L),636.0
Number of Employments,2023 December 12,"Professional, Scientific and Technical Activities (M)",849.0
Number of Employments,2023 December 12,"Agriculture, Forestry and Fishing (A)",890.0
Number of Employments,2023 December 12,Construction (F),1856.0
Number of Employments,2023 December 12,Administrative and Support Service Activities (N),2928.0
Number of Employments,2023 December 12,"Miscellaneous NACE Sectors (B, D, E, R-T)",2172.0
Number of Employments,2023 December 12,Manufacturing (C),3770.0
Number of Employments,2023 December 12,Wholesale and Retail Trade (G),5465.0
Number of Employments,2023 December 12,Accommodation & Food Service Activities (I),11418.0
Number of Employments,2023 December 12,All NACE Economic Sectors,33353.0
Number of Employments,2024 January 09,Financial and insurance activities (K),232.0
Number of Employments,2024 January 09,Transportation and Storage (H),534.0
Number of Employments,2024 January 09,Information and communication (J),489.0
Number of Employments,2024 January 09,Public Administration and Defence (O),449.0
Number of Employments,2024 January 09,Education (P),731.0
Number of Employments,2024 January 09,Human Health and Social Work Activities (Q),1027.0
Number of Employments,2024 January 09,Real estate activities (L),656.0
Number of Employments,2024 January 09,"Professional, Scientific and Technical Activities (M)",869.0
Number of Employments,2024 January 09,"Agriculture, Forestry and Fishing (A)",910.0
Number of Employments,2024 January 09,Construction (F),1884.0
Number of Employments,2024 January 09,Administrative and Support Service Activities (N),3030.0
Number of Employments,2024 January 09,"Miscellaneous NACE Sectors (B, D, E, R-T)",2247.0
Number of Employments,2024 January 09,Manufacturing (C),3845.0
Number of Employments,2024 January 09,Wholesale and Retail Trade (G),5605.0
Number of Employments,2024 January 09,Accommodation & Food Service Activities (I),11589.0
Number of Employments,2024 January 09,All NACE Economic Sectors,34097.0
Number of Employments,2024 February 12,Financial and insurance activities (K),241.0
Number of Employments,2024 February 12,Transportation and Storage (H),559.0
Number of Employments,2024 February 12,Information and communication (J),501.0
Number of Employments,2024 February 12,Public Administration and Defence (O),484.0
Number of Employments,2024 February 12,Education (P),777.0
Number of Employments,2024 February 12,Human Health and Social Work Activities (Q),1125.0
Number of Employments,2024 February 12,Real estate activities (L),670.0
Number of Employments,2024 February 12,"Professional, Scientific and Technical Activities (M)",896.0
Number of Employments,2024 February 12,"Agriculture, Forestry and Fishing (A)",937.0
Number of Employments,2024 February 12,Construction (F),1991.0
Number of Employments,2024 February 12,Administrative and Support Service Activities (N),3179.0
Number of Employments,2024 February 12,"Miscellaneous NACE Sectors (B, D, E, R-T)",2406.0
Number of Employments,2024 February 12,Manufacturing (C),4103.0
Number of Employments,2024 February 12,Wholesale and Retail Trade (G),5841.0
Number of Employments,2024 February 12,Accommodation & Food Service Activities (I),11823.0
Number of Employments,2024 February 12,All NACE Economic Sectors,35533.0
Number of Employments,2024 March 11,Financial and insurance activities (K),253.0
Number of Employments,2024 March 11,Transportation and Storage (H),577.0
Number of Employments,2024 March 11,Information and communication (J),523.0
Number of Employments,2024 March 11,Public Administration and Defence (O),507.0
Number of Employments,2024 March 11,Education (P),798.0
Number of Employments,2024 March 11,Human Health and Social Work Activities (Q),1222.0
Number of Employments,2024 March 11,Real estate activities (L),699.0
Number of Employments,2024 March 11,"Professional, Scientific and Technical Activities (M)",935.0
Number of Employments,2024 March 11,"Agriculture, Forestry and Fishing (A)",960.0
Number of Employments,2024 March 11,Construction (F),2099.0
Number of Employments,2024 March 11,Administrative and Support Service Activities (N),3348.0
Number of Employments,2024 March 11,"Miscellaneous NACE Sectors (B, D, E, R-T)",2459.0
Number of Employments,2024 March 11,Manufacturing (C),4269.0
Number of Employments,2024 March 11,Wholesale and Retail Trade (G),6088.0
Number of Employments,2024 March 11,Accommodation & Food Service Activities (I),12153.0
Number of Employments,2024 March 11,All NACE Economic Sectors,36890.0
Number of Employments,2024 April 08,Financial and insurance activities (K),265.0
Number of Employments,2024 April 08,Transportation and Storage (H),603.0
Number of Employments,2024 April 08,Information and communication (J),536.0
Number of Employments,2024 April 08,Public Administration and Defence (O),533.0
Number of Employments,2024 April 08,Education (P),822.0
Number of Employments,2024 April 08,Human Health and Social Work Activities (Q),1304.0
Number of Employments,2024 April 08,Real estate activities (L),728.0
Number of Employments,2024 April 08,"Professional, Scientific and Technical Activities (M)",989.0
Number of Employments,2024 April 08,"Agriculture, Forestry and Fishing (A)",994.0
Number of Employments,2024 April 08,Construction (F),2180.0
Number of Employments,2024 April 08,Administrative and Support Service Activities (N),3476.0
Number of Employments,2024 April 08,"Miscellaneous NACE Sectors (B, D, E, R-T)",2618.0
Number of Employments,2024 April 08,Manufacturing (C),4453.0
Number of Employments,2024 April 08,Wholesale and Retail Trade (G),6350.0
Number of Employments,2024 April 08,Accommodation & Food Service Activities (I),12545.0
Number of Employments,2024 April 08,All NACE Economic Sectors,38396.0
Number of Employments,2024 May 13,Financial and insurance activities (K),280.0
Number of Employments,2024 May 13,Transportation and Storage (H),644.0
Number of Employments,2024 May 13,Information and communication (J),554.0
Number of Employments,2024 May 13,Public Administration and Defence (O),552.0
Number of Employments,2024 May 13,Education (P),852.0
Number of Employments,2024 May 13,Human Health and Social Work Activities (Q),1405.0
Number of Employments,2024 May 13,Real estate activities (L),775.0
Number of Employments,2024 May 13,"Professional, Scientific and Technical Activities (M)",1028.0
Number of Employments,2024 May 13,"Agriculture, Forestry and Fishing (A)",1033.0
Number of Employments,2024 May 13,Construction (F),2300.0
Number of Employments,2024 May 13,Administrative and Support Service Activities (N),3658.0
Number of Employments,2024 May 13,"Miscellaneous NACE Sectors (B, D, E, R-T)",2810.0
Number of Employments,2024 May 13,Manufacturing (C),4688.0
Number of Employments,2024 May 13,Wholesale and Retail Trade (G),6636.0
Number of Employments,2024 May 13,Accommodation & Food Service Activities (I),13108.0
Number of Employments,2024 May 13,All NACE Economic Sectors,40323.0
Number of Employments,2024 June 11,Financial and insurance activities (K),290.0
Number of Employments,2024 June 11,Transportation and Storage (H),678.0
Number of Employments,2024 June 11,Information and communication (J),578.0
Number of Employments,2024 June 11,Public Administration and Defence (O),572.0
Number of Employments,2024 June 11,Education (P),884.0
Number of Employments,2024 June 11,Human Health and Social Work Activities (Q),1494.0
Number of Employments,2024 June 11,Real estate activities (L),808.0
Number of Employments,2024 June 11,"Professional, Scientific and Technical Activities (M)",1072.0
Number of Employments,2024 June 11,"Agriculture, Forestry and Fishing (A)",1070.0
Number of Employments,2024 June 11,Construction (F),2400.0
Number of Employments,2024 June 11,Administrative and Support Service Activities (N),3813.0
Number of Employments,2024 June 11,"Miscellaneous NACE Sectors (B, D, E, R-T)",3004.0
Number of Employments,2024 June 11,Manufacturing (C),4902.0
Number of Employments,2024 June 11,Wholesale and Retail Trade (G),6934.0
Number of Employments,2024 June 11,Accommodation & Food Service Activities (I),13671.0
Number of Employments,2024 June 11,All NACE Economic Sectors,42170.0
Number of Employments,2024 July 08,Financial and insurance activities (K),328.0
Number of Employments,2024 July 08,Transportation and Storage (H),709.0
Number of Employments,2024 July 08,Information and communication (J),619.0
Number of Employments,2024 July 08,Public Administration and Defence (O),584.0
Number of Employments,2024 July 08,Education (P),928.0
Number of Employments,2024 July 08,Human Health and Social Work Activities (Q),1602.0
Number of Employments,2024 July 08,Real estate activities (L),843.0
Number of Employments,2024 July 08,"Professional, Scientific and Technical Activities (M)",1120.0
Number of Employments,2024 July 08,"Agriculture, Forestry and Fishing (A)",1115.0
Number of Employments,2024 July 08,Construction (F),2505.0
Number of Employments,2024 July 08,Administrative and Support Service Activities (N),3986.0
Number of Employments,2024 July 08,"Miscellaneous NACE Sectors (B, D, E, R-T)",2932.0
Number of Employments,2024 July 08,Manufacturing (C),5075.0
Number of Employments,2024 July 08,Wholesale and Retail Trade (G),7182.0
Number of Employments,2024 July 08,Accommodation & Food Service Activities (I),14177.0
Number of Employments,2024 July 08,All NACE Economic Sectors,43705.0
Number of Employments,2024 August 12,Financial and insurance activities (K),342.0
Number of Employments,2024 August 12,Transportation and Storage (H),739.0
Number of Employments,2024 August 12,Information and communication (J),652.0
Number of Employments,2024 August 12,Public Administration and Defence (O),619.0
Number of Employments,2024 August 12,Education (P),955.0
Number of Employments,2024 August 12,Human Health and Social Work Activities (Q),1686.0
Number of Employments,2024 August 12,Real estate activities (L),862.0
Number of Employments,2024 August 12,"Professional, Scientific and Technical Activities (M)",1154.0
Number of Employments,2024 August 12,"Agriculture, Forestry and Fishing (A)",1158.0
Number of Employments,2024 August 12,Construction (F),2615.0
Number of Employments,2024 August 12,Administrative and Support Service Activities (N),4146.0
Number of Employments,2024 August 12,"Miscellaneous NACE Sectors (B, D, E, R-T)",3091.0
Number of Employments,2024 August 12,Manufacturing (C),5287.0
Number of Employments,2024 August 12,Wholesale and Retail Trade (G),7430.0
Number of Employments,2024 August 12,Accommodation & Food Service Activities (I),14512.0
Number of Employments,2024 August 12,All NACE Economic Sectors,45248.0
Number of Employments,2024 September 09,Financial and insurance activities (K),352.0
Number of Employments,2024 September 09,Transportation and Storage (H),761.0
Number of Employments,2024 September 09,Information and communication (J),672.0
Number of Employments,2024 September 09,Public Administration and Defence (O),639.0
Number of Employments,2024 September 09,Education (P),991.0
Number of Employments,2024 September 09,Human Health and Social Work Activities (Q),1777.0
Number of Employments,2024 September 09,Real estate activities (L),879.0
Number of Employments,2024 September 09,"Professional, Scientific and Technical Activities (M)",1183.0
Number of Employments,2024 September 09,"Agriculture, Forestry and Fishing (A)",1182.0
Number of Employments,2024 September 09,Construction (F),2714.0
Number of Employments,2024 September 09,Administrative and Support Service Activities (N),4319.0
Number of Employments,2024 September 09,"Miscellaneous NACE Sectors (B, D, E, R-T)",3252.0
Number of Employments,2024 September 09,Manufacturing (C),5535.0
Number of Employments,2024 September 09,Wholesale and Retail Trade (G),7680.0
Number of Employments,2024 September 09,Accommodation & Food Service Activities (I),14861.0
Number of Employments,2024 September 09,All NACE Economic Sectors,46797.0
Number of Employments,2024 October 08,Financial and insurance activities (K),368.0
Number of Employments,2024 October 08,Transportation and Storage (H),808.0
Number of Employments,2024 October 08,Information and communication (J),700.0
Number of Employments,2024 October 08,Public Administration and Defence (O),668.0
Number of Employments,2024 October 08,Education (P),1045.0
Number of Employments,2024 October 08,Human Health and Social Work Activities (Q),1897.0
Number of Employments,2024 October 08,Real estate activities (L),915.0
Number of Employments,2024 October 08,"Professional, Scientific and Technical Activities (M)",1225.0
Number of Employments,2024 October 08,"Agriculture, Forestry and Fishing (A)",1218.0
Number of Employments,2024 October 08,Construction (F),2860.0
Number of Employments,2024 October 08,Administrative and Support Service Activities (N),4510.0
Number of Employments,2024 October 08,"Miscellaneous NACE Sectors (B, D, E, R-T)",3445.0
Number of Employments,2024 October 08,Manufacturing (C),5793.0
Number of Employments,2024 October 08,Wholesale and Retail Trade (G),8000.0
Number of Employments,2024 October 08,Accommodation & Food Service Activities (I),15350.0
Number of Employments,2024 October 08,All NACE Economic Sectors,48802.0
Number of Employments,2024 November 11,Financial and insurance activities (K),376.0
Number of Employments,2024 November 11,Transportation and Storage (H),865.0
Number of Employments,2024 November 11,Information and communication (J),730.0
Number of Employments,2024 November 11,Public Administration and Defence (O),728.0
Number of Employments,2024 November 11,Education (P),1089.0
Number of Employments,2024 November 11,Human Health and Social Work Activities (Q),2009.0
Number of Employments,2024 November 11,Real estate activities (L),943.0
Number of Employments,2024 November 11,"Professional, Scientific and Technical Activities (M)",1260.0
Number of Employments,2024 November 11,"Agriculture, Forestry and Fishing (A)",1288.0
Number of Employments,2024 November 11,Construction (F),3015.0
Number of Employments,2024 November 11,Administrative and Support Service Activities (N),4729.0
Number of Employments,2024 November 11,"Miscellaneous NACE Sectors (B, D, E, R-T)",3603.0
Number of Employments,2024 November 11,Manufacturing (C),6045.0
Number of Employments,2024 November 11,Wholesale and Retail Trade (G),8340.0
Number of Employments,2024 November 11,Accommodation & Food Service Activities (I),15658.0
Number of Employments,2024 November 11,All NACE Economic Sectors,50678.0
Number of Employments,2024 December 09,Financial and insurance activities (K),379.0
Number of Employments,2024 December 09,Transportation and Storage (H),969.0
Number of Employments,2024 December 09,Information and communication (J),748.0
Number of Employments,2024 December 09,Public Administration and Defence (O),750.0
Number of Employments,2024 December 09,Education (P),1120.0
Number of Employments,2024 December 09,Human Health and Social Work Activities (Q),2115.0
Number of Employments,2024 December 09,Real estate activities (L),958.0
Number of Employments,2024 December 09,"Professional, Scientific and Technical Activities (M)",1316.0
Number of Employments,2024 December 09,"Agriculture, Forestry and Fishing (A)",1310.0
Number of Employments,2024 December 09,Construction (F),3090.0
Number of Employments,2024 December 09,Administrative and Support Service Activities (N),4871.0
Number of Employments,2024 December 09,"Miscellaneous NACE Sectors (B, D, E, R-T)",3771.0
Number of Employments,2024 December 09,Manufacturing (C),6231.0
Number of Employments,2024 December 09,Wholesale and Retail Trade (G),8578.0
Number of Employments,2024 December 09,Accommodation & Food Service Activities (I),15902.0
Number of Employments,2024 December 09,All NACE Economic Sectors,52108.0
Number of Employments,2025 January 13,Financial and insurance activities (K),384.0
Number of Employments,2025 January 13,Transportation and Storage (H),1027.0
Number of Employments,2025 January 13,Information and communication (J),767.0
Number of Employments,2025 January 13,Public Administration and Defence (O),766.0
Number of Employments,2025 January 13,Education (P),1147.0
Number of Employments,2025 January 13,Human Health and Social Work Activities (Q),2177.0
Number of Employments,2025 January 13,Real estate activities (L),966.0
Number of Employments,2025 January 13,"Professional, Scientific and Technical Activities (M)",1346.0
Number of Employments,2025 January 13,"Agriculture, Forestry and Fishing (A)",1331.0
Number of Employments,2025 January 13,Construction (F),3138.0
Number of Employments,2025 January 13,Administrative and Support Service Activities (N),4981.0
Number of Employments,2025 January 13,"Miscellaneous NACE Sectors (B, D, E, R-T)",3932.0
Number of Employments,2025 January 13,Manufacturing (C),6344.0
Number of Employments,2025 January 13,Wholesale and Retail Trade (G),8742.0
Number of Employments,2025 January 13,Accommodation & Food Service Activities (I),16106.0
Number of Employments,2025 January 13,All NACE Economic Sectors,53154.0
Number of Employments,2025 February 10,Transportation and Storage (H),1129.0
Number of Employments,2025 February 10,Information and communication (J),824.0
Number of Employments,2025 February 10,Public Administration and Defence (O),803.0
Number of Employments,2025 February 10,Education (P),1208.0
Number of Employments,2025 February 10,Human Health and Social Work Activities (Q),2350.0
Number of Employments,2025 February 10,"Professional, Scientific and Technical Activities (M)",1439.0
Number of Employments,2025 February 10,"Agriculture, Forestry and Fishing (A)",1420.0
Number of Employments,2025 February 10,Construction (F),3408.0
Number of Employments,2025 February 10,Administrative and Support Service Activities (N),5293.0
Number of Employments,2025 February 10,"Miscellaneous NACE Sectors (B, D, E, R-T)",4042.0
Number of Employments,2025 February 10,Manufacturing (C),6863.0
Number of Employments,2025 February 10,Wholesale and Retail Trade (G),9261.0
Number of Employments,2025 February 10,Accommodation & Food Service Activities (I),16937.0
Number of Employments,2025 February 10,All NACE Economic Sectors,56360.0
Number of Employments,2025 March 10,Financial and insurance activities (K),394.0
Number of Employments,2025 March 10,Transportation and Storage (H),1158.0
Number of Employments,2025 March 10,Information and communication (J),847.0
Number of Employments,2025 March 10,Public Administration and Defence (O),844.0
Number of Employments,2025 March 10,Education (P),1239.0
Number of Employments,2025 March 10,Human Health and Social Work Activities (Q),2482.0
Number of Employments,2025 March 10,Real estate activities (L),1021.0
Number of Employments,2025 March 10,"Professional, Scientific and Technical Activities (M)",1490.0
Number of Employments,2025 March 10,"Agriculture, Forestry and Fishing (A)",1457.0
Number of Employments,2025 March 10,Construction (F),3522.0
Number of Employments,2025 March 10,Administrative and Support Service Activities (N),5457.0
Number of Employments,2025 March 10,"Miscellaneous NACE Sectors (B, D, E, R-T)",4288.0
Number of Employments,2025 March 10,Manufacturing (C),7073.0
Number of Employments,2025 March 10,Wholesale and Retail Trade (G),9510.0
Number of Employments,2025 March 10,Accommodation & Food Service Activities (I),17216.0
Number of Employments,2025 March 10,All NACE Economic Sectors,57998.0
Number of Employments,2025 April 15,Financial and insurance activities (K),487.0
Number of Employments,2025 April 15,Transportation and Storage (H),1199.0
Number of Employments,2025 April 15,Information and communication (J),888.0
Number of Employments,2025 April 15,Public Administration and Defence (O),877.0
Number of Employments,2025 April 15,Education (P),1281.0
Number of Employments,2025 April 15,Human Health and Social Work Activities (Q),2617.0
Number of Employments,2025 April 15,Real estate activities (L),1035.0
Number of Employments,2025 April 15,"Professional, Scientific and Technical Activities (M)",1547.0
Number of Employments,2025 April 15,"Agriculture, Forestry and Fishing (A)",1497.0
Number of Employments,2025 April 15,Construction (F),3707.0
Number of Employments,2025 April 15,Administrative and Support Service Activities (N),5704.0
Number of Employments,2025 April 15,"Miscellaneous NACE Sectors (B, D, E, R-T)",4163.0
Number of Employments,2025 April 15,Manufacturing (C),7395.0
Number of Employments,2025 April 15,Wholesale and Retail Trade (G),9923.0
Number of Employments,2025 April 15,Accommodation & Food Service Activities (I),17758.0
Number of Employments,2025 April 15,All NACE Economic Sectors,60078.0
Number of Employments,2025 May 13,Financial and insurance activities (K),491.0
Number of Employments,2025 May 13,Transportation and Storage (H),1240.0
Number of Employments,2025 May 13,Information and communication (J),902.0
Number of Employments,2025 May 13,Public Administration and Defence (O),907.0
Number of Employments,2025 May 13,Education (P),1299.0
Number of Employments,2025 May 13,Human Health and Social Work Activities (Q),2726.0
Number of Employments,2025 May 13,Real estate activities (L),1061.0
Number of Employments,2025 May 13,"Professional, Scientific and Technical Activities (M)",1583.0
Number of Employments,2025 May 13,"Agriculture, Forestry and Fishing (A)",1528.0
Number of Employments,2025 May 13,Construction (F),3812.0
Number of Employments,2025 May 13,Administrative and Support Service Activities (N),5866.0
Number of Employments,2025 May 13,"Miscellaneous NACE Sectors (B, D, E, R-T)",4312.0
Number of Employments,2025 May 13,Manufacturing (C),7559.0
Number of Employments,2025 May 13,Wholesale and Retail Trade (G),10168.0
Number of Employments,2025 May 13,Accommodation & Food Service Activities (I),18109.0
Number of Employments,2025 May 13,All NACE Economic Sectors,61563.0
Number of Employments,2025 June 16,Financial and insurance activities (K),520.0
Number of Employments,2025 June 16,Transportation and Storage (H),1282.0
Number of Employments,2025 June 16,Information and communication (J),919.0
Number of Employments,2025 June 16,Public Administration and Defence (O),939.0
Number of Employments,2025 June 16,Education (P),1322.0
Number of Employments,2025 June 16,Human Health and Social Work Activities (Q),2825.0
Number of Employments,2025 June 16,Real estate activities (L),1103.0
Number of Employments,2025 June 16,"Professional, Scientific and Technical Activities (M)",1620.0
Number of Employments,2025 June 16,"Agriculture, Forestry and Fishing (A)",1551.0
Number of Employments,2025 June 16,Construction (F),3908.0
Number of Employments,2025 June 16,Administrative and Support Service Activities (N),6049.0
Number of Employments,2025 June 16,"Miscellaneous NACE Sectors (B, D, E, R-T)",4712.0
Number of Employments,2025 June 16,Manufacturing (C),7779.0
Number of Employments,2025 June 16,Wholesale and Retail Trade (G),10407.0
Number of Employments,2025 June 16,Accommodation & Food Service Activities (I),18469.0
Number of Employments,2025 June 16,All NACE Economic Sectors,63405.0
Number of Employments,2025 July 14,Financial and insurance activities (K),526.0
Number of Employments,2025 July 14,Transportation and Storage (H),1323.0
Number of Employments,2025 July 14,Information and communication (J),929.0
Number of Employments,2025 July 14,Public Administration and Defence (O),1005.0
Number of Employments,2025 July 14,Education (P),1354.0
Number of Employments,2025 July 14,Human Health and Social Work Activities (Q),2924.0
Number of Employments,2025 July 14,Real estate activities (L),1115.0
Number of Employments,2025 July 14,"Professional, Scientific and Technical Activities (M)",1660.0
Number of Employments,2025 July 14,"Agriculture, Forestry and Fishing (A)",1572.0
Number of Employments,2025 July 14,Construction (F),3997.0
Number of Employments,2025 July 14,Administrative and Support Service Activities (N),6183.0
Number of Employments,2025 July 14,"Miscellaneous NACE Sectors (B, D, E, R-T)",4910.0
Number of Employments,2025 July 14,Manufacturing (C),7964.0
Number of Employments,2025 July 14,Wholesale and Retail Trade (G),10587.0
Number of Employments,2025 July 14,Accommodation & Food Service Activities (I),18733.0
Number of Employments,2025 July 14,All NACE Economic Sectors,64782.0
Number of Employments,2025 August 12,Financial and insurance activities (K),541.0
Number of Employments,2025 August 12,Transportation and Storage (H),1359.0
Number of Employments,2025 August 12,Information and communication (J),984.0
Number of Employments,2025 August 12,Public Administration and Defence (O),1027.0
Number of Employments,2025 August 12,Education (P),1376.0
Number of Employments,2025 August 12,Human Health and Social Work Activities (Q),3016.0
Number of Employments,2025 August 12,Real estate activities (L),1129.0
Number of Employments,2025 August 12,"Professional, Scientific and Technical Activities (M)",1691.0
Number of Employments,2025 August 12,"Agriculture, Forestry and Fishing (A)",1599.0
Number of Employments,2025 August 12,Construction (F),4149.0
Number of Employments,2025 August 12,Administrative and Support Service Activities (N),6334.0
Number of Employments,2025 August 12,"Miscellaneous NACE Sectors (B, D, E, R-T)",4730.0
Number of Employments,2025 August 12,Manufacturing (C),8104.0
Number of Employments,2025 August 12,Wholesale and Retail Trade (G),10816.0
Number of Employments,2025 August 12,Accommodation & Food Service Activities (I),19104.0
Number of Employments,2025 August 12,All NACE Economic Sectors,65959.0
Number of Employments,2025 September 09,Financial and insurance activities (K),545.0
Number of Employments,2025 September 09,Transportation and Storage (H),1398.0
Number of Employments,2025 September 09,Information and communication (J),1011.0
Number of Employments,2025 September 09,Public Administration and Defence (O),1048.0
Number of Employments,2025 September 09,Education (P),1413.0
Number of Employments,2025 September 09,Human Health and Social Work Activities (Q),3125.0
Number of Employments,2025 September 09,Real estate activities (L),1148.0
Number of Employments,2025 September 09,"Professional, Scientific and Technical Activities (M)",1736.0
Number of Employments,2025 September 09,"Agriculture, Forestry and Fishing (A)",1620.0
Number of Employments,2025 September 09,Construction (F),4278.0
Number of Employments,2025 September 09,Administrative and Support Service Activities (N),6501.0
Number of Employments,2025 September 09,"Miscellaneous NACE Sectors (B, D, E, R-T)",4857.0
Number of Employments,2025 September 09,Manufacturing (C),8269.0
Number of Employments,2025 September 09,Wholesale and Retail Trade (G),11034.0
Number of Employments,2025 September 09,Accommodation & Food Service Activities (I),19353.0
Number of Employments,2025 September 09,All NACE Economic Sectors,67336.0
Number of Employments,2025 October 13,Financial and insurance activities (K),559.0
Number of Employments,2025 October 13,Transportation and Storage (H),1455.0
Number of Employments,2025 October 13,Information and communication (J),1042.0
Number of Employments,2025 October 13,Public Administration and Defence (O),1064.0
Number of Employments,2025 October 13,Education (P),1478.0
Number of Employments,2025 October 13,Human Health and Social Work Activities (Q),3253.0
Number of Employments,2025 October 13,Real estate activities (L),1168.0
Number of Employments,2025 October 13,"Professional, Scientific and Technical Activities (M)",1799.0
Number of Employments,2025 October 13,"Agriculture, Forestry and Fishing (A)",1646.0
Number of Employments,2025 October 13,Construction (F),4427.0
Number of Employments,2025 October 13,Administrative and Support Service Activities (N),6705.0
Number of Employments,2025 October 13,"Miscellaneous NACE Sectors (B, D, E, R-T)",5060.0
Number of Employments,2025 October 13,Manufacturing (C),8521.0
Number of Employments,2025 October 13,Wholesale and Retail Trade (G),11359.0
Number of Employments,2025 October 13,Accommodation & Food Service Activities (I),19749.0
Number of Employments,2025 October 13,All NACE Economic Sectors,69285.0
Number of Employments,2025 November 10,Financial and insurance activities (K),567.0
Number of Employments,2025 November 10,Transportation and Storage (H),1504.0
Number of Employments,2025 November 10,Information and communication (J),1067.0
Number of Employments,2025 November 10,Public Administration and Defence (O),1085.0
Number of Employments,2025 November 10,Education (P),1519.0
Number of Employments,2025 November 10,Human Health and Social Work Activities (Q),3355.0
Number of Employments,2025 November 10,Real estate activities (L),1193.0
Number of Employments,2025 November 10,"Professional, Scientific and Technical Activities (M)",1848.0
Number of Employments,2025 November 10,"Agriculture, Forestry and Fishing (A)",1673.0
Number of Employments,2025 November 10,Construction (F),4538.0
Number of Employments,2025 November 10,Administrative and Support Service Activities (N),6908.0
Number of Employments,2025 November 10,"Miscellaneous NACE Sectors (B, D, E, R-T)",5203.0
Number of Employments,2025 November 10,Manufacturing (C),8745.0
Number of Employments,2025 November 10,Wholesale and Retail Trade (G),11653.0
Number of Employments,2025 November 10,Accommodation & Food Service Activities (I),20027.0
Number of Employments,2025 November 10,All NACE Economic Sectors,70885.0
Number of Employments,2025 December 08,Financial and insurance activities (K),575.0
Number of Employments,2025 December 08,Transportation and Storage (H),1576.0
Number of Employments,2025 December 08,Information and communication (J),1087.0
Number of Employments,2025 December 08,Public Administration and Defence (O),1108.0
Number of Employments,2025 December 08,Education (P),1549.0
Number of Employments,2025 December 08,Human Health and Social Work Activities (Q),3446.0
Number of Employments,2025 December 08,Real estate activities (L),1210.0
Number of Employments,2025 December 08,"Professional, Scientific and Technical Activities (M)",1884.0
Number of Employments,2025 December 08,"Agriculture, Forestry and Fishing (A)",1708.0
Number of Employments,2025 December 08,Construction (F),4647.0
Number of Employments,2025 December 08,Administrative and Support Service Activities (N),7135.0
Number of Employments,2025 December 08,"Miscellaneous NACE Sectors (B, D, E, R-T)",5377.0
Number of Employments,2025 December 08,Manufacturing (C),8993.0
Number of Employments,2025 December 08,Wholesale and Retail Trade (G),11995.0
Number of Employments,2025 December 08,Accommodation & Food Service Activities (I),20271.0
Number of Employments,2025 December 08,All NACE Economic Sectors,72561.0
Number of Employments,2026 January 12,Financial and insurance activities (K),592.0
Number of Employments,2026 January 12,Transportation and Storage (H),1655.0
Number of Employments,2026 January 12,Information and communication (J),1116.0
Number of Employments,2026 January 12,Public Administration and Defence (O),1128.0
Number of Employments,2026 January 12,Education (P),1570.0
Number of Employments,2026 January 12,Human Health and Social Work Activities (Q),3519.0
Number of Employments,2026 January 12,Real estate activities (L),1227.0
Number of Employments,2026 January 12,"Professional, Scientific and Technical Activities (M)",1918.0
Number of Employments,2026 January 12,"Agriculture, Forestry and Fishing (A)",1743.0
Number of Employments,2026 January 12,Construction (F),4725.0
Number of Employments,2026 January 12,Administrative and Support Service Activities (N),7299.0
Number of Employments,2026 January 12,"Miscellaneous NACE Sectors (B, D, E, R-T)",5271.0
Number of Employments,2026 January 12,Manufacturing (C),9173.0
Number of Employments,2026 January 12,Wholesale and Retail Trade (G),12260.0
Number of Employments,2026 January 12,Accommodation & Food Service Activities (I),20564.0
Number of Employments,2026 January 12,All NACE Economic Sectors,73760.0
Number of Employments,2026 February 16,Financial and insurance activities (K),603.0
Number of Employments,2026 February 16,Transportation and Storage (H),1700.0
Number of Employments,2026 February 16,Information and communication (J),1165.0
Number of Employments,2026 February 16,Public Administration and Defence (O),1163.0
Number of Employments,2026 February 16,Education (P),1601.0
Number of Employments,2026 February 16,Human Health and Social Work Activities (Q),3645.0
Number of Employments,2026 February 16,Real estate activities (L),1237.0
Number of Employments,2026 February 16,"Professional, Scientific and Technical Activities (M)",1953.0
Number of Employments,2026 February 16,"Agriculture, Forestry and Fishing (A)",1767.0
Number of Employments,2026 February 16,Construction (F),4877.0
Number of Employments,2026 February 16,Administrative and Support Service Activities (N),7517.0
Number of Employments,2026 February 16,"Miscellaneous NACE Sectors (B, D, E, R-T)",5481.0
Number of Employments,2026 February 16,Manufacturing (C),9425.0
Number of Employments,2026 February 16,Wholesale and Retail Trade (G),12519.0
Number of Employments,2026 February 16,Accommodation & Food Service Activities (I),20801.0
Number of Employments,2026 February 16,All NACE Economic Sectors,75454.0
Number of Employments,2026 March 10,Financial and insurance activities (K),613.0
Number of Employments,2026 March 10,Transportation and Storage (H),1721.0
Number of Employments,2026 March 10,Information and communication (J),1199.0
Number of Employments,2026 March 10,Public Administration and Defence (O),1179.0
Number of Employments,2026 March 10,Education (P),1621.0
Number of Employments,2026 March 10,Human Health and Social Work Activities (Q),3742.0
Number of Employments,2026 March 10,Real estate activities (L),1252.0
Number of Employments,2026 March 10,"Professional, Scientific and Technical Activities (M)",1994.0
Number of Employments,2026 March 10,"Agriculture, Forestry and Fishing (A)",1791.0
Number of Employments,2026 March 10,Construction (F),4988.0
Number of Employments,2026 March 10,Administrative and Support Service Activities (N),7674.0
Number of Employments,2026 March 10,"Miscellaneous NACE Sectors (B, D, E, R-T)",5584.0
Number of Employments,2026 March 10,Manufacturing (C),9573.0
Number of Employments,2026 March 10,Wholesale and Retail Trade (G),12738.0
Number of Employments,2026 March 10,Accommodation & Food Service Activities (I),21031.0
Number of Employments,2026 March 10,All NACE Economic Sectors,76700.0
Number of Employments,2026 April 13,Financial and insurance activities (K),627.0
Number of Employments,2026 April 13,Transportation and Storage (H),1772.0
Number of Employments,2026 April 13,Information and communication (J),1230.0
Number of Employments,2026 April 13,Public Administration and Defence (O),1197.0
Number of Employments,2026 April 13,Education (P),1652.0
Number of Employments,2026 April 13,Human Health and Social Work Activities (Q),3828.0
Number of Employments,2026 April 13,Real estate activities (L),1271.0
Number of Employments,2026 April 13,"Professional, Scientific and Technical Activities (M)",2042.0
Number of Employments,2026 April 13,"Agriculture, Forestry and Fishing (A)",1824.0
Number of Employments,2026 April 13,Construction (F),5114.0
Number of Employments,2026 April 13,Administrative and Support Service Activities (N),7905.0
Number of Employments,2026 April 13,"Miscellaneous NACE Sectors (B, D, E, R-T)",5780.0
Number of Employments,2026 April 13,Manufacturing (C),9778.0
Number of Employments,2026 April 13,Wholesale and Retail Trade (G),13036.0
Number of Employments,2026 April 13,Accommodation & Food Service Activities (I),21404.0
Number of Employments,2026 April 13,All NACE Economic Sectors,78460.0
Number of Employments,2026 May 11,Financial and insurance activities (K),642.0
Number of Employments,2026 May 11,Transportation and Storage (H),1811.0
Number of Employments,2026 May 11,Information and communication (J),1259.0
Number of Employments,2026 May 11,Public Administration and Defence (O),1221.0
Number of Employments,2026 May 11,Education (P),1673.0
Number of Employments,2026 May 11,Human Health and Social Work Activities (Q),3915.0
Number of Employments,2026 May 11,Real estate activities (L),1286.0
Number of Employments,2026 May 11,"Professional, Scientific and Technical Activities (M)",2107.0
Number of Employments,2026 May 11,"Agriculture, Forestry and Fishing (A)",1845.0
Number of Employments,2026 May 11,Construction (F),5243.0
Number of Employments,2026 May 11,Administrative and Support Service Activities (N),8093.0
Number of Employments,2026 May 11,"Miscellaneous NACE Sectors (B, D, E, R-T)",5818.0
Number of Employments,2026 May 11,Manufacturing (C),9961.0
Number of Employments,2026 May 11,Wholesale and Retail Trade (G),13282.0
Number of Employments,2026 May 11,Accommodation & Food Service Activities (I),21758.0
Number of Employments,2026 May 11,All NACE Economic Sectors,79914.0
Number of Employments,2026 June 15,Financial and insurance activities (K),670.0
Number of Employments,2026 June 15,Transportation and Storage (H),1868.0
Number of Employments,2026 June 15,Information and communication (J),1315.0
Number of Employments,2026 June 15,Public Administration and Defence (O),1246.0
Number of Employments,2026 June 15,Education (P),1709.0
Number of Employments,2026 June 15,Human Health and Social Work Activities (Q),4050.0
Number of Employments,2026 June 15,Real estate activities (L),1324.0
Number of Employments,2026 June 15,"Professional, Scientific and Technical Activities (M)",2177.0
Number of Employments,2026 June 15,"Agriculture, Forestry and Fishing (A)",1868.0
Number of Employments,2026 June 15,Construction (F),5394.0
Number of Employments,2026 June 15,Administrative and Support Service Activities (N),8320.0
Number of Employments,2026 June 15,"Miscellaneous NACE Sectors (B, D, E, R-T)",6041.0
Number of Employments,2026 June 15,Manufacturing (C),10224.0
Number of Employments,2026 June 15,Wholesale and Retail Trade (G),13556.0
Number of Employments,2026 June 15,Accommodation & Food Service Activities (I),22210.0
Number of Employments,2026 June 15,All NACE Economic Sectors,81972.0
Number of Employments,2026 July 14,Financial and insurance activities (K),689.0
Number of Employments,2026 July 14,Transportation and Storage (H),1910.0
Number of Employments,2026 July 14,Information and communication (J),1385.0
Number of Employments,2026 July 14,Public Administration and Defence (O),1276.0
Number of Employments,2026 July 14,Education (P),1740.0
Number of Employments,2026 July 14,Human Health and Social Work Activities (Q),4161.0
Number of Employments,2026 July 14,Real estate activities (L),1348.0
Number of Employments,2026 July 14,"Professional, Scientific and Technical Activities (M)",2237.0
Number of Employments,2026 July 14,"Agriculture, Forestry and Fishing (A)",1885.0
Number of Employments,2026 July 14,Construction (F),5554.0
Number of Employments,2026 July 14,Administrative and Support Service Activities (N),8548.0
Number of Employments,2026 July 14,"Miscellaneous NACE Sectors (B, D, E, R-T)",6160.0
Number of Employments,2026 July 14,Manufacturing (C),10440.0
Number of Employments,2026 July 14,Wholesale and Retail Trade (G),13796.0
Number of Employments,2026 July 14,Accommodation & Food Service Activities (I),22554.0
Number of Employments,2026 July 14,All NACE Economic Sectors,83683.0
Number of Employments,2026 August 10,Financial and insurance activities (K),699.0
Number of Employments,2026 August 10,Transportation and Storage (H),1951.0
Number of Employments,2026 August 10,Information and communication (J),1439.0
Number of Employments,2026 August 10,Public Administration and Defence (O),1299.0
Number of Employments,2026 August 10,Education (P),1763.0
Number of Employments,2026 August 10,Human Health and Social Work Activities (Q),4253.0
Number of Employments,2026 August 10,Real estate activities (L),1363.0
Number of Employments,2026 August 10,"Professional, Scientific and Technical Activities (M)",2273.0
Number of Employments,2026 August 10,"Agriculture, Forestry and Fishing (A)",1899.0
Number of Employments,2026 August 10,Construction (F),5666.0
Number of Employments,2026 August 10,Administrative and Support Service Activities (N),8729.0
Number of Employments,2026 August 10,"Miscellaneous NACE Sectors (B, D, E, R-T)",6295.0
Number of Employments,2026 August 10,Manufacturing (C),10600.0
Number of Employments,2026 August 10,Wholesale and Retail Trade (G),14038.0
Number of Employments,2026 August 10,Accommodation & Food Service Activities (I),22772.0
Number of Employments,2026 August 10,All NACE Economic Sectors,85039.0
