"Type","Status","Nationality","2017","2018","2019","2020","2021","2022","2023","2024"
"Domestic Residence & Permissions applications","Received","Afghanistan","13","104","84","82","222","376","830","553"
"Domestic Residence & Permissions applications","Received","Åland Islands","0","0","0","0","0","0","0","0"
"Domestic Residence & Permissions applications","Received","Albania","32","307","303","195","305","364","211","105"
"Domestic Residence & Permissions applications","Received","Algeria","31","134","102","112","224","1030","2305","1480"
"Domestic Residence & Permissions applications","Received","American Samoa","0","0","0","0","0","0","0","0"
"Domestic Residence & Permissions applications","Received","Andorra","0","0","0","0","0","0","0","0"
"Domestic Residence & Permissions applications","Received","Angola","*","16","11","9","20","35","32","25"
"Domestic Residence & Permissions applications","Received","Anguilla","0","0","0","0","0","0","0","0"
"Domestic Residence & Permissions applications","Received","Antarctica","0","0","0","0","0","0","0","0"
"Domestic Residence & Permissions applications","Received","Antigua and Barbuda","0","0","0","0","0","*","0","0"
"Domestic Residence & Permissions applications","Received","Argentina","22","17","15","31","40","59","58","53"
"Domestic Residence & Permissions applications","Received","Armenia","*","4","5","0","4","7","8","*"
"Domestic Residence & Permissions applications","Received","Aruba","0","0","0","0","0","0","0","0"
"Domestic Residence & Permissions applications","Received","Australia","126","115","108","65","52","71","81","66"
"Domestic Residence & Permissions applications","Received","Azerbaijan","*","4","*","*","7","6","12","7"
"Domestic Residence & Permissions applications","Received","Bahamas (the)","0","0","*","*","*","*","0","*"
"Domestic Residence & Permissions applications","Received","Bahrain","6","12","4","*","*","*","*","0"
"Domestic Residence & Permissions applications","Received","Bangladesh","125","400","142","102","201","447","357","657"
"Domestic Residence & Permissions applications","Received","Barbados","*","*","0","*","*","*","*","*"
"Domestic Residence & Permissions applications","Received","Belarus","10","14","17","13","19","41","46","17"
"Domestic Residence & Permissions applications","Received","Belize","0","0","*","0","*","*","*","*"
"Domestic Residence & Permissions applications","Received","Benin","*","*","*","*","*","*","*","*"
"Domestic Residence & Permissions applications","Received","Bermuda","0","0","0","0","0","0","0","0"
"Domestic Residence & Permissions applications","Received","Bhutan","0","*","*","*","0","*","0","0"
"Domestic Residence & Permissions applications","Received","Bolivia (Plurinational State of)","18","30","36","41","44","108","117","122"
"Domestic Residence & Permissions applications","Received","Bonaire, Sint Eustatius and Saba","0","0","0","0","0","0","0","0"
"Domestic Residence & Permissions applications","Received","Bosnia and Herzegovina","*","*","*","0","*","*","4","0"
"Domestic Residence & Permissions applications","Received","Botswana","26","38","50","58","62","322","451","399"
"Domestic Residence & Permissions applications","Received","Bouvet Island","0","0","0","0","0","0","0","0"
"Domestic Residence & Permissions applications","Received","Brazil","653","730","1048","816","1177","3149","2175","1775"
"Domestic Residence & Permissions applications","Received","Brunei Darussalam","0","0","0","0","0","0","0","0"
"Domestic Residence & Permissions applications","Received","Burkina Faso","0","0","0","0","*","0","*","0"
"Domestic Residence & Permissions applications","Received","Burundi","*","8","*","5","9","6","12","10"
"Domestic Residence & Permissions applications","Received","Cabo Verde","*","0","*","0","0","*","0","0"
"Domestic Residence & Permissions applications","Received","Cambodia","*","*","*","*","*","*","*","6"
"Domestic Residence & Permissions applications","Received","Cameroon","24","45","37","36","37","52","51","52"
"Domestic Residence & Permissions applications","Received","Canada","97","89","79","73","91","120","100","76"
"Domestic Residence & Permissions applications","Received","Cayman Islands (the)","0","0","0","0","0","0","0","0"
"Domestic Residence & Permissions applications","Received","Central African Republic (the)","0","0","0","0","0","*","0","0"
"Domestic Residence & Permissions applications","Received","Ceuta","0","0","0","0","0","0","0","0"
"Domestic Residence & Permissions applications","Received","Chad","0","*","0","*","*","4","*","0"
"Domestic Residence & Permissions applications","Received","Chile","16","20","18","14","24","52","89","96"
"Domestic Residence & Permissions applications","Received","China","915","870","1051","744","597","2319","1588","1178"
"Domestic Residence & Permissions applications","Received","Christmas Island","0","0","0","0","0","0","0","0"
"Domestic Residence & Permissions applications","Received","Cocos (Keeling) Islands (the)","0","0","0","0","0","0","0","0"
"Domestic Residence & Permissions applications","Received","Colombia","12","16","11","15","20","26","16","18"
"Domestic Residence & Permissions applications","Received","Comoros (the)","0","0","0","0","0","0","0","0"
"Domestic Residence & Permissions applications","Received","Congo (the Democratic Republic of the)","28","168","95","68","112","162","199","151"
"Domestic Residence & Permissions applications","Received","Congo (the)","*","12","6","7","11","8","7","11"
"Domestic Residence & Permissions applications","Received","Cook Islands (the)","0","0","0","0","0","0","0","0"
"Domestic Residence & Permissions applications","Received","Costa Rica","*","*","*","*","*","10","15","21"
"Domestic Residence & Permissions applications","Received","Côte d'Ivoire","*","9","15","12","10","16","7","*"
"Domestic Residence & Permissions applications","Received","Cuba","*","4","4","4","4","7","4","*"
"Domestic Residence & Permissions applications","Received","Curaçao","0","0","0","0","0","0","0","0"
"Domestic Residence & Permissions applications","Received","Djibouti","0","0","0","*","*","*","*","4"
"Domestic Residence & Permissions applications","Received","Dominica","0","0","*","*","0","7","*","0"
"Domestic Residence & Permissions applications","Received","Dominican Republic (the)","*","0","*","0","*","*","4","*"
"Domestic Residence & Permissions applications","Received","Ecuador","*","*","*","*","*","*","4","5"
"Domestic Residence & Permissions applications","Received","Egypt","55","130","130","111","161","535","567","373"
"Domestic Residence & Permissions applications","Received","El Salvador","0","5","15","23","40","78","154","135"
"Domestic Residence & Permissions applications","Received","Equatorial Guinea","*","0","*","*","0","*","0","0"
"Domestic Residence & Permissions applications","Received","Eritrea","*","8","23","7","8","28","18","5"
"Domestic Residence & Permissions applications","Received","Eswatini","*","14","11","10","16","40","82","99"
"Domestic Residence & Permissions applications","Received","Ethiopia","7","14","21","15","51","62","56","35"
"Domestic Residence & Permissions applications","Received","Falkland Islands (the) [Malvinas]","0","0","0","0","0","0","0","0"
"Domestic Residence & Permissions applications","Received","Faroe Islands (the)","0","0","0","0","0","0","0","0"
"Domestic Residence & Permissions applications","Received","Fiji","0","0","0","0","0","*","0","*"
"Domestic Residence & Permissions applications","Received","French Guiana","0","0","0","0","0","0","0","0"
"Domestic Residence & Permissions applications","Received","French Polynesia","0","0","0","0","0","0","0","0"
"Domestic Residence & Permissions applications","Received","Gabon","0","*","*","0","0","0","0","0"
"Domestic Residence & Permissions applications","Received","Gambia (the)","0","*","*","6","7","10","12","4"
"Domestic Residence & Permissions applications","Received","Georgia","12","146","338","475","505","1937","2401","1296"
"Domestic Residence & Permissions applications","Received","Ghana","31","63","76","61","89","159","158","140"
"Domestic Residence & Permissions applications","Received","Gibraltar","0","0","0","0","0","0","0","0"
"Domestic Residence & Permissions applications","Received","Greenland","0","0","0","0","0","0","0","0"
"Domestic Residence & Permissions applications","Received","Grenada","0","*","*","*","*","*","6","*"
"Domestic Residence & Permissions applications","Received","Guadeloupe","0","0","0","0","0","0","0","0"
"Domestic Residence & Permissions applications","Received","Guam","0","0","0","0","0","0","0","0"
"Domestic Residence & Permissions applications","Received","Guatemala","*","*","6","8","10","15","21","31"
"Domestic Residence & Permissions applications","Received","Guernsey","0","0","0","0","0","0","0","0"
"Domestic Residence & Permissions applications","Received","Guinea","5","6","8","5","9","16","8","*"
"Domestic Residence & Permissions applications","Received","Guinea-Bissau","0","0","0","0","0","*","0","0"
"Domestic Residence & Permissions applications","Received","Guyana","*","4","*","*","4","7","4","11"
"Domestic Residence & Permissions applications","Received","Haiti","0","*","*","4","*","*","0","0"
"Domestic Residence & Permissions applications","Received","Heard Island and McDonald Islands","0","0","0","0","0","0","0","0"
"Domestic Residence & Permissions applications","Received","Holy See (the)","0","0","0","0","0","0","0","0"
"Domestic Residence & Permissions applications","Received","Honduras","*","*","*","4","6","14","20","22"
"Domestic Residence & Permissions applications","Received","India","518","677","751","570","1096","2015","2084","1793"
"Domestic Residence & Permissions applications","Received","Indonesia","29","13","10","17","17","25","37","18"
"Domestic Residence & Permissions applications","Received","Iran (Islamic Republic of)","11","34","32","36","38","57","66","52"
"Domestic Residence & Permissions applications","Received","Iraq","4","43","42","48","49","61","56","61"
"Domestic Residence & Permissions applications","Received","Isle of Man","0","0","0","0","0","0","0","0"
"Domestic Residence & Permissions applications","Received","Israel","10","9","6","8","4","10","18","19"
"Domestic Residence & Permissions applications","Received","Jamaica","7","9","*","0","7","8","6","*"
"Domestic Residence & Permissions applications","Received","Japan","45","53","40","45","51","53","45","38"
"Domestic Residence & Permissions applications","Received","Jersey","0","0","0","0","0","0","0","0"
"Domestic Residence & Permissions applications","Received","Jordan","*","5","16","11","11","23","50","95"
"Domestic Residence & Permissions applications","Received","Kazakhstan","12","12","8","9","10","6","10","5"
"Domestic Residence & Permissions applications","Received","Kenya","6","14","32","25","31","59","87","80"
"Domestic Residence & Permissions applications","Received","Kiribati","0","0","0","0","0","0","0","0"
"Domestic Residence & Permissions applications","Received","Korea (the Democratic People's Republic of) North Korea","0","*","*","*","*","*","*","*"
"Domestic Residence & Permissions applications","Received","Korea (the Republic of) South Korea","42","58","49","29","53","40","46","22"
"Domestic Residence & Permissions applications","Received","Kosovo","6","17","17","20","24","30","40","18"
"Domestic Residence & Permissions applications","Received","Kuwait","12","27","10","9","8","18","17","7"
"Domestic Residence & Permissions applications","Received","Kyrgyzstan","*","*","*","*","*","*","5","6"
"Domestic Residence & Permissions applications","Received","Lao People's Democratic Republic (the)","0","0","*","*","0","0","*","*"
"Domestic Residence & Permissions applications","Received","Lebanon","7","5","10","13","18","25","20","7"
"Domestic Residence & Permissions applications","Received","Lesotho","*","0","4","6","4","9","14","8"
"Domestic Residence & Permissions applications","Received","Liberia","*","*","*","*","*","7","5","4"
"Domestic Residence & Permissions applications","Received","Libya","36","59","35","29","29","19","29","12"
"Domestic Residence & Permissions applications","Received","Macao","0","0","0","0","0","0","0","0"
"Domestic Residence & Permissions applications","Received","Madagascar","*","*","0","*","*","*","0","*"
"Domestic Residence & Permissions applications","Received","Malawi","105","189","168","132","174","348","165","101"
"Domestic Residence & Permissions applications","Received","Malaysia","340","328","384","192","270","688","446","296"
"Domestic Residence & Permissions applications","Received","Maldives","0","0","0","*","0","*","*","0"
"Domestic Residence & Permissions applications","Received","Mali","0","0","0","*","*","*","*","*"
"Domestic Residence & Permissions applications","Received","Marshall Islands (the)","0","0","0","0","0","0","0","0"
"Domestic Residence & Permissions applications","Received","Martinique","0","0","0","0","0","0","0","0"
"Domestic Residence & Permissions applications","Received","Mauritania","0","*","0","*","*","0","*","0"
"Domestic Residence & Permissions applications","Received","Mauritius","379","417","169","96","56","330","117","80"
"Domestic Residence & Permissions applications","Received","Mayotte","0","0","0","0","0","0","0","0"
"Domestic Residence & Permissions applications","Received","Melilla","0","0","0","0","0","0","0","0"
"Domestic Residence & Permissions applications","Received","Mexico","43","67","88","84","124","179","263","245"
"Domestic Residence & Permissions applications","Received","Micronesia (Federated States of)","0","0","0","0","0","0","0","0"
"Domestic Residence & Permissions applications","Received","Moldova (the Republic of)","18","14","8","11","8","33","22","18"
"Domestic Residence & Permissions applications","Received","Monaco","0","0","0","0","0","0","0","0"
"Domestic Residence & Permissions applications","Received","Mongolia","64","61","86","27","43","237","93","98"
"Domestic Residence & Permissions applications","Received","Montenegro","0","0","*","0","*","0","0","0"
"Domestic Residence & Permissions applications","Received","Montserrat","0","0","0","0","0","0","0","0"
"Domestic Residence & Permissions applications","Received","Morocco","25","37","43","44","76","173","252","195"
"Domestic Residence & Permissions applications","Received","Mozambique","0","*","*","0","*","6","*","4"
"Domestic Residence & Permissions applications","Received","Myanmar","4","36","18","11","7","9","18","16"
"Domestic Residence & Permissions applications","Received","Namibia","*","*","0","*","0","*","7","8"
"Domestic Residence & Permissions applications","Received","Nauru","0","0","0","0","0","0","0","0"
"Domestic Residence & Permissions applications","Received","Nepal","77","91","65","44","54","168","105","104"
"Domestic Residence & Permissions applications","Received","New Caledonia","0","0","0","0","0","0","0","0"
"Domestic Residence & Permissions applications","Received","New Zealand","51","52","40","25","20","42","28","27"
"Domestic Residence & Permissions applications","Received","Nicaragua","*","*","8","6","9","24","53","54"
"Domestic Residence & Permissions applications","Received","Niger (the)","0","0","*","0","0","*","7","*"
"Domestic Residence & Permissions applications","Received","Nigeria","432","647","672","580","1006","1958","2089","2753"
"Domestic Residence & Permissions applications","Received","Niue","0","0","0","0","0","0","0","0"
"Domestic Residence & Permissions applications","Received","Norfolk Island","0","0","0","0","0","0","0","0"
"Domestic Residence & Permissions applications","Received","North Macedonia","0","*","*","*","0","6","*","*"
"Domestic Residence & Permissions applications","Received","Northern Mariana Islands (the)","0","0","0","0","0","0","0","0"
"Domestic Residence & Permissions applications","Received","Oman","0","4","7","7","5","5","6","5"
"Domestic Residence & Permissions applications","Received","Pakistan","395","1105","684","500","813","2114","1133","993"
"Domestic Residence & Permissions applications","Received","Palau","0","0","0","0","0","0","0","0"
"Domestic Residence & Permissions applications","Received","Palestine, State of","*","23","17","20","17","35","59","104"
"Domestic Residence & Permissions applications","Received","Panama","*","*","*","*","4","11","27","20"
"Domestic Residence & Permissions applications","Received","Papua New Guinea","0","0","0","0","0","0","*","*"
"Domestic Residence & Permissions applications","Received","Paraguay","0","*","*","*","5","13","5","10"
"Domestic Residence & Permissions applications","Received","Peru","5","11","9","*","6","22","19","13"
"Domestic Residence & Permissions applications","Received","Philippines (the)","240","217","252","190","192","1050","336","256"
"Domestic Residence & Permissions applications","Received","Pitcairn","0","0","0","0","0","0","0","0"
"Domestic Residence & Permissions applications","Received","Puerto Rico","0","0","0","0","0","0","0","0"
"Domestic Residence & Permissions applications","Received","Qatar","0","0","0","0","0","0","0","0"
"Domestic Residence & Permissions applications","Received","Réunion","0","0","0","0","0","0","0","0"
"Domestic Residence & Permissions applications","Received","Russian Federation (the)","69","65","47","76","60","198","145","108"
"Domestic Residence & Permissions applications","Received","Rwanda","*","6","4","4","4","6","8","7"
"Domestic Residence & Permissions applications","Received","Saint Barthélemy","0","0","0","0","0","0","0","0"
"Domestic Residence & Permissions applications","Received","Saint Helena, Ascension and Tristan da Cunha","0","0","0","0","0","0","0","0"
"Domestic Residence & Permissions applications","Received","Saint Kitts and Nevis","*","0","*","*","0","*","*","*"
"Domestic Residence & Permissions applications","Received","Saint Lucia","*","*","*","0","*","0","0","0"
"Domestic Residence & Permissions applications","Received","Saint Martin (French part)","0","0","0","0","0","0","0","0"
"Domestic Residence & Permissions applications","Received","Saint Pierre and Miquelon","0","0","0","0","0","0","0","0"
"Domestic Residence & Permissions applications","Received","Saint Vincent and the Grenadines","0","0","0","0","0","0","0","*"
"Domestic Residence & Permissions applications","Received","Samoa","0","0","0","*","0","0","0","*"
"Domestic Residence & Permissions applications","Received","San Marino","0","0","0","0","0","0","0","0"
"Domestic Residence & Permissions applications","Received","Sao Tome and Principe","0","0","0","0","0","0","0","0"
"Domestic Residence & Permissions applications","Received","Saudi Arabia","29","41","33","23","23","38","24","14"
"Domestic Residence & Permissions applications","Received","Senegal","0","*","*","4","7","8","4","5"
"Domestic Residence & Permissions applications","Received","Serbia","6","8","5","6","*","15","9","8"
"Domestic Residence & Permissions applications","Received","Seychelles","*","*","0","0","*","0","*","*"
"Domestic Residence & Permissions applications","Received","Sierra Leone","*","24","35","16","40","68","69","33"
"Domestic Residence & Permissions applications","Received","Singapore","12","19","11","20","17","12","18","11"
"Domestic Residence & Permissions applications","Received","Sint Maarten (Dutch part)","0","0","0","0","0","0","0","0"
"Domestic Residence & Permissions applications","Received","Solomon Islands","0","0","0","0","0","0","0","0"
"Domestic Residence & Permissions applications","Received","Somalia","8","28","71","137","247","1249","1458","928"
"Domestic Residence & Permissions applications","Received","South Africa","202","304","422","381","507","791","748","607"
"Domestic Residence & Permissions applications","Received","South Georgia and the South Sandwich Islands","0","0","0","0","0","0","0","0"
"Domestic Residence & Permissions applications","Received","South Sudan","0","*","*","*","*","*","*","4"
"Domestic Residence & Permissions applications","Received","Sri Lanka","16","21","20","11","21","48","30","41"
"Domestic Residence & Permissions applications","Received","Sudan (the)","31","43","57","43","45","86","163","103"
"Domestic Residence & Permissions applications","Received","Suriname","*","0","0","0","0","0","0","0"
"Domestic Residence & Permissions applications","Received","Svalbard and Jan Mayen","0","0","0","0","0","0","0","0"
"Domestic Residence & Permissions applications","Received","Switzerland","*","*","0","0","0","*","*","0"
"Domestic Residence & Permissions applications","Received","Syrian Arab Republic (the)","9","15","29","47","36","54","90","53"
"Domestic Residence & Permissions applications","Received","Taiwan (Province of China)","4","8","9","8","7","21","20","6"
"Domestic Residence & Permissions applications","Received","Tajikistan","0","0","0","0","0","*","0","0"
"Domestic Residence & Permissions applications","Received","Tanzania, the United Republic of","5","9","21","10","10","26","21","19"
"Domestic Residence & Permissions applications","Received","Thailand","67","40","50","39","34","63","45","37"
"Domestic Residence & Permissions applications","Received","Timor-Leste","0","0","0","0","0","*","*","*"
"Domestic Residence & Permissions applications","Received","Togo","*","8","11","16","24","35","35","29"
"Domestic Residence & Permissions applications","Received","Tokelau","0","0","0","0","0","0","0","0"
"Domestic Residence & Permissions applications","Received","Tonga","0","*","0","*","*","*","0","0"
"Domestic Residence & Permissions applications","Received","Trinidad and Tobago","*","*","6","*","5","7","5","4"
"Domestic Residence & Permissions applications","Received","Tunisia","6","19","14","10","10","29","74","46"
"Domestic Residence & Permissions applications","Received","Turkiye","34","48","166","181","390","666","1873","1165"
"Domestic Residence & Permissions applications","Received","Turkmenistan","0","0","*","0","0","*","*","0"
"Domestic Residence & Permissions applications","Received","Turks and Caicos Islands (the)","0","0","0","0","0","0","0","0"
"Domestic Residence & Permissions applications","Received","Tuvalu","0","0","0","0","0","*","*","0"
"Domestic Residence & Permissions applications","Received","Uganda","11","18","22","36","38","53","65","42"
"Domestic Residence & Permissions applications","Received","Ukraine","93","125","117","102","158","262","198","145"
"Domestic Residence & Permissions applications","Received","United Arab Emirates (the)","*","*","10","0","*","0","*","*"
"Domestic Residence & Permissions applications","Received","United States Minor Outlying Islands (the)","0","0","0","0","0","0","0","0"
"Domestic Residence & Permissions applications","Received","United States of America (the)","630","625","650","574","602","766","798","594"
"Domestic Residence & Permissions applications","Received","Uruguay","*","*","*","*","*","5","8","13"
"Domestic Residence & Permissions applications","Received","Uzbekistan","*","5","*","5","*","8","8","9"
"Domestic Residence & Permissions applications","Received","Vanuatu","0","0","0","0","0","0","0","0"
"Domestic Residence & Permissions applications","Received","Venezuela (Bolivarian Republic of)","87","83","122","105","116","89","42","33"
"Domestic Residence & Permissions applications","Received","Viet Nam","47","57","65","57","75","163","100","112"
"Domestic Residence & Permissions applications","Received","Virgin Islands (British)","0","0","0","0","0","0","0","0"
"Domestic Residence & Permissions applications","Received","Virgin Islands (U.S.)","0","0","0","0","0","0","0","0"
"Domestic Residence & Permissions applications","Received","Wallis and Futuna","0","0","0","0","0","0","0","0"
"Domestic Residence & Permissions applications","Received","Western Sahara","0","*","0","0","0","*","*","*"
"Domestic Residence & Permissions applications","Received","Yemen","0","*","*","5","8","13","29","25"
"Domestic Residence & Permissions applications","Received","Zambia","*","7","13","7","6","21","13","20"
"Domestic Residence & Permissions applications","Received","Zimbabwe","31","363","334","322","456","852","1002","762"
"Domestic Residence & Permissions applications","Received","*Other","104","105","73","85","82","240","313","108"
"Domestic Residence & Permissions applications","Received","Dual Nationality","27","31","37","27","18","105","60","19"
"Domestic Residence & Permissions applications","Granted","Afghanistan","6","61","43","51","161","228","624","642"
"Domestic Residence & Permissions applications","Granted","Åland Islands","0","0","0","0","0","0","0","0"
"Domestic Residence & Permissions applications","Granted","Albania","20","187","167","153","241","168","142","88"
"Domestic Residence & Permissions applications","Granted","Algeria","14","86","57","86","183","653","1780","1902"
"Domestic Residence & Permissions applications","Granted","American Samoa","0","0","0","0","0","0","0","0"
"Domestic Residence & Permissions applications","Granted","Andorra","0","0","0","0","0","0","0","0"
"Domestic Residence & Permissions applications","Granted","Angola","4","11","5","5","20","22","25","33"
"Domestic Residence & Permissions applications","Granted","Anguilla","0","0","0","0","0","0","0","0"
"Domestic Residence & Permissions applications","Granted","Antarctica","0","0","0","0","0","0","0","0"
"Domestic Residence & Permissions applications","Granted","Antigua and Barbuda","0","0","0","0","0","*","*","0"
"Domestic Residence & Permissions applications","Granted","Argentina","10","14","10","16","29","35","40","29"
"Domestic Residence & Permissions applications","Granted","Armenia","*","5","*","*","*","4","*","4"
"Domestic Residence & Permissions applications","Granted","Aruba","0","0","0","0","0","0","0","0"
"Domestic Residence & Permissions applications","Granted","Australia","83","93","93","65","52","56","65","57"
"Domestic Residence & Permissions applications","Granted","Azerbaijan","*","*","*","*","4","5","8","8"
"Domestic Residence & Permissions applications","Granted","Bahamas (the)","*","0","*","*","*","*","0","*"
"Domestic Residence & Permissions applications","Granted","Bahrain","6","9","4","*","*","*","*","*"
"Domestic Residence & Permissions applications","Granted","Bangladesh","56","232","86","81","164","276","238","538"
"Domestic Residence & Permissions applications","Granted","Barbados","*","*","*","*","*","*","*","*"
"Domestic Residence & Permissions applications","Granted","Belarus","8","13","11","10","20","32","38","16"
"Domestic Residence & Permissions applications","Granted","Belize","0","0","*","0","*","*","0","*"
"Domestic Residence & Permissions applications","Granted","Benin","*","*","*","*","*","*","*","*"
"Domestic Residence & Permissions applications","Granted","Bermuda","0","0","0","0","0","0","0","0"
"Domestic Residence & Permissions applications","Granted","Bhutan","0","*","0","*","0","*","0","0"
"Domestic Residence & Permissions applications","Granted","Bolivia (Plurinational State of)","13","20","25","34","46","79","79","89"
"Domestic Residence & Permissions applications","Granted","Bonaire, Sint Eustatius and Saba","0","0","0","0","0","0","0","0"
"Domestic Residence & Permissions applications","Granted","Bosnia and Herzegovina","*","*","*","0","*","*","*","*"
"Domestic Residence & Permissions applications","Granted","Botswana","20","30","30","51","56","223","330","489"
"Domestic Residence & Permissions applications","Granted","Bouvet Island","0","0","0","0","0","0","0","0"
"Domestic Residence & Permissions applications","Granted","Brazil","338","470","646","570","932","2115","1258","1206"
"Domestic Residence & Permissions applications","Granted","Brunei Darussalam","0","0","0","0","0","0","0","0"
"Domestic Residence & Permissions applications","Granted","Burkina Faso","0","0","0","0","0","0","0","*"
"Domestic Residence & Permissions applications","Granted","Burundi","*","8","*","4","7","4","11","9"
"Domestic Residence & Permissions applications","Granted","Cabo Verde","0","0","*","0","0","0","*","0"
"Domestic Residence & Permissions applications","Granted","Cambodia","*","*","*","*","*","*","*","6"
"Domestic Residence & Permissions applications","Granted","Cameroon","17","39","26","28","32","35","39","51"
"Domestic Residence & Permissions applications","Granted","Canada","58","69","63","53","86","82","66","65"
"Domestic Residence & Permissions applications","Granted","Cayman Islands (the)","0","0","0","0","0","0","0","0"
"Domestic Residence & Permissions applications","Granted","Central African Republic (the)","0","0","0","0","0","*","0","0"
"Domestic Residence & Permissions applications","Granted","Ceuta","0","0","0","0","0","0","0","0"
"Domestic Residence & Permissions applications","Granted","Chad","0","*","0","0","*","*","4","0"
"Domestic Residence & Permissions applications","Granted","Chile","6","10","11","9","19","25","55","70"
"Domestic Residence & Permissions applications","Granted","China","629","665","803","605","543","1690","990","1048"
"Domestic Residence & Permissions applications","Granted","Christmas Island","0","0","0","0","0","0","0","0"
"Domestic Residence & Permissions applications","Granted","Cocos (Keeling) Islands (the)","0","0","0","0","0","0","0","0"
"Domestic Residence & Permissions applications","Granted","Colombia","7","11","13","8","16","22","9","16"
"Domestic Residence & Permissions applications","Granted","Comoros (the)","0","0","0","0","0","0","0","0"
"Domestic Residence & Permissions applications","Granted","Congo (the Democratic Republic of the)","27","122","68","55","99","123","155","168"
"Domestic Residence & Permissions applications","Granted","Congo (the)","*","5","9","*","8","6","6","9"
"Domestic Residence & Permissions applications","Granted","Cook Islands (the)","0","0","0","0","0","0","0","0"
"Domestic Residence & Permissions applications","Granted","Costa Rica","*","*","0","*","*","6","6","11"
"Domestic Residence & Permissions applications","Granted","Côte d'Ivoire","*","6","12","8","12","10","6","7"
"Domestic Residence & Permissions applications","Granted","Cuba","0","*","*","4","5","4","*","*"
"Domestic Residence & Permissions applications","Granted","Curaçao","0","0","0","0","0","0","0","0"
"Domestic Residence & Permissions applications","Granted","Djibouti","0","0","0","*","*","*","*","*"
"Domestic Residence & Permissions applications","Granted","Dominica","0","0","0","0","*","7","*","*"
"Domestic Residence & Permissions applications","Granted","Dominican Republic (the)","*","*","*","0","*","*","*","*"
"Domestic Residence & Permissions applications","Granted","Ecuador","*","*","*","*","*","*","4","5"
"Domestic Residence & Permissions applications","Granted","Egypt","31","69","93","90","127","361","456","444"
"Domestic Residence & Permissions applications","Granted","El Salvador","0","0","11","26","35","56","108","145"
"Domestic Residence & Permissions applications","Granted","Equatorial Guinea","*","*","*","*","0","0","0","0"
"Domestic Residence & Permissions applications","Granted","Eritrea","*","6","10","7","8","11","13","10"
"Domestic Residence & Permissions applications","Granted","Eswatini","*","9","11","8","15","25","49","116"
"Domestic Residence & Permissions applications","Granted","Ethiopia","6","12","18","12","29","55","49","39"
"Domestic Residence & Permissions applications","Granted","Falkland Islands (the) [Malvinas]","0","0","0","0","0","0","0","0"
"Domestic Residence & Permissions applications","Granted","Faroe Islands (the)","0","0","0","0","0","0","0","0"
"Domestic Residence & Permissions applications","Granted","Fiji","0","0","0","0","0","0","0","*"
"Domestic Residence & Permissions applications","Granted","French Guiana","0","0","0","0","0","0","0","0"
"Domestic Residence & Permissions applications","Granted","French Polynesia","0","0","0","0","0","0","0","0"
"Domestic Residence & Permissions applications","Granted","Gabon","0","*","0","0","0","0","0","0"
"Domestic Residence & Permissions applications","Granted","Gambia (the)","0","*","*","5","6","6","9","9"
"Domestic Residence & Permissions applications","Granted","Georgia","12","73","159","368","432","1130","1807","1458"
"Domestic Residence & Permissions applications","Granted","Ghana","28","46","58","53","90","115","111","150"
"Domestic Residence & Permissions applications","Granted","Gibraltar","0","0","0","0","0","0","0","0"
"Domestic Residence & Permissions applications","Granted","Greenland","0","0","0","0","0","0","0","0"
"Domestic Residence & Permissions applications","Granted","Grenada","0","*","0","0","0","*","0","6"
"Domestic Residence & Permissions applications","Granted","Guadeloupe","0","0","0","0","0","0","0","0"
"Domestic Residence & Permissions applications","Granted","Guam","0","0","0","0","0","0","0","0"
"Domestic Residence & Permissions applications","Granted","Guatemala","*","0","*","8","8","9","21","27"
"Domestic Residence & Permissions applications","Granted","Guernsey","0","0","0","0","0","0","0","0"
"Domestic Residence & Permissions applications","Granted","Guinea","*","*","*","5","6","8","9","*"
"Domestic Residence & Permissions applications","Granted","Guinea-Bissau","0","0","0","0","0","*","0","0"
"Domestic Residence & Permissions applications","Granted","Guyana","0","4","*","*","*","*","4","13"
"Domestic Residence & Permissions applications","Granted","Haiti","0","*","*","*","*","*","0","0"
"Domestic Residence & Permissions applications","Granted","Heard Island and McDonald Islands","0","0","0","0","0","0","0","0"
"Domestic Residence & Permissions applications","Granted","Holy See (the)","0","0","0","0","0","0","0","0"
"Domestic Residence & Permissions applications","Granted","Honduras","*","0","*","7","4","12","14","14"
"Domestic Residence & Permissions applications","Granted","India","276","428","565","401","969","1397","1288","1137"
"Domestic Residence & Permissions applications","Granted","Indonesia","25","14","10","13","17","17","27","16"
"Domestic Residence & Permissions applications","Granted","Iran (Islamic Republic of)","8","21","21","27","35","39","35","47"
"Domestic Residence & Permissions applications","Granted","Iraq","4","29","21","22","44","30","46","59"
"Domestic Residence & Permissions applications","Granted","Isle of Man","0","0","0","0","0","0","0","0"
"Domestic Residence & Permissions applications","Granted","Israel","4","4","4","4","*","12","8","17"
"Domestic Residence & Permissions applications","Granted","Jamaica","5","8","*","*","*","6","5","4"
"Domestic Residence & Permissions applications","Granted","Japan","33","37","39","20","48","49","26","29"
"Domestic Residence & Permissions applications","Granted","Jersey","0","0","0","0","0","0","0","0"
"Domestic Residence & Permissions applications","Granted","Jordan","*","*","9","9","11","15","25","70"
"Domestic Residence & Permissions applications","Granted","Kazakhstan","7","13","7","4","9","5","6","6"
"Domestic Residence & Permissions applications","Granted","Kenya","7","9","20","19","31","36","69","72"
"Domestic Residence & Permissions applications","Granted","Kiribati","0","0","0","0","0","0","0","0"
"Domestic Residence & Permissions applications","Granted","Korea (the Democratic People's Republic of) North Korea","0","*","0","*","*","*","*","*"
"Domestic Residence & Permissions applications","Granted","Korea (the Republic of) South Korea","21","46","31","19","47","35","29","19"
"Domestic Residence & Permissions applications","Granted","Kosovo","*","9","15","17","24","12","17","18"
"Domestic Residence & Permissions applications","Granted","Kuwait","12","17","12","7","6","8","9","11"
"Domestic Residence & Permissions applications","Granted","Kyrgyzstan","*","*","*","*","0","*","*","*"
"Domestic Residence & Permissions applications","Granted","Lao People's Democratic Republic (the)","0","0","*","*","0","0","*","*"
"Domestic Residence & Permissions applications","Granted","Lebanon","7","*","7","8","10","14","12","10"
"Domestic Residence & Permissions applications","Granted","Lesotho","0","0","*","*","5","10","8","11"
"Domestic Residence & Permissions applications","Granted","Liberia","*","0","*","*","0","4","4","*"
"Domestic Residence & Permissions applications","Granted","Libya","14","38","30","23","23","16","13","21"
"Domestic Residence & Permissions applications","Granted","Macao","0","0","0","0","0","0","0","0"
"Domestic Residence & Permissions applications","Granted","Madagascar","0","*","0","*","*","*","0","*"
"Domestic Residence & Permissions applications","Granted","Malawi","52","107","146","99","152","234","128","136"
"Domestic Residence & Permissions applications","Granted","Malaysia","247","270","315","137","243","546","323","300"
"Domestic Residence & Permissions applications","Granted","Maldives","0","0","0","*","0","0","*","0"
"Domestic Residence & Permissions applications","Granted","Mali","0","0","0","*","*","*","*","*"
"Domestic Residence & Permissions applications","Granted","Marshall Islands (the)","0","0","0","0","0","0","0","0"
"Domestic Residence & Permissions applications","Granted","Martinique","0","0","0","0","0","0","0","0"
"Domestic Residence & Permissions applications","Granted","Mauritania","0","0","*","0","*","0","*","*"
"Domestic Residence & Permissions applications","Granted","Mauritius","203","279","198","76","59","222","98","63"
"Domestic Residence & Permissions applications","Granted","Mayotte","0","0","0","0","0","0","0","0"
"Domestic Residence & Permissions applications","Granted","Melilla","0","0","0","0","0","0","0","0"
"Domestic Residence & Permissions applications","Granted","Mexico","34","44","55","50","100","142","140","155"
"Domestic Residence & Permissions applications","Granted","Micronesia (Federated States of)","0","0","0","0","0","0","0","0"
"Domestic Residence & Permissions applications","Granted","Moldova (the Republic of)","8","12","8","7","9","17","18","9"
"Domestic Residence & Permissions applications","Granted","Monaco","0","0","0","0","0","0","0","0"
"Domestic Residence & Permissions applications","Granted","Mongolia","44","48","67","23","40","184","92","76"
"Domestic Residence & Permissions applications","Granted","Montenegro","0","0","*","0","*","0","0","0"
"Domestic Residence & Permissions applications","Granted","Montserrat","0","0","0","0","0","0","0","0"
"Domestic Residence & Permissions applications","Granted","Morocco","14","25","25","34","61","104","213","244"
"Domestic Residence & Permissions applications","Granted","Mozambique","0","0","*","0","*","*","4","*"
"Domestic Residence & Permissions applications","Granted","Myanmar","4","34","17","11","7","8","13","14"
"Domestic Residence & Permissions applications","Granted","Namibia","0","0","*","*","0","*","*","12"
"Domestic Residence & Permissions applications","Granted","Nauru","0","0","0","0","0","0","0","0"
"Domestic Residence & Permissions applications","Granted","Nepal","38","50","58","35","48","120","72","94"
"Domestic Residence & Permissions applications","Granted","New Caledonia","0","0","0","0","0","0","0","0"
"Domestic Residence & Permissions applications","Granted","New Zealand","29","42","38","22","21","24","27","23"
"Domestic Residence & Permissions applications","Granted","Nicaragua","0","*","6","4","7","16","43","61"
"Domestic Residence & Permissions applications","Granted","Niger (the)","0","0","0","0","0","*","5","*"
"Domestic Residence & Permissions applications","Granted","Nigeria","322","417","472","451","946","1361","1644","2474"
"Domestic Residence & Permissions applications","Granted","Niue","0","0","0","0","0","0","0","0"
"Domestic Residence & Permissions applications","Granted","Norfolk Island","0","0","0","0","0","0","0","0"
"Domestic Residence & Permissions applications","Granted","North Macedonia","0","*","*","*","0","*","4","*"
"Domestic Residence & Permissions applications","Granted","Northern Mariana Islands (the)","0","0","0","0","0","0","0","0"
"Domestic Residence & Permissions applications","Granted","Oman","*","*","7","6","*","*","5","*"
"Domestic Residence & Permissions applications","Granted","Pakistan","219","617","462","352","733","863","1082","947"
"Domestic Residence & Permissions applications","Granted","Palau","0","0","0","0","0","0","0","0"
"Domestic Residence & Permissions applications","Granted","Palestine, State of","*","16","12","16","15","23","42","83"
"Domestic Residence & Permissions applications","Granted","Panama","0","*","*","*","*","9","17","16"
"Domestic Residence & Permissions applications","Granted","Papua New Guinea","0","0","0","0","0","0","0","*"
"Domestic Residence & Permissions applications","Granted","Paraguay","*","*","0","*","*","13","5","5"
"Domestic Residence & Permissions applications","Granted","Peru","*","5","9","*","4","19","16","12"
"Domestic Residence & Permissions applications","Granted","Philippines (the)","155","161","181","114","187","907","227","194"
"Domestic Residence & Permissions applications","Granted","Pitcairn","0","0","0","0","0","0","0","0"
"Domestic Residence & Permissions applications","Granted","Puerto Rico","0","0","0","0","0","0","0","0"
"Domestic Residence & Permissions applications","Granted","Qatar","0","0","0","0","0","0","0","0"
"Domestic Residence & Permissions applications","Granted","Réunion","0","0","0","0","0","0","0","0"
"Domestic Residence & Permissions applications","Granted","Russian Federation (the)","51","43","34","55","57","126","120","88"
"Domestic Residence & Permissions applications","Granted","Rwanda","0","*","4","*","5","4","*","8"
"Domestic Residence & Permissions applications","Granted","Saint Barthélemy","0","0","0","0","0","0","0","0"
"Domestic Residence & Permissions applications","Granted","Saint Helena, Ascension and Tristan da Cunha","0","0","0","0","0","0","0","0"
"Domestic Residence & Permissions applications","Granted","Saint Kitts and Nevis","0","0","0","0","*","*","*","*"
"Domestic Residence & Permissions applications","Granted","Saint Lucia","*","0","*","*","*","*","0","0"
"Domestic Residence & Permissions applications","Granted","Saint Martin (French part)","0","0","0","0","0","0","0","0"
"Domestic Residence & Permissions applications","Granted","Saint Pierre and Miquelon","0","0","0","0","0","0","0","0"
"Domestic Residence & Permissions applications","Granted","Saint Vincent and the Grenadines","0","0","0","0","0","0","0","*"
"Domestic Residence & Permissions applications","Granted","Samoa","0","0","0","0","0","0","0","*"
"Domestic Residence & Permissions applications","Granted","San Marino","0","0","0","0","0","0","0","0"
"Domestic Residence & Permissions applications","Granted","Sao Tome and Principe","0","0","0","0","0","0","0","0"
"Domestic Residence & Permissions applications","Granted","Saudi Arabia","16","24","33","16","20","23","14","12"
"Domestic Residence & Permissions applications","Granted","Senegal","*","*","*","*","7","6","5","4"
"Domestic Residence & Permissions applications","Granted","Serbia","*","*","8","*","6","9","8","*"
"Domestic Residence & Permissions applications","Granted","Seychelles","*","*","0","0","0","*","*","*"
"Domestic Residence & Permissions applications","Granted","Sierra Leone","*","21","25","13","34","52","52","59"
"Domestic Residence & Permissions applications","Granted","Singapore","6","6","14","17","14","12","11","12"
"Domestic Residence & Permissions applications","Granted","Sint Maarten (Dutch part)","0","0","0","0","0","0","0","0"
"Domestic Residence & Permissions applications","Granted","Solomon Islands","0","0","0","0","0","0","0","0"
"Domestic Residence & Permissions applications","Granted","Somalia","5","19","30","86","213","913","1175","1142"
"Domestic Residence & Permissions applications","Granted","South Africa","101","209","329","303","449","570","432","399"
"Domestic Residence & Permissions applications","Granted","South Georgia and the South Sandwich Islands","0","0","0","0","0","0","0","0"
"Domestic Residence & Permissions applications","Granted","South Sudan","0","0","0","*","*","0","*","*"
"Domestic Residence & Permissions applications","Granted","Sri Lanka","*","17","23","12","18","30","17","22"
"Domestic Residence & Permissions applications","Granted","Sudan (the)","23","27","27","27","38","39","94","96"
"Domestic Residence & Permissions applications","Granted","Suriname","*","0","0","0","0","0","0","0"
"Domestic Residence & Permissions applications","Granted","Svalbard and Jan Mayen","0","0","0","0","0","0","0","0"
"Domestic Residence & Permissions applications","Granted","Switzerland","0","0","0","0","0","0","*","0"
"Domestic Residence & Permissions applications","Granted","Syrian Arab Republic (the)","*","10","15","35","32","41","54","66"
"Domestic Residence & Permissions applications","Granted","Taiwan (Province of China)","4","5","6","8","7","10","9","14"
"Domestic Residence & Permissions applications","Granted","Tajikistan","0","0","0","0","0","0","0","0"
"Domestic Residence & Permissions applications","Granted","Tanzania, the United Republic of","4","7","15","14","10","19","17","19"
"Domestic Residence & Permissions applications","Granted","Thailand","47","45","31","38","36","47","37","22"
"Domestic Residence & Permissions applications","Granted","Timor-Leste","0","0","0","0","0","*","*","0"
"Domestic Residence & Permissions applications","Granted","Togo","*","5","10","10","28","28","35","31"
"Domestic Residence & Permissions applications","Granted","Tokelau","0","0","0","0","0","0","0","0"
"Domestic Residence & Permissions applications","Granted","Tonga","0","*","0","0","*","*","0","0"
"Domestic Residence & Permissions applications","Granted","Trinidad and Tobago","0","*","*","*","*","4","6","*"
"Domestic Residence & Permissions applications","Granted","Tunisia","6","9","11","4","13","17","55","65"
"Domestic Residence & Permissions applications","Granted","Turkiye","18","26","63","90","285","507","1598","840"
"Domestic Residence & Permissions applications","Granted","Turkmenistan","0","0","*","0","0","0","*","0"
"Domestic Residence & Permissions applications","Granted","Turks and Caicos Islands (the)","0","0","0","0","0","0","0","0"
"Domestic Residence & Permissions applications","Granted","Tuvalu","0","0","0","0","0","0","*","0"
"Domestic Residence & Permissions applications","Granted","Uganda","7","12","24","34","38","39","53","48"
"Domestic Residence & Permissions applications","Granted","Ukraine","73","94","102","76","137","207","149","156"
"Domestic Residence & Permissions applications","Granted","United Arab Emirates (the)","0","*","8","*","*","0","0","*"
"Domestic Residence & Permissions applications","Granted","United States Minor Outlying Islands (the)","0","0","0","0","0","0","0","0"
"Domestic Residence & Permissions applications","Granted","United States of America (the)","324","476","551","418","555","610","452","500"
"Domestic Residence & Permissions applications","Granted","Uruguay","*","0","*","0","*","5","4","7"
"Domestic Residence & Permissions applications","Granted","Uzbekistan","*","4","*","4","*","5","5","8"
"Domestic Residence & Permissions applications","Granted","Vanuatu","0","0","0","0","0","0","0","0"
"Domestic Residence & Permissions applications","Granted","Venezuela (Bolivarian Republic of)","47","62","87","99","104","66","29","35"
"Domestic Residence & Permissions applications","Granted","Viet Nam","24","22","64","42","65","111","69","89"
"Domestic Residence & Permissions applications","Granted","Virgin Islands (British)","0","0","0","0","0","0","0","0"
"Domestic Residence & Permissions applications","Granted","Virgin Islands (U.S.)","0","0","0","0","0","0","0","0"
"Domestic Residence & Permissions applications","Granted","Wallis and Futuna","0","0","0","0","0","0","0","0"
"Domestic Residence & Permissions applications","Granted","Western Sahara","0","*","0","0","0","0","*","*"
"Domestic Residence & Permissions applications","Granted","Yemen","0","*","*","5","5","9","18","28"
"Domestic Residence & Permissions applications","Granted","Zambia","*","7","9","4","7","18","5","10"
"Domestic Residence & Permissions applications","Granted","Zimbabwe","27","291","283","292","423","639","723","908"
"Domestic Residence & Permissions applications","Granted","*Other","48","69","47","42","88","157","199","80"
"Domestic Residence & Permissions applications","Granted","Dual Nationality","18","23","26","13","19","56","64","20"
"Domestic Residence & Permissions applications","Refused","Afghanistan","4","35","40","26","31","66","60","58"
"Domestic Residence & Permissions applications","Refused","Åland Islands","0","0","0","0","0","0","0","0"
"Domestic Residence & Permissions applications","Refused","Albania","9","100","129","55","60","60","153","79"
"Domestic Residence & Permissions applications","Refused","Algeria","6","47","44","24","35","46","118","197"
"Domestic Residence & Permissions applications","Refused","American Samoa","0","0","0","0","0","0","0","0"
"Domestic Residence & Permissions applications","Refused","Andorra","0","0","0","0","0","0","0","0"
"Domestic Residence & Permissions applications","Refused","Angola","4","*","7","4","*","4","6","*"
"Domestic Residence & Permissions applications","Refused","Anguilla","0","0","0","0","0","0","0","0"
"Domestic Residence & Permissions applications","Refused","Antarctica","0","0","0","0","0","0","0","0"
"Domestic Residence & Permissions applications","Refused","Antigua and Barbuda","0","0","0","0","0","*","0","0"
"Domestic Residence & Permissions applications","Refused","Argentina","9","4","*","6","11","13","5","11"
"Domestic Residence & Permissions applications","Refused","Armenia","0","*","*","0","*","0","5","*"
"Domestic Residence & Permissions applications","Refused","Aruba","0","0","0","0","0","0","0","0"
"Domestic Residence & Permissions applications","Refused","Australia","20","31","21","7","8","12","8","9"
"Domestic Residence & Permissions applications","Refused","Azerbaijan","0","0","*","0","0","*","*","*"
"Domestic Residence & Permissions applications","Refused","Bahamas (the)","0","0","0","0","0","0","*","0"
"Domestic Residence & Permissions applications","Refused","Bahrain","0","*","0","0","0","0","0","0"
"Domestic Residence & Permissions applications","Refused","Bangladesh","21","106","90","65","37","32","136","51"
"Domestic Residence & Permissions applications","Refused","Barbados","*","0","0","*","0","0","0","0"
"Domestic Residence & Permissions applications","Refused","Belarus","4","*","6","0","*","4","4","4"
"Domestic Residence & Permissions applications","Refused","Belize","0","0","0","0","0","0","0","0"
"Domestic Residence & Permissions applications","Refused","Benin","0","*","0","0","0","0","0","0"
"Domestic Residence & Permissions applications","Refused","Bermuda","0","0","0","0","0","0","0","0"
"Domestic Residence & Permissions applications","Refused","Bhutan","0","*","*","0","0","0","0","0"
"Domestic Residence & Permissions applications","Refused","Bolivia (Plurinational State of)","5","6","6","4","7","5","13","10"
"Domestic Residence & Permissions applications","Refused","Bonaire, Sint Eustatius and Saba","0","0","0","0","0","0","0","0"
"Domestic Residence & Permissions applications","Refused","Bosnia and Herzegovina","0","0","0","0","0","0","0","0"
"Domestic Residence & Permissions applications","Refused","Botswana","5","17","11","10","10","28","17","27"
"Domestic Residence & Permissions applications","Refused","Bouvet Island","0","0","0","0","0","0","0","0"
"Domestic Residence & Permissions applications","Refused","Brazil","144","218","324","217","270","404","594","535"
"Domestic Residence & Permissions applications","Refused","Brunei Darussalam","0","0","0","0","0","0","0","0"
"Domestic Residence & Permissions applications","Refused","Burkina Faso","0","0","0","0","0","0","*","0"
"Domestic Residence & Permissions applications","Refused","Burundi","*","*","*","0","*","0","*","0"
"Domestic Residence & Permissions applications","Refused","Cabo Verde","0","0","*","0","0","0","0","*"
"Domestic Residence & Permissions applications","Refused","Cambodia","0","*","*","0","0","0","*","*"
"Domestic Residence & Permissions applications","Refused","Cameroon","7","10","12","7","9","*","12","6"
"Domestic Residence & Permissions applications","Refused","Canada","21","10","28","18","17","22","16","15"
"Domestic Residence & Permissions applications","Refused","Cayman Islands (the)","0","0","0","0","0","0","0","0"
"Domestic Residence & Permissions applications","Refused","Central African Republic (the)","0","0","0","0","0","0","0","0"
"Domestic Residence & Permissions applications","Refused","Ceuta","0","0","0","0","0","0","0","0"
"Domestic Residence & Permissions applications","Refused","Chad","0","0","0","*","*","0","0","0"
"Domestic Residence & Permissions applications","Refused","Chile","*","9","5","*","6","10","9","18"
"Domestic Residence & Permissions applications","Refused","China","119","173","308","174","121","189","247","218"
"Domestic Residence & Permissions applications","Refused","Christmas Island","0","0","0","0","0","0","0","0"
"Domestic Residence & Permissions applications","Refused","Cocos (Keeling) Islands (the)","0","0","0","0","0","0","0","0"
"Domestic Residence & Permissions applications","Refused","Colombia","*","6","*","*","*","7","4","5"
"Domestic Residence & Permissions applications","Refused","Comoros (the)","0","0","0","0","0","0","0","0"
"Domestic Residence & Permissions applications","Refused","Congo (the Democratic Republic of the)","*","44","24","17","14","13","18","14"
"Domestic Residence & Permissions applications","Refused","Congo (the)","*","*","4","*","*","*","0","*"
"Domestic Residence & Permissions applications","Refused","Cook Islands (the)","0","0","0","0","0","0","0","0"
"Domestic Residence & Permissions applications","Refused","Costa Rica","0","*","*","*","0","*","*","5"
"Domestic Residence & Permissions applications","Refused","Côte d'Ivoire","*","*","*","*","*","*","0","*"
"Domestic Residence & Permissions applications","Refused","Cuba","*","*","*","0","0","*","*","*"
"Domestic Residence & Permissions applications","Refused","Curaçao","0","0","0","0","0","0","0","0"
"Domestic Residence & Permissions applications","Refused","Djibouti","0","0","0","0","0","0","0","0"
"Domestic Residence & Permissions applications","Refused","Dominica","0","0","0","0","0","0","0","0"
"Domestic Residence & Permissions applications","Refused","Dominican Republic (the)","0","0","*","0","0","0","*","0"
"Domestic Residence & Permissions applications","Refused","Ecuador","0","0","*","*","*","0","0","0"
"Domestic Residence & Permissions applications","Refused","Egypt","13","27","40","27","25","31","99","41"
"Domestic Residence & Permissions applications","Refused","El Salvador","0","0","*","*","*","9","5","14"
"Domestic Residence & Permissions applications","Refused","Equatorial Guinea","0","0","*","0","0","*","0","0"
"Domestic Residence & Permissions applications","Refused","Eritrea","0","*","10","*","*","8","*","*"
"Domestic Residence & Permissions applications","Refused","Eswatini","0","*","4","*","*","*","9","*"
"Domestic Residence & Permissions applications","Refused","Ethiopia","0","*","4","0","8","6","7","*"
"Domestic Residence & Permissions applications","Refused","Falkland Islands (the) [Malvinas]","0","0","0","0","0","0","0","0"
"Domestic Residence & Permissions applications","Refused","Faroe Islands (the)","0","0","0","0","0","0","0","0"
"Domestic Residence & Permissions applications","Refused","Fiji","0","0","*","*","0","*","0","0"
"Domestic Residence & Permissions applications","Refused","French Guiana","0","0","0","0","0","0","0","0"
"Domestic Residence & Permissions applications","Refused","French Polynesia","0","0","0","0","0","0","0","0"
"Domestic Residence & Permissions applications","Refused","Gabon","0","0","0","0","*","0","0","0"
"Domestic Residence & Permissions applications","Refused","Gambia (the)","0","*","0","*","0","*","0","0"
"Domestic Residence & Permissions applications","Refused","Georgia","*","68","142","118","72","167","501","438"
"Domestic Residence & Permissions applications","Refused","Ghana","5","11","20","5","11","5","30","14"
"Domestic Residence & Permissions applications","Refused","Gibraltar","0","0","0","0","0","0","0","0"
"Domestic Residence & Permissions applications","Refused","Greenland","0","0","0","0","0","0","0","0"
"Domestic Residence & Permissions applications","Refused","Grenada","0","*","0","*","4","0","0","*"
"Domestic Residence & Permissions applications","Refused","Guadeloupe","0","0","0","0","0","0","0","0"
"Domestic Residence & Permissions applications","Refused","Guam","0","0","0","0","0","0","0","0"
"Domestic Residence & Permissions applications","Refused","Guatemala","0","*","*","*","0","*","0","*"
"Domestic Residence & Permissions applications","Refused","Guernsey","0","0","0","0","0","0","0","0"
"Domestic Residence & Permissions applications","Refused","Guinea","*","6","5","*","4","*","*","0"
"Domestic Residence & Permissions applications","Refused","Guinea-Bissau","0","0","0","0","0","*","0","0"
"Domestic Residence & Permissions applications","Refused","Guyana","0","0","*","0","*","*","0","0"
"Domestic Residence & Permissions applications","Refused","Haiti","0","0","0","*","0","0","0","0"
"Domestic Residence & Permissions applications","Refused","Heard Island and McDonald Islands","0","0","0","0","0","0","0","0"
"Domestic Residence & Permissions applications","Refused","Holy See (the)","0","0","0","0","0","0","0","0"
"Domestic Residence & Permissions applications","Refused","Honduras","0","0","0","0","0","*","*","6"
"Domestic Residence & Permissions applications","Refused","India","115","156","229","152","155","269","351","371"
"Domestic Residence & Permissions applications","Refused","Indonesia","*","0","*","*","*","*","*","*"
"Domestic Residence & Permissions applications","Refused","Iran (Islamic Republic of)","5","10","12","6","6","12","*","12"
"Domestic Residence & Permissions applications","Refused","Iraq","*","11","20","8","23","9","13","7"
"Domestic Residence & Permissions applications","Refused","Isle of Man","0","0","0","0","0","0","0","0"
"Domestic Residence & Permissions applications","Refused","Israel","*","*","5","4","0","0","0","*"
"Domestic Residence & Permissions applications","Refused","Jamaica","0","*","*","*","*","0","4","*"
"Domestic Residence & Permissions applications","Refused","Japan","6","13","8","5","9","7","5","6"
"Domestic Residence & Permissions applications","Refused","Jersey","0","0","0","0","0","0","0","0"
"Domestic Residence & Permissions applications","Refused","Jordan","*","*","6","*","*","*","*","7"
"Domestic Residence & Permissions applications","Refused","Kazakhstan","0","0","*","*","*","0","*","0"
"Domestic Residence & Permissions applications","Refused","Kenya","*","*","9","*","6","6","7","8"
"Domestic Residence & Permissions applications","Refused","Kiribati","0","0","0","0","0","0","0","0"
"Domestic Residence & Permissions applications","Refused","Korea (the Democratic People's Republic of) North Korea","0","0","0","0","0","0","0","0"
"Domestic Residence & Permissions applications","Refused","Korea (the Republic of) South Korea","6","19","11","9","12","4","6","*"
"Domestic Residence & Permissions applications","Refused","Kosovo","0","7","*","*","4","4","24","8"
"Domestic Residence & Permissions applications","Refused","Kuwait","*","4","*","6","*","*","*","4"
"Domestic Residence & Permissions applications","Refused","Kyrgyzstan","0","*","*","0","0","*","0","*"
"Domestic Residence & Permissions applications","Refused","Lao People's Democratic Republic (the)","0","0","0","0","0","0","0","0"
"Domestic Residence & Permissions applications","Refused","Lebanon","*","*","*","4","9","*","8","*"
"Domestic Residence & Permissions applications","Refused","Lesotho","*","0","*","*","0","0","*","*"
"Domestic Residence & Permissions applications","Refused","Liberia","*","*","0","*","0","0","4","4"
"Domestic Residence & Permissions applications","Refused","Libya","7","13","13","5","8","*","4","*"
"Domestic Residence & Permissions applications","Refused","Macao","0","0","0","0","0","0","0","0"
"Domestic Residence & Permissions applications","Refused","Madagascar","0","0","0","0","0","0","0","0"
"Domestic Residence & Permissions applications","Refused","Malawi","23","56","55","34","27","42","59","16"
"Domestic Residence & Permissions applications","Refused","Malaysia","39","66","84","51","30","53","63","50"
"Domestic Residence & Permissions applications","Refused","Maldives","0","0","0","0","0","*","0","0"
"Domestic Residence & Permissions applications","Refused","Mali","0","0","0","0","0","*","0","*"
"Domestic Residence & Permissions applications","Refused","Marshall Islands (the)","0","0","0","0","0","0","0","0"
"Domestic Residence & Permissions applications","Refused","Martinique","0","0","0","0","0","0","0","0"
"Domestic Residence & Permissions applications","Refused","Mauritania","0","*","0","*","0","0","0","0"
"Domestic Residence & Permissions applications","Refused","Mauritius","26","87","136","67","20","20","57","29"
"Domestic Residence & Permissions applications","Refused","Mayotte","0","0","0","0","0","0","0","0"
"Domestic Residence & Permissions applications","Refused","Melilla","0","0","0","0","0","0","0","0"
"Domestic Residence & Permissions applications","Refused","Mexico","11","21","18","22","25","22","38","56"
"Domestic Residence & Permissions applications","Refused","Micronesia (Federated States of)","0","0","0","0","0","0","0","0"
"Domestic Residence & Permissions applications","Refused","Moldova (the Republic of)","5","6","4","0","*","*","12","12"
"Domestic Residence & Permissions applications","Refused","Monaco","0","0","0","0","0","0","0","0"
"Domestic Residence & Permissions applications","Refused","Mongolia","10","6","25","15","7","4","17","10"
"Domestic Residence & Permissions applications","Refused","Montenegro","0","0","0","0","0","0","0","0"
"Domestic Residence & Permissions applications","Refused","Montserrat","0","0","0","0","0","0","0","0"
"Domestic Residence & Permissions applications","Refused","Morocco","4","11","17","11","13","16","15","16"
"Domestic Residence & Permissions applications","Refused","Mozambique","0","*","0","0","*","*","*","0"
"Domestic Residence & Permissions applications","Refused","Myanmar","0","0","*","*","0","0","*","*"
"Domestic Residence & Permissions applications","Refused","Namibia","0","*","0","0","0","0","0","0"
"Domestic Residence & Permissions applications","Refused","Nauru","0","0","0","0","0","0","0","0"
"Domestic Residence & Permissions applications","Refused","Nepal","4","37","23","11","11","19","18","18"
"Domestic Residence & Permissions applications","Refused","New Caledonia","0","0","0","0","0","0","0","0"
"Domestic Residence & Permissions applications","Refused","New Zealand","12","9","8","5","*","4","*","8"
"Domestic Residence & Permissions applications","Refused","Nicaragua","0","0","*","*","*","0","*","*"
"Domestic Residence & Permissions applications","Refused","Niger (the)","0","0","*","0","0","0","0","*"
"Domestic Residence & Permissions applications","Refused","Nigeria","109","200","203","105","121","150","328","216"
"Domestic Residence & Permissions applications","Refused","Niue","0","0","0","0","0","0","0","0"
"Domestic Residence & Permissions applications","Refused","Norfolk Island","0","0","0","0","0","0","0","0"
"Domestic Residence & Permissions applications","Refused","North Macedonia","0","0","*","0","0","*","0","0"
"Domestic Residence & Permissions applications","Refused","Northern Mariana Islands (the)","0","0","0","0","0","0","0","0"
"Domestic Residence & Permissions applications","Refused","Oman","0","0","*","0","*","*","*","0"
"Domestic Residence & Permissions applications","Refused","Pakistan","49","301","265","205","161","156","663","270"
"Domestic Residence & Permissions applications","Refused","Palau","0","0","0","0","0","0","0","0"
"Domestic Residence & Permissions applications","Refused","Palestine, State of","0","4","5","4","*","*","*","*"
"Domestic Residence & Permissions applications","Refused","Panama","*","0","0","0","0","*","*","6"
"Domestic Residence & Permissions applications","Refused","Papua New Guinea","0","0","0","0","0","0","0","0"
"Domestic Residence & Permissions applications","Refused","Paraguay","0","*","*","0","*","*","*","*"
"Domestic Residence & Permissions applications","Refused","Peru","*","*","*","*","*","*","*","*"
"Domestic Residence & Permissions applications","Refused","Philippines (the)","35","46","84","49","35","62","81","55"
"Domestic Residence & Permissions applications","Refused","Pitcairn","0","0","0","0","0","0","0","0"
"Domestic Residence & Permissions applications","Refused","Puerto Rico","0","0","0","0","0","0","0","0"
"Domestic Residence & Permissions applications","Refused","Qatar","0","0","0","0","0","0","0","0"
"Domestic Residence & Permissions applications","Refused","Réunion","0","0","0","0","0","0","0","0"
"Domestic Residence & Permissions applications","Refused","Russian Federation (the)","18","14","17","11","10","21","18","23"
"Domestic Residence & Permissions applications","Refused","Rwanda","*","*","*","0","*","*","*","*"
"Domestic Residence & Permissions applications","Refused","Saint Barthélemy","0","0","0","0","0","0","0","0"
"Domestic Residence & Permissions applications","Refused","Saint Helena, Ascension and Tristan da Cunha","0","0","0","0","0","0","0","0"
"Domestic Residence & Permissions applications","Refused","Saint Kitts and Nevis","0","0","*","0","0","0","0","0"
"Domestic Residence & Permissions applications","Refused","Saint Lucia","0","0","0","0","0","0","0","0"
"Domestic Residence & Permissions applications","Refused","Saint Martin (French part)","0","0","0","0","0","0","0","0"
"Domestic Residence & Permissions applications","Refused","Saint Pierre and Miquelon","0","0","0","0","0","0","0","0"
"Domestic Residence & Permissions applications","Refused","Saint Vincent and the Grenadines","0","0","0","0","0","0","0","0"
"Domestic Residence & Permissions applications","Refused","Samoa","0","0","0","0","0","*","0","*"
"Domestic Residence & Permissions applications","Refused","San Marino","0","0","0","0","0","0","0","0"
"Domestic Residence & Permissions applications","Refused","Sao Tome and Principe","0","0","0","0","0","0","0","0"
"Domestic Residence & Permissions applications","Refused","Saudi Arabia","9","*","11","6","5","6","*","6"
"Domestic Residence & Permissions applications","Refused","Senegal","0","*","0","*","0","0","*","0"
"Domestic Residence & Permissions applications","Refused","Serbia","*","*","4","*","0","4","*","*"
"Domestic Residence & Permissions applications","Refused","Seychelles","0","0","0","0","0","0","*","0"
"Domestic Residence & Permissions applications","Refused","Sierra Leone","*","*","7","6","4","6","*","*"
"Domestic Residence & Permissions applications","Refused","Singapore","*","6","*","*","*","*","0","*"
"Domestic Residence & Permissions applications","Refused","Sint Maarten (Dutch part)","0","0","0","0","0","0","0","0"
"Domestic Residence & Permissions applications","Refused","Solomon Islands","0","0","0","0","0","0","0","0"
"Domestic Residence & Permissions applications","Refused","Somalia","*","6","33","34","44","94","105","68"
"Domestic Residence & Permissions applications","Refused","South Africa","55","75","98","83","82","83","160","290"
"Domestic Residence & Permissions applications","Refused","South Georgia and the South Sandwich Islands","0","0","0","0","0","0","0","0"
"Domestic Residence & Permissions applications","Refused","South Sudan","0","*","*","0","*","0","0","*"
"Domestic Residence & Permissions applications","Refused","Sri Lanka","4","6","4","0","*","10","7","6"
"Domestic Residence & Permissions applications","Refused","Sudan (the)","5","9","29","11","11","19","12","15"
"Domestic Residence & Permissions applications","Refused","Suriname","0","0","0","0","0","0","0","0"
"Domestic Residence & Permissions applications","Refused","Svalbard and Jan Mayen","0","0","0","0","0","0","0","0"
"Domestic Residence & Permissions applications","Refused","Switzerland","*","*","*","0","0","0","*","0"
"Domestic Residence & Permissions applications","Refused","Syrian Arab Republic (the)","*","7","15","8","5","10","11","7"
"Domestic Residence & Permissions applications","Refused","Taiwan (Province of China)","0","*","*","*","*","*","*","*"
"Domestic Residence & Permissions applications","Refused","Tajikistan","0","0","0","0","0","0","*","0"
"Domestic Residence & Permissions applications","Refused","Tanzania, the United Republic of","*","*","*","*","*","*","*","*"
"Domestic Residence & Permissions applications","Refused","Thailand","14","6","11","7","6","4","8","10"
"Domestic Residence & Permissions applications","Refused","Timor-Leste","0","0","0","0","0","0","0","0"
"Domestic Residence & Permissions applications","Refused","Togo","0","*","0","5","0","*","*","*"
"Domestic Residence & Permissions applications","Refused","Tokelau","0","0","0","0","0","0","0","0"
"Domestic Residence & Permissions applications","Refused","Tonga","0","0","0","0","0","0","*","0"
"Domestic Residence & Permissions applications","Refused","Trinidad and Tobago","0","*","*","0","*","*","*","*"
"Domestic Residence & Permissions applications","Refused","Tunisia","*","5","5","*","5","0","*","5"
"Domestic Residence & Permissions applications","Refused","Turkiye","7","5","18","13","34","54","124","126"
"Domestic Residence & Permissions applications","Refused","Turkmenistan","0","0","0","0","0","*","0","0"
"Domestic Residence & Permissions applications","Refused","Turks and Caicos Islands (the)","0","0","0","0","0","0","0","0"
"Domestic Residence & Permissions applications","Refused","Tuvalu","0","0","0","0","0","0","0","0"
"Domestic Residence & Permissions applications","Refused","Uganda","*","4","4","*","*","6","*","4"
"Domestic Residence & Permissions applications","Refused","Ukraine","17","28","18","18","24","14","21","21"
"Domestic Residence & Permissions applications","Refused","United Arab Emirates (the)","0","0","*","0","0","0","0","0"
"Domestic Residence & Permissions applications","Refused","United States Minor Outlying Islands (the)","0","0","0","0","0","0","0","0"
"Domestic Residence & Permissions applications","Refused","United States of America (the)","87","126","140","95","103","83","88","94"
"Domestic Residence & Permissions applications","Refused","Uruguay","0","0","0","0","0","0","*","*"
"Domestic Residence & Permissions applications","Refused","Uzbekistan","0","0","*","*","*","0","*","*"
"Domestic Residence & Permissions applications","Refused","Vanuatu","0","0","0","0","0","0","0","0"
"Domestic Residence & Permissions applications","Refused","Venezuela (Bolivarian Republic of)","25","19","32","15","13","16","8","*"
"Domestic Residence & Permissions applications","Refused","Viet Nam","12","17","20","11","16","11","27","9"
"Domestic Residence & Permissions applications","Refused","Virgin Islands (British)","0","0","0","0","0","0","0","0"
"Domestic Residence & Permissions applications","Refused","Virgin Islands (U.S.)","0","0","0","0","0","0","0","0"
"Domestic Residence & Permissions applications","Refused","Wallis and Futuna","0","0","0","0","0","0","0","0"
"Domestic Residence & Permissions applications","Refused","Western Sahara","0","0","0","0","0","0","*","0"
"Domestic Residence & Permissions applications","Refused","Yemen","0","0","*","0","*","*","*","*"
"Domestic Residence & Permissions applications","Refused","Zambia","*","0","*","*","*","0","4","6"
"Domestic Residence & Permissions applications","Refused","Zimbabwe","4","51","53","31","36","67","59","54"
"Domestic Residence & Permissions applications","Refused","*Other","31","33","59","21","21","19","48","77"
"Domestic Residence & Permissions applications","Refused","Dual Nationality","4","8","10","10","8","6","29","10"
