"Type","Status","year","Jan","Feb","Mar","Apr","May","Jun","Jul","Aug","Sep","Oct","Nov","Dec"
"Domestic Residence & Permissions applications","Received","2017","538","574","597","522","597","522","514","635","621","567","676","433"
"Domestic Residence & Permissions applications","Received","2018","655","775","763","747","794","677","1550","1045","812","925","800","537"
"Domestic Residence & Permissions applications","Received","2019","817","823","909","842","967","752","952","793","829","1000","843","643"
"Domestic Residence & Permissions applications","Received","2020","937","861","882","169","417","640","808","770","844","826","723","607"
"Domestic Residence & Permissions applications","Received","2021","548","742","1416","1055","1310","1133","942","932","1089","932","808","733"
"Domestic Residence & Permissions applications","Received","2022","894","4604","2290","1921","2397","2243","2487","2298","2011","2101","2393","2037"
"Domestic Residence & Permissions applications","Received","2023","2304","2125","2661","2283","2749","2264","2247","2242","2177","2423","2360","1860"
"Domestic Residence & Permissions applications","Received","2024","2498","2396","2635","2331","2248","1993","2824","2871","2039","0","0","0"
"Domestic Residence & Permissions applications","Granted","2017","286","299","326","316","342","315","333","360","437","323","467","305"
"Domestic Residence & Permissions applications","Granted","2018","564","558","502","511","457","450","974","707","495","581","571","411"
"Domestic Residence & Permissions applications","Granted","2019","550","664","553","684","659","636","704","571","543","630","623","538"
"Domestic Residence & Permissions applications","Granted","2020","603","709","639","124","315","445","617","550","643","588","606","487"
"Domestic Residence & Permissions applications","Granted","2021","315","429","854","1188","1269","1140","1097","838","971","776","684","617"
"Domestic Residence & Permissions applications","Granted","2022","592","729","1022","1181","1618","1625","1316","1656","1935","2830","2502","1639"
"Domestic Residence & Permissions applications","Granted","2023","1960","1870","1958","1344","1945","2043","1574","1482","1419","1321","1842","1267"
"Domestic Residence & Permissions applications","Granted","2024","2049","2454","1971","2470","2730","2060","1986","2049","2550","0","0","0"
"Domestic Residence & Permissions applications","Refused","2017","82","90","107","72","127","98","78","97","116","109","127","105"
"Domestic Residence & Permissions applications","Refused","2018","115","211","173","152","137","144","426","266","179","203","231","266"
"Domestic Residence & Permissions applications","Refused","2019","241","310","213","213","276","273","317","322","229","332","225","239"
"Domestic Residence & Permissions applications","Refused","2020","361","347","186","19","30","67","110","128","237","209","192","120"
"Domestic Residence & Permissions applications","Refused","2021","127","129","179","173","153","120","180","185","163","274","170","82"
"Domestic Residence & Permissions applications","Refused","2022","131","123","125","179","237","235","237","301","276","316","303","139"
"Domestic Residence & Permissions applications","Refused","2023","208","542","413","399","387","568","327","337","477","368","372","267"
"Domestic Residence & Permissions applications","Refused","2024","406","429","298","369","514","357","526","472","491","0","0","0"
