"Type","Status","Last Updated","year","Jan","Feb","Mar","Apr","May","Jun","Jul","Aug","Sep","Oct","Nov","Dec"
"FRU - International Protection by Applicant","Received","31/07/2026","2017","44","70","132","73","108","61","79","124","95","87","118","98"
"FRU - International Protection by Applicant","Received","31/07/2026","2018","80","109","188","65","155","64","109","37","43","48","40","37"
"FRU - International Protection by Applicant","Received","31/07/2026","2019","83","60","20","68","37","52","78","63","41","47","101","97"
"FRU - International Protection by Applicant","Received","31/07/2026","2020","76","120","67","47","51","52","59","56","134","144","128","110"
"FRU - International Protection by Applicant","Received","31/07/2026","2021","60","63","69","66","51","62","97","192","129","92","123","213"
"FRU - International Protection by Applicant","Received","31/07/2026","2022","254","166","157","143","251","203","193","202","247","199","198","140"
"FRU - International Protection by Applicant","Received","31/07/2026","2023","110","193","215","126","205","165","207","265","279","293","314","192"
"FRU - International Protection by Applicant","Received","31/07/2026","2024","342","266","288","437","390","254","537","443","512","349","415","242"
"FRU - International Protection by Applicant","Received","31/07/2026","2025","407","356","253","312","342","326","384","323","376","332","371","365"
"FRU - International Protection by Applicant","Received","31/07/2026","2026","421","266","248","424","674","330","0","","","","",""
"FRU - International Protection by Applicant","Granted","31/07/2026","2017","0","0","0","0","0","0","*","18","10","16","7","*"
"FRU - International Protection by Applicant","Granted","31/07/2026","2018","31","10","21","22","*","*","*","13","36","25","29","13"
"FRU - International Protection by Applicant","Granted","31/07/2026","2019","22","17","19","23","45","*","23","30","39","16","16","*"
"FRU - International Protection by Applicant","Granted","31/07/2026","2020","28","27","25","0","0","0","11","10","30","30","14","15"
"FRU - International Protection by Applicant","Granted","31/07/2026","2021","30","24","27","36","66","40","51","75","63","34","23","13"
"FRU - International Protection by Applicant","Granted","31/07/2026","2022","45","23","10","54","25","43","48","16","67","68","51","24"
"FRU - International Protection by Applicant","Granted","31/07/2026","2023","26","25","29","21","34","80","33","60","28","17","51","*"
"FRU - International Protection by Applicant","Granted","31/07/2026","2024","14","44","56","111","43","101","88","116","109","145","114","38"
"FRU - International Protection by Applicant","Granted","31/07/2026","2025","31","71","74","74","63","65","34","36","11","64","70","80"
"FRU - International Protection by Applicant","Granted","31/07/2026","2026","58","16","61","29","13","20","81","","","","",""
"FRU - International Protection by Applicant","Refused","31/07/2026","2017","0","0","0","0","0","0","*","0","0","*","0","0"
"FRU - International Protection by Applicant","Refused","31/07/2026","2018","*","*","6","8","50","11","9","0","0","6","*","0"
"FRU - International Protection by Applicant","Refused","31/07/2026","2019","*","*","*","*","*","0","*","*","*","0","*","0"
"FRU - International Protection by Applicant","Refused","31/07/2026","2020","*","0","0","0","0","0","0","*","*","*","*","0"
"FRU - International Protection by Applicant","Refused","31/07/2026","2021","0","0","6","*","6","*","*","*","7","6","*","0"
"FRU - International Protection by Applicant","Refused","31/07/2026","2022","*","*","6","11","16","20","20","*","*","14","*","*"
"FRU - International Protection by Applicant","Refused","31/07/2026","2023","*","6","0","0","0","*","6","*","*","*","*","0"
"FRU - International Protection by Applicant","Refused","31/07/2026","2024","0","10","*","6","*","6","22","*","28","36","15","9"
"FRU - International Protection by Applicant","Refused","31/07/2026","2025","8","6","39","41","18","*","22","*","7","10","9","*"
"FRU - International Protection by Applicant","Refused","31/07/2026","2026","10","16","99","10","15","13","10","","","","",""
"FRU - International Protection by Application","Received","31/07/2026","2017","21","32","50","27","36","23","33","46","45","33","52","42"
"FRU - International Protection by Application","Received","31/07/2026","2018","29","38","31","22","60","24","30","15","16","21","20","13"
"FRU - International Protection by Application","Received","31/07/2026","2019","28","19","9","18","19","23","35","31","22","22","51","35"
"FRU - International Protection by Application","Received","31/07/2026","2020","36","46","27","14","21","25","25","31","58","57","46","38"
"FRU - International Protection by Application","Received","31/07/2026","2021","26","28","24","30","16","32","40","63","44","36","48","67"
"FRU - International Protection by Application","Received","31/07/2026","2022","82","55","49","55","71","73","73","76","82","74","70","47"
"FRU - International Protection by Application","Received","31/07/2026","2023","45","71","67","48","72","62","67","87","93","91","100","69"
"FRU - International Protection by Application","Received","31/07/2026","2024","113","88","91","140","136","85","158","126","186","114","145","83"
"FRU - International Protection by Application","Received","31/07/2026","2025","144","119","92","104","111","108","131","114","128","122","132","118"
"FRU - International Protection by Application","Received","31/07/2026","2026","153","90","90","128","219","113","0","","","","",""
