"Type","Status","Last Updated","Nationality","2017","2018","2019","2020","2021","2022","2023","2024","2025","2026"
"FRU - International Protection by Applicant","Received","31/07/2026","Afghanistan","146","62","125","142","356","525","843","1331","926","333"
"FRU - International Protection by Applicant","Received","31/07/2026","Åland Islands","0","0","0","0","0","0","0","0","0","0"
"FRU - International Protection by Applicant","Received","31/07/2026","Albania","*","*","10","15","*","*","9","0","8","*"
"FRU - International Protection by Applicant","Received","31/07/2026","Algeria","*","*","0","0","0","*","13","23","26","*"
"FRU - International Protection by Applicant","Received","31/07/2026","American Samoa","0","0","0","0","0","0","0","0","0","0"
"FRU - International Protection by Applicant","Received","31/07/2026","Andorra","0","0","0","0","0","0","0","0","0","0"
"FRU - International Protection by Applicant","Received","31/07/2026","Angola","0","0","0","*","0","0","*","*","11","6"
"FRU - International Protection by Applicant","Received","31/07/2026","Anguilla","0","0","0","0","0","0","0","0","0","0"
"FRU - International Protection by Applicant","Received","31/07/2026","Antarctica","0","0","0","0","0","0","0","0","0","0"
"FRU - International Protection by Applicant","Received","31/07/2026","Antigua and Barbuda","0","0","0","0","0","0","0","0","0","0"
"FRU - International Protection by Applicant","Received","31/07/2026","Argentina","0","0","0","0","0","0","0","0","0","0"
"FRU - International Protection by Applicant","Received","31/07/2026","Armenia","*","0","0","0","*","0","0","0","0","0"
"FRU - International Protection by Applicant","Received","31/07/2026","Aruba","0","0","0","0","0","0","0","0","0","0"
"FRU - International Protection by Applicant","Received","31/07/2026","Australia","0","0","0","0","0","0","0","0","0","0"
"FRU - International Protection by Applicant","Received","31/07/2026","Azerbaijan","0","0","0","0","0","0","0","0","0","0"
"FRU - International Protection by Applicant","Received","31/07/2026","Bahamas (the)","0","0","0","0","0","0","0","0","0","0"
"FRU - International Protection by Applicant","Received","31/07/2026","Bahrain","0","0","*","0","0","0","*","*","*","0"
"FRU - International Protection by Applicant","Received","31/07/2026","Bangladesh","17","7","6","7","11","9","*","*","*","8"
"FRU - International Protection by Applicant","Received","31/07/2026","Barbados","0","0","0","0","0","0","0","0","0","0"
"FRU - International Protection by Applicant","Received","31/07/2026","Belarus","*","0","0","*","0","0","0","0","0","*"
"FRU - International Protection by Applicant","Received","31/07/2026","Belize","0","0","0","0","0","0","0","0","0","0"
"FRU - International Protection by Applicant","Received","31/07/2026","Benin","6","*","0","0","0","0","0","0","0","0"
"FRU - International Protection by Applicant","Received","31/07/2026","Bermuda","0","0","0","0","0","0","0","0","0","0"
"FRU - International Protection by Applicant","Received","31/07/2026","Bhutan","0","0","0","0","0","0","0","0","0","0"
"FRU - International Protection by Applicant","Received","31/07/2026","Bolivia (Plurinational State of)","0","0","0","0","0","*","*","*","*","*"
"FRU - International Protection by Applicant","Received","31/07/2026","Bonaire, Sint Eustatius and Saba","0","0","0","0","0","0","0","0","0","0"
"FRU - International Protection by Applicant","Received","31/07/2026","Bosnia and Herzegovina","0","0","0","0","0","0","0","0","0","0"
"FRU - International Protection by Applicant","Received","31/07/2026","Botswana","0","0","0","*","*","8","10","34","28","24"
"FRU - International Protection by Applicant","Received","31/07/2026","Bouvet Island","0","0","0","0","0","0","0","0","0","0"
"FRU - International Protection by Applicant","Received","31/07/2026","Brazil","0","0","*","*","0","*","*","*","*","*"
"FRU - International Protection by Applicant","Received","31/07/2026","Brunei Darussalam","0","0","0","0","0","0","0","0","0","0"
"FRU - International Protection by Applicant","Received","31/07/2026","Burkina Faso","0","0","0","0","0","0","0","0","0","0"
"FRU - International Protection by Applicant","Received","31/07/2026","Burundi","*","*","9","0","7","13","0","*","11","0"
"FRU - International Protection by Applicant","Received","31/07/2026","Cabo Verde","0","0","0","0","0","0","0","0","0","0"
"FRU - International Protection by Applicant","Received","31/07/2026","Cambodia","0","0","0","0","0","0","0","0","0","0"
"FRU - International Protection by Applicant","Received","31/07/2026","Cameroon","19","6","6","28","29","27","6","20","59","11"
"FRU - International Protection by Applicant","Received","31/07/2026","Canada","0","0","0","0","0","0","0","0","0","*"
"FRU - International Protection by Applicant","Received","31/07/2026","Cayman Islands (the)","0","0","0","0","0","0","0","0","0","0"
"FRU - International Protection by Applicant","Received","31/07/2026","Central African Republic (the)","0","0","0","0","0","0","0","0","0","0"
"FRU - International Protection by Applicant","Received","31/07/2026","Ceuta","0","0","0","0","0","0","0","0","0","0"
"FRU - International Protection by Applicant","Received","31/07/2026","Chad","0","0","0","0","0","0","0","*","0","*"
"FRU - International Protection by Applicant","Received","31/07/2026","Chile","0","0","0","0","0","0","0","0","0","0"
"FRU - International Protection by Applicant","Received","31/07/2026","China","*","*","7","*","0","*","*","0","*","*"
"FRU - International Protection by Applicant","Received","31/07/2026","Christmas Island","0","0","0","0","0","0","0","0","0","0"
"FRU - International Protection by Applicant","Received","31/07/2026","Cocos (Keeling) Islands (the)","0","0","0","0","0","0","0","0","0","0"
"FRU - International Protection by Applicant","Received","31/07/2026","Colombia","0","0","0","0","0","*","0","*","0","0"
"FRU - International Protection by Applicant","Received","31/07/2026","Comoros (the)","0","0","0","0","0","0","0","0","0","0"
"FRU - International Protection by Applicant","Received","31/07/2026","Congo (the Democratic Republic of the)","79","17","98","74","84","57","41","81","47","36"
"FRU - International Protection by Applicant","Received","31/07/2026","Congo (the)","0","0","0","*","0","*","*","0","*","0"
"FRU - International Protection by Applicant","Received","31/07/2026","Cook Islands (the)","0","0","0","0","0","0","0","0","0","0"
"FRU - International Protection by Applicant","Received","31/07/2026","Costa Rica","0","0","0","0","0","0","0","0","*","0"
"FRU - International Protection by Applicant","Received","31/07/2026","Côte d'Ivoire","*","0","0","10","10","0","6","*","0","0"
"FRU - International Protection by Applicant","Received","31/07/2026","Cuba","0","*","0","0","0","0","0","0","0","0"
"FRU - International Protection by Applicant","Received","31/07/2026","Curaçao","0","0","0","0","0","0","0","0","0","0"
"FRU - International Protection by Applicant","Received","31/07/2026","Djibouti","0","0","0","0","0","0","0","0","0","0"
"FRU - International Protection by Applicant","Received","31/07/2026","Dominica","0","0","0","*","0","0","0","0","*","0"
"FRU - International Protection by Applicant","Received","31/07/2026","Dominican Republic (the)","0","0","0","0","0","0","0","0","0","0"
"FRU - International Protection by Applicant","Received","31/07/2026","Ecuador","0","0","0","0","0","0","0","0","0","0"
"FRU - International Protection by Applicant","Received","31/07/2026","Egypt","*","*","20","0","*","11","*","15","17","27"
"FRU - International Protection by Applicant","Received","31/07/2026","El Salvador","0","0","0","0","0","*","15","*","*","*"
"FRU - International Protection by Applicant","Received","31/07/2026","Equatorial Guinea","0","0","0","0","0","0","0","0","0","0"
"FRU - International Protection by Applicant","Received","31/07/2026","Eritrea","22","32","35","26","25","21","10","8","*","6"
"FRU - International Protection by Applicant","Received","31/07/2026","Eswatini","0","*","*","*","0","*","*","20","15","13"
"FRU - International Protection by Applicant","Received","31/07/2026","Ethiopia","15","12","*","26","12","56","41","30","14","8"
"FRU - International Protection by Applicant","Received","31/07/2026","Falkland Islands (the) [Malvinas]","0","0","0","0","0","0","0","0","0","0"
"FRU - International Protection by Applicant","Received","31/07/2026","Faroe Islands (the)","0","0","0","0","0","0","0","0","0","0"
"FRU - International Protection by Applicant","Received","31/07/2026","Fiji","0","0","0","0","0","0","0","0","0","0"
"FRU - International Protection by Applicant","Received","31/07/2026","French Guiana","0","0","0","0","0","0","0","0","0","0"
"FRU - International Protection by Applicant","Received","31/07/2026","French Polynesia","0","0","0","0","0","0","0","0","0","0"
"FRU - International Protection by Applicant","Received","31/07/2026","Gabon","0","0","0","0","0","0","0","0","0","0"
"FRU - International Protection by Applicant","Received","31/07/2026","Gambia (the)","0","0","0","0","0","0","0","0","*","6"
"FRU - International Protection by Applicant","Received","31/07/2026","Georgia","9","*","14","13","12","27","32","88","94","86"
"FRU - International Protection by Applicant","Received","31/07/2026","Ghana","*","*","0","*","7","6","12","31","17","*"
"FRU - International Protection by Applicant","Received","31/07/2026","Gibraltar","0","0","0","0","0","0","0","0","0","0"
"FRU - International Protection by Applicant","Received","31/07/2026","Greenland","0","0","0","0","0","0","0","0","0","0"
"FRU - International Protection by Applicant","Received","31/07/2026","Grenada","0","0","0","0","0","0","0","0","0","0"
"FRU - International Protection by Applicant","Received","31/07/2026","Guadeloupe","0","0","0","0","0","0","0","0","0","0"
"FRU - International Protection by Applicant","Received","31/07/2026","Guam","0","0","0","0","0","0","0","0","0","0"
"FRU - International Protection by Applicant","Received","31/07/2026","Guatemala","6","0","0","0","0","0","0","0","0","0"
"FRU - International Protection by Applicant","Received","31/07/2026","Guernsey","0","0","0","0","0","0","0","0","0","0"
"FRU - International Protection by Applicant","Received","31/07/2026","Guinea","*","0","10","*","*","*","*","0","18","*"
"FRU - International Protection by Applicant","Received","31/07/2026","Guinea-Bissau","0","0","0","0","0","0","0","0","0","0"
"FRU - International Protection by Applicant","Received","31/07/2026","Guyana","0","0","0","0","0","0","0","0","0","0"
"FRU - International Protection by Applicant","Received","31/07/2026","Haiti","0","0","0","0","0","0","0","0","0","0"
"FRU - International Protection by Applicant","Received","31/07/2026","Heard Island and McDonald Islands","0","0","0","0","0","0","0","0","0","0"
"FRU - International Protection by Applicant","Received","31/07/2026","Holy See (the)","0","0","0","0","0","0","0","0","0","0"
"FRU - International Protection by Applicant","Received","31/07/2026","Honduras","0","0","0","0","*","0","9","0","0","0"
"FRU - International Protection by Applicant","Received","31/07/2026","India","0","*","*","*","*","0","0","*","*","0"
"FRU - International Protection by Applicant","Received","31/07/2026","Indonesia","0","0","0","0","0","0","0","0","0","0"
"FRU - International Protection by Applicant","Received","31/07/2026","Iran (Islamic Republic of)","32","14","14","17","6","11","8","24","7","*"
"FRU - International Protection by Applicant","Received","31/07/2026","Iraq","59","28","31","17","11","8","7","6","12","9"
"FRU - International Protection by Applicant","Received","31/07/2026","Isle of Man","0","0","0","0","0","0","0","0","0","0"
"FRU - International Protection by Applicant","Received","31/07/2026","Israel","0","0","0","0","0","0","0","*","0","0"
"FRU - International Protection by Applicant","Received","31/07/2026","Jamaica","0","0","0","0","0","0","0","0","0","0"
"FRU - International Protection by Applicant","Received","31/07/2026","Japan","0","0","0","0","0","0","0","0","0","0"
"FRU - International Protection by Applicant","Received","31/07/2026","Jersey","0","0","0","0","0","0","0","0","0","0"
"FRU - International Protection by Applicant","Received","31/07/2026","Jordan","*","0","*","0","*","*","*","6","38","17"
"FRU - International Protection by Applicant","Received","31/07/2026","Kazakhstan","0","0","0","0","0","0","0","0","0","0"
"FRU - International Protection by Applicant","Received","31/07/2026","Kenya","*","*","*","0","*","7","24","13","27","23"
"FRU - International Protection by Applicant","Received","31/07/2026","Kiribati","0","0","0","0","0","0","0","0","0","0"
"FRU - International Protection by Applicant","Received","31/07/2026","Korea (the Democratic People's Republic of) North Korea","0","0","0","0","0","0","0","0","0","0"
"FRU - International Protection by Applicant","Received","31/07/2026","Korea (the Republic of) South Korea","0","0","0","0","0","0","0","0","0","0"
"FRU - International Protection by Applicant","Received","31/07/2026","Kosovo","0","0","0","0","0","0","*","*","0","0"
"FRU - International Protection by Applicant","Received","31/07/2026","Kuwait","6","*","11","9","*","9","0","0","*","*"
"FRU - International Protection by Applicant","Received","31/07/2026","Kyrgyzstan","0","0","0","*","0","0","*","0","0","0"
"FRU - International Protection by Applicant","Received","31/07/2026","Lao People's Democratic Republic (the)","0","0","0","0","0","0","0","0","0","0"
"FRU - International Protection by Applicant","Received","31/07/2026","Lebanon","*","*","0","0","0","*","0","*","*","*"
"FRU - International Protection by Applicant","Received","31/07/2026","Lesotho","0","0","0","0","0","*","*","*","*","0"
"FRU - International Protection by Applicant","Received","31/07/2026","Liberia","0","*","0","0","0","0","14","0","6","0"
"FRU - International Protection by Applicant","Received","31/07/2026","Libya","34","*","*","8","*","0","0","0","0","6"
"FRU - International Protection by Applicant","Received","31/07/2026","Macao","0","0","0","0","0","0","0","0","0","0"
"FRU - International Protection by Applicant","Received","31/07/2026","Madagascar","0","0","0","0","0","0","0","0","0","0"
"FRU - International Protection by Applicant","Received","31/07/2026","Malawi","11","13","10","6","14","16","26","17","12","*"
"FRU - International Protection by Applicant","Received","31/07/2026","Malaysia","0","0","0","0","*","0","0","0","*","0"
"FRU - International Protection by Applicant","Received","31/07/2026","Maldives","0","0","0","0","0","0","0","0","0","0"
"FRU - International Protection by Applicant","Received","31/07/2026","Mali","0","0","0","0","0","0","0","0","0","0"
"FRU - International Protection by Applicant","Received","31/07/2026","Marshall Islands (the)","0","0","0","0","0","0","0","0","0","0"
"FRU - International Protection by Applicant","Received","31/07/2026","Martinique","0","0","0","0","0","0","0","0","0","0"
"FRU - International Protection by Applicant","Received","31/07/2026","Mauritania","0","0","0","0","0","0","0","0","0","0"
"FRU - International Protection by Applicant","Received","31/07/2026","Mauritius","*","0","0","*","*","0","0","0","0","0"
"FRU - International Protection by Applicant","Received","31/07/2026","Mayotte","0","0","0","0","0","0","0","0","0","0"
"FRU - International Protection by Applicant","Received","31/07/2026","Melilla","0","0","0","0","0","0","0","0","0","0"
"FRU - International Protection by Applicant","Received","31/07/2026","Mexico","0","0","0","*","*","0","0","0","*","*"
"FRU - International Protection by Applicant","Received","31/07/2026","Micronesia (Federated States of)","0","0","0","0","0","0","0","0","0","0"
"FRU - International Protection by Applicant","Received","31/07/2026","Moldova (the Republic of)","0","0","0","0","0","0","0","0","0","0"
"FRU - International Protection by Applicant","Received","31/07/2026","Monaco","0","0","0","0","0","0","0","0","0","0"
"FRU - International Protection by Applicant","Received","31/07/2026","Mongolia","0","0","0","0","0","0","0","0","0","0"
"FRU - International Protection by Applicant","Received","31/07/2026","Montenegro","0","0","0","0","0","0","0","0","0","0"
"FRU - International Protection by Applicant","Received","31/07/2026","Montserrat","0","0","0","0","0","0","0","0","0","0"
"FRU - International Protection by Applicant","Received","31/07/2026","Morocco","0","0","*","*","0","*","*","*","*","*"
"FRU - International Protection by Applicant","Received","31/07/2026","Mozambique","*","0","0","*","0","0","0","0","0","0"
"FRU - International Protection by Applicant","Received","31/07/2026","Myanmar","*","0","0","0","*","*","0","*","14","7"
"FRU - International Protection by Applicant","Received","31/07/2026","Namibia","0","0","0","0","0","0","0","0","0","0"
"FRU - International Protection by Applicant","Received","31/07/2026","Nauru","0","0","0","0","0","0","0","0","0","0"
"FRU - International Protection by Applicant","Received","31/07/2026","Nepal","0","*","*","*","*","*","0","0","6","0"
"FRU - International Protection by Applicant","Received","31/07/2026","New Caledonia","0","0","0","0","0","0","0","0","0","0"
"FRU - International Protection by Applicant","Received","31/07/2026","New Zealand","0","0","0","0","0","0","0","0","0","0"
"FRU - International Protection by Applicant","Received","31/07/2026","Nicaragua","0","0","0","0","*","*","0","*","*","0"
"FRU - International Protection by Applicant","Received","31/07/2026","Niger (the)","12","*","0","0","0","0","0","0","*","0"
"FRU - International Protection by Applicant","Received","31/07/2026","Nigeria","26","9","17","49","24","57","103","113","177","90"
"FRU - International Protection by Applicant","Received","31/07/2026","Niue","0","0","0","0","0","0","0","0","0","0"
"FRU - International Protection by Applicant","Received","31/07/2026","Norfolk Island","0","0","0","0","0","0","0","0","0","0"
"FRU - International Protection by Applicant","Received","31/07/2026","North Macedonia","0","0","0","0","0","0","0","0","0","0"
"FRU - International Protection by Applicant","Received","31/07/2026","Northern Mariana Islands (the)","0","0","0","0","0","0","0","0","0","0"
"FRU - International Protection by Applicant","Received","31/07/2026","Oman","0","0","0","0","0","0","0","0","0","0"
"FRU - International Protection by Applicant","Received","31/07/2026","Pakistan","53","24","43","40","18","62","39","56","121","47"
"FRU - International Protection by Applicant","Received","31/07/2026","Palau","0","0","0","0","0","0","0","0","0","0"
"FRU - International Protection by Applicant","Received","31/07/2026","Palestine, State of","*","9","15","44","7","14","10","29","52","58"
"FRU - International Protection by Applicant","Received","31/07/2026","Panama","0","0","0","0","0","0","0","*","0","0"
"FRU - International Protection by Applicant","Received","31/07/2026","Papua New Guinea","0","0","0","0","0","0","0","0","0","0"
"FRU - International Protection by Applicant","Received","31/07/2026","Paraguay","0","0","0","0","0","0","0","0","0","0"
"FRU - International Protection by Applicant","Received","31/07/2026","Peru","0","0","0","0","0","0","0","0","0","0"
"FRU - International Protection by Applicant","Received","31/07/2026","Philippines (the)","0","0","0","0","0","0","0","*","*","0"
"FRU - International Protection by Applicant","Received","31/07/2026","Pitcairn","0","0","0","0","0","0","0","0","0","0"
"FRU - International Protection by Applicant","Received","31/07/2026","Puerto Rico","0","0","0","0","0","0","0","0","0","0"
"FRU - International Protection by Applicant","Received","31/07/2026","Qatar","0","0","0","0","0","0","0","0","0","0"
"FRU - International Protection by Applicant","Received","31/07/2026","Réunion","0","0","0","0","0","0","0","0","0","0"
"FRU - International Protection by Applicant","Received","31/07/2026","Russian Federation (the)","*","0","*","7","0","0","*","19","*","6"
"FRU - International Protection by Applicant","Received","31/07/2026","Rwanda","*","0","0","*","0","*","0","*","*","0"
"FRU - International Protection by Applicant","Received","31/07/2026","Saint Barthélemy","0","0","0","0","0","0","0","0","0","0"
"FRU - International Protection by Applicant","Received","31/07/2026","Saint Helena, Ascension and Tristan da Cunha","0","0","0","0","0","0","0","0","0","0"
"FRU - International Protection by Applicant","Received","31/07/2026","Saint Kitts and Nevis","0","0","0","0","0","0","0","0","0","0"
"FRU - International Protection by Applicant","Received","31/07/2026","Saint Lucia","0","0","*","0","0","0","0","0","0","0"
"FRU - International Protection by Applicant","Received","31/07/2026","Saint Martin (French part)","0","0","0","0","0","0","0","0","0","0"
"FRU - International Protection by Applicant","Received","31/07/2026","Saint Pierre and Miquelon","0","0","0","0","0","0","0","0","0","0"
"FRU - International Protection by Applicant","Received","31/07/2026","Saint Vincent and the Grenadines","0","0","0","0","0","0","0","0","0","0"
"FRU - International Protection by Applicant","Received","31/07/2026","Samoa","0","0","0","0","0","0","0","0","0","0"
"FRU - International Protection by Applicant","Received","31/07/2026","San Marino","0","0","0","0","0","0","0","0","0","0"
"FRU - International Protection by Applicant","Received","31/07/2026","Sao Tome and Principe","0","0","0","0","0","0","0","0","0","0"
"FRU - International Protection by Applicant","Received","31/07/2026","Saudi Arabia","*","0","*","*","*","*","0","*","0","*"
"FRU - International Protection by Applicant","Received","31/07/2026","Senegal","0","0","0","0","0","*","6","*","0","0"
"FRU - International Protection by Applicant","Received","31/07/2026","Serbia","0","0","0","0","0","0","0","0","0","0"
"FRU - International Protection by Applicant","Received","31/07/2026","Seychelles","0","0","0","0","0","0","0","0","0","0"
"FRU - International Protection by Applicant","Received","31/07/2026","Sierra Leone","*","*","0","15","15","19","*","17","68","21"
"FRU - International Protection by Applicant","Received","31/07/2026","Singapore","0","0","0","0","0","0","0","0","0","0"
"FRU - International Protection by Applicant","Received","31/07/2026","Sint Maarten (Dutch part)","0","0","0","0","0","0","0","0","0","0"
"FRU - International Protection by Applicant","Received","31/07/2026","Solomon Islands","0","0","0","0","0","0","0","0","0","0"
"FRU - International Protection by Applicant","Received","31/07/2026","Somalia","24","69","59","167","305","1002","903","2016","1761","1247"
"FRU - International Protection by Applicant","Received","31/07/2026","South Africa","*","8","*","*","10","22","26","34","72","20"
"FRU - International Protection by Applicant","Received","31/07/2026","South Georgia and the South Sandwich Islands","0","0","0","0","0","0","0","0","0","0"
"FRU - International Protection by Applicant","Received","31/07/2026","South Sudan","*","0","0","*","*","*","0","*","0","0"
"FRU - International Protection by Applicant","Received","31/07/2026","Sri Lanka","*","*","*","0","*","*","0","*","*","0"
"FRU - International Protection by Applicant","Received","31/07/2026","Sudan (the)","19","24","20","37","11","23","65","65","91","74"
"FRU - International Protection by Applicant","Received","31/07/2026","Suriname","0","0","0","0","0","0","0","0","0","0"
"FRU - International Protection by Applicant","Received","31/07/2026","Svalbard and Jan Mayen","0","0","0","0","0","0","0","0","0","0"
"FRU - International Protection by Applicant","Received","31/07/2026","Switzerland","0","0","0","0","0","0","0","0","0","0"
"FRU - International Protection by Applicant","Received","31/07/2026","Syrian Arab Republic (the)","360","526","94","116","75","104","40","47","28","15"
"FRU - International Protection by Applicant","Received","31/07/2026","Taiwan (Province of China)","0","0","0","0","0","0","0","0","0","0"
"FRU - International Protection by Applicant","Received","31/07/2026","Tajikistan","0","0","0","0","*","0","0","0","0","0"
"FRU - International Protection by Applicant","Received","31/07/2026","Tanzania, the United Republic of","0","*","0","0","0","0","0","*","*","0"
"FRU - International Protection by Applicant","Received","31/07/2026","Thailand","0","0","0","0","0","0","0","0","0","*"
"FRU - International Protection by Applicant","Received","31/07/2026","Timor-Leste","0","0","0","0","0","0","0","0","0","0"
"FRU - International Protection by Applicant","Received","31/07/2026","Togo","*","*","*","*","*","*","22","11","10","*"
"FRU - International Protection by Applicant","Received","31/07/2026","Tokelau","0","0","0","0","0","0","0","0","0","0"
"FRU - International Protection by Applicant","Received","31/07/2026","Tonga","0","0","0","0","0","0","0","0","0","0"
"FRU - International Protection by Applicant","Received","31/07/2026","Trinidad and Tobago","0","0","0","0","0","0","0","0","0","0"
"FRU - International Protection by Applicant","Received","31/07/2026","Tunisia","0","*","0","*","0","0","0","0","0","*"
"FRU - International Protection by Applicant","Received","31/07/2026","Turkiye","0","*","0","0","0","*","10","*","*","*"
"FRU - International Protection by Applicant","Received","31/07/2026","Turkmenistan","0","0","0","0","0","0","0","0","0","0"
"FRU - International Protection by Applicant","Received","31/07/2026","Turks and Caicos Islands (the)","0","0","0","0","0","0","0","0","0","0"
"FRU - International Protection by Applicant","Received","31/07/2026","Tuvalu","0","0","0","0","0","0","0","0","0","0"
"FRU - International Protection by Applicant","Received","31/07/2026","Uganda","14","*","*","10","8","11","26","16","35","12"
"FRU - International Protection by Applicant","Received","31/07/2026","Ukraine","0","0","*","*","*","*","*","10","8","23"
"FRU - International Protection by Applicant","Received","31/07/2026","United Arab Emirates (the)","*","0","0","0","0","*","0","0","0","0"
"FRU - International Protection by Applicant","Received","31/07/2026","United States Minor Outlying Islands (the)","0","0","0","0","0","0","0","0","0","0"
"FRU - International Protection by Applicant","Received","31/07/2026","United States of America (the)","*","0","0","0","*","0","0","0","*","0"
"FRU - International Protection by Applicant","Received","31/07/2026","Uruguay","0","0","0","0","0","0","0","0","0","0"
"FRU - International Protection by Applicant","Received","31/07/2026","Uzbekistan","0","0","0","0","0","*","0","0","0","0"
"FRU - International Protection by Applicant","Received","31/07/2026","Vanuatu","0","0","0","0","0","0","0","0","0","0"
"FRU - International Protection by Applicant","Received","31/07/2026","Venezuela (Bolivarian Republic of)","*","*","*","0","*","6","*","*","*","*"
"FRU - International Protection by Applicant","Received","31/07/2026","Viet Nam","0","0","0","0","*","*","*","0","7","0"
"FRU - International Protection by Applicant","Received","31/07/2026","Virgin Islands (British)","0","0","0","0","0","0","0","0","0","0"
"FRU - International Protection by Applicant","Received","31/07/2026","Virgin Islands (U.S.)","0","0","0","0","0","0","0","0","0","0"
"FRU - International Protection by Applicant","Received","31/07/2026","Wallis and Futuna","0","0","0","0","0","0","0","0","0","0"
"FRU - International Protection by Applicant","Received","31/07/2026","Western Sahara","0","0","0","0","0","0","0","0","0","0"
"FRU - International Protection by Applicant","Received","31/07/2026","Yemen","0","0","*","7","10","9","*","14","12","13"
"FRU - International Protection by Applicant","Received","31/07/2026","Zambia","0","0","0","*","0","0","*","*","*","6"
"FRU - International Protection by Applicant","Received","31/07/2026","Zimbabwe","42","48","38","97","85","116","123","208","207","30"
"FRU - International Protection by Applicant","Received","31/07/2026","*Other","8","7","*","0","*","35","6","*","11","28"
"FRU - International Protection by Applicant","Granted","31/07/2026","Afghanistan","11","37","14","37","106","42","79","146","133","21"
"FRU - International Protection by Applicant","Granted","31/07/2026","Åland Islands","0","0","0","0","0","0","0","0","0","0"
"FRU - International Protection by Applicant","Granted","31/07/2026","Albania","0","*","*","*","9","*","0","*","*","0"
"FRU - International Protection by Applicant","Granted","31/07/2026","Algeria","*","0","0","0","0","0","0","0","*","*"
"FRU - International Protection by Applicant","Granted","31/07/2026","American Samoa","0","0","0","0","0","0","0","0","0","0"
"FRU - International Protection by Applicant","Granted","31/07/2026","Andorra","0","0","0","0","0","0","0","0","0","0"
"FRU - International Protection by Applicant","Granted","31/07/2026","Angola","0","0","0","0","0","0","*","0","*","0"
"FRU - International Protection by Applicant","Granted","31/07/2026","Anguilla","0","0","0","0","0","0","0","0","0","0"
"FRU - International Protection by Applicant","Granted","31/07/2026","Antarctica","0","0","0","0","0","0","0","0","0","0"
"FRU - International Protection by Applicant","Granted","31/07/2026","Antigua and Barbuda","0","0","0","0","0","0","0","0","0","0"
"FRU - International Protection by Applicant","Granted","31/07/2026","Argentina","0","0","0","0","0","0","0","0","0","0"
"FRU - International Protection by Applicant","Granted","31/07/2026","Armenia","0","0","0","0","0","0","0","0","0","0"
"FRU - International Protection by Applicant","Granted","31/07/2026","Aruba","0","0","0","0","0","0","0","0","0","0"
"FRU - International Protection by Applicant","Granted","31/07/2026","Australia","0","0","0","0","0","0","0","0","0","0"
"FRU - International Protection by Applicant","Granted","31/07/2026","Azerbaijan","0","0","0","0","0","0","0","0","0","0"
"FRU - International Protection by Applicant","Granted","31/07/2026","Bahamas (the)","0","0","0","0","0","0","0","0","0","0"
"FRU - International Protection by Applicant","Granted","31/07/2026","Bahrain","0","0","0","*","0","0","0","0","0","0"
"FRU - International Protection by Applicant","Granted","31/07/2026","Bangladesh","*","*","0","*","*","*","0","*","0","0"
"FRU - International Protection by Applicant","Granted","31/07/2026","Barbados","0","0","0","0","0","0","0","0","0","0"
"FRU - International Protection by Applicant","Granted","31/07/2026","Belarus","0","*","0","0","0","0","0","0","0","0"
"FRU - International Protection by Applicant","Granted","31/07/2026","Belize","0","0","0","0","0","0","0","0","0","0"
"FRU - International Protection by Applicant","Granted","31/07/2026","Benin","0","*","0","0","0","0","0","0","0","0"
"FRU - International Protection by Applicant","Granted","31/07/2026","Bermuda","0","0","0","0","0","0","0","0","0","0"
"FRU - International Protection by Applicant","Granted","31/07/2026","Bhutan","0","0","0","0","0","0","0","0","0","0"
"FRU - International Protection by Applicant","Granted","31/07/2026","Bolivia (Plurinational State of)","0","0","0","0","0","0","0","*","*","0"
"FRU - International Protection by Applicant","Granted","31/07/2026","Bonaire, Sint Eustatius and Saba","0","0","0","0","0","0","0","0","0","0"
"FRU - International Protection by Applicant","Granted","31/07/2026","Bosnia and Herzegovina","0","0","0","0","0","0","0","0","0","0"
"FRU - International Protection by Applicant","Granted","31/07/2026","Botswana","0","0","0","0","*","0","*","*","*","*"
"FRU - International Protection by Applicant","Granted","31/07/2026","Bouvet Island","0","0","0","0","0","0","0","0","0","0"
"FRU - International Protection by Applicant","Granted","31/07/2026","Brazil","0","0","*","0","0","*","0","0","0","0"
"FRU - International Protection by Applicant","Granted","31/07/2026","Brunei Darussalam","0","0","0","0","0","0","0","0","0","0"
"FRU - International Protection by Applicant","Granted","31/07/2026","Burkina Faso","0","0","0","0","0","0","0","0","0","0"
"FRU - International Protection by Applicant","Granted","31/07/2026","Burundi","0","0","*","*","*","0","0","*","0","0"
"FRU - International Protection by Applicant","Granted","31/07/2026","Cabo Verde","0","0","0","0","0","0","0","0","0","0"
"FRU - International Protection by Applicant","Granted","31/07/2026","Cambodia","0","0","0","0","0","0","0","0","0","0"
"FRU - International Protection by Applicant","Granted","31/07/2026","Cameroon","*","*","*","*","11","10","*","16","*","12"
"FRU - International Protection by Applicant","Granted","31/07/2026","Canada","0","0","0","0","0","0","0","0","0","0"
"FRU - International Protection by Applicant","Granted","31/07/2026","Cayman Islands (the)","0","0","0","0","0","0","0","0","0","0"
"FRU - International Protection by Applicant","Granted","31/07/2026","Central African Republic (the)","0","0","0","0","0","0","0","0","0","0"
"FRU - International Protection by Applicant","Granted","31/07/2026","Ceuta","0","0","0","0","0","0","0","0","0","0"
"FRU - International Protection by Applicant","Granted","31/07/2026","Chad","0","0","0","0","0","0","0","0","0","0"
"FRU - International Protection by Applicant","Granted","31/07/2026","Chile","0","0","0","0","0","0","0","0","0","0"
"FRU - International Protection by Applicant","Granted","31/07/2026","China","*","*","6","0","*","*","*","*","0","0"
"FRU - International Protection by Applicant","Granted","31/07/2026","Christmas Island","0","0","0","0","0","0","0","0","0","0"
"FRU - International Protection by Applicant","Granted","31/07/2026","Cocos (Keeling) Islands (the)","0","0","0","0","0","0","0","0","0","0"
"FRU - International Protection by Applicant","Granted","31/07/2026","Colombia","0","0","0","0","0","0","*","0","0","0"
"FRU - International Protection by Applicant","Granted","31/07/2026","Comoros (the)","0","0","0","0","0","0","0","0","0","0"
"FRU - International Protection by Applicant","Granted","31/07/2026","Congo (the Democratic Republic of the)","*","7","15","11","23","52","*","27","27","*"
"FRU - International Protection by Applicant","Granted","31/07/2026","Congo (the)","0","0","0","0","0","0","0","*","0","0"
"FRU - International Protection by Applicant","Granted","31/07/2026","Cook Islands (the)","0","0","0","0","0","0","0","0","0","0"
"FRU - International Protection by Applicant","Granted","31/07/2026","Costa Rica","0","0","0","0","0","0","0","0","0","0"
"FRU - International Protection by Applicant","Granted","31/07/2026","Côte d'Ivoire","*","0","0","0","*","*","0","*","*","0"
"FRU - International Protection by Applicant","Granted","31/07/2026","Cuba","0","0","*","0","0","0","0","0","0","0"
"FRU - International Protection by Applicant","Granted","31/07/2026","Curaçao","0","0","0","0","0","0","0","0","0","0"
"FRU - International Protection by Applicant","Granted","31/07/2026","Djibouti","0","0","0","0","0","0","0","0","0","0"
"FRU - International Protection by Applicant","Granted","31/07/2026","Dominica","0","0","0","0","*","0","0","0","0","0"
"FRU - International Protection by Applicant","Granted","31/07/2026","Dominican Republic (the)","0","0","0","0","0","0","0","0","0","0"
"FRU - International Protection by Applicant","Granted","31/07/2026","Ecuador","0","0","0","0","0","0","0","0","0","0"
"FRU - International Protection by Applicant","Granted","31/07/2026","Egypt","0","0","*","6","*","*","7","0","*","6"
"FRU - International Protection by Applicant","Granted","31/07/2026","El Salvador","0","0","0","0","0","0","*","*","*","0"
"FRU - International Protection by Applicant","Granted","31/07/2026","Equatorial Guinea","0","0","0","0","0","0","0","0","0","0"
"FRU - International Protection by Applicant","Granted","31/07/2026","Eritrea","0","0","6","13","28","*","9","13","9","6"
"FRU - International Protection by Applicant","Granted","31/07/2026","Eswatini","0","0","0","0","*","0","0","6","*","0"
"FRU - International Protection by Applicant","Granted","31/07/2026","Ethiopia","*","*","0","*","18","*","7","28","6","*"
"FRU - International Protection by Applicant","Granted","31/07/2026","Falkland Islands (the) [Malvinas]","0","0","0","0","0","0","0","0","0","0"
"FRU - International Protection by Applicant","Granted","31/07/2026","Faroe Islands (the)","0","0","0","0","0","0","0","0","0","0"
"FRU - International Protection by Applicant","Granted","31/07/2026","Fiji","0","0","0","0","0","0","0","0","0","0"
"FRU - International Protection by Applicant","Granted","31/07/2026","French Guiana","0","0","0","0","0","0","0","0","0","0"
"FRU - International Protection by Applicant","Granted","31/07/2026","French Polynesia","0","0","0","0","0","0","0","0","0","0"
"FRU - International Protection by Applicant","Granted","31/07/2026","Gabon","0","0","0","0","0","0","0","0","0","0"
"FRU - International Protection by Applicant","Granted","31/07/2026","Gambia (the)","0","0","0","0","0","0","0","0","0","0"
"FRU - International Protection by Applicant","Granted","31/07/2026","Georgia","*","0","*","6","8","10","*","29","31","8"
"FRU - International Protection by Applicant","Granted","31/07/2026","Ghana","0","0","0","0","*","*","*","*","15","0"
"FRU - International Protection by Applicant","Granted","31/07/2026","Gibraltar","0","0","0","0","0","0","0","0","0","0"
"FRU - International Protection by Applicant","Granted","31/07/2026","Greenland","0","0","0","0","0","0","0","0","0","0"
"FRU - International Protection by Applicant","Granted","31/07/2026","Grenada","0","0","0","0","0","0","0","0","0","0"
"FRU - International Protection by Applicant","Granted","31/07/2026","Guadeloupe","0","0","0","0","0","0","0","0","0","0"
"FRU - International Protection by Applicant","Granted","31/07/2026","Guam","0","0","0","0","0","0","0","0","0","0"
"FRU - International Protection by Applicant","Granted","31/07/2026","Guatemala","0","0","0","0","0","0","0","0","0","0"
"FRU - International Protection by Applicant","Granted","31/07/2026","Guernsey","0","0","0","0","0","0","0","0","0","0"
"FRU - International Protection by Applicant","Granted","31/07/2026","Guinea","0","0","0","0","*","8","0","*","0","*"
"FRU - International Protection by Applicant","Granted","31/07/2026","Guinea-Bissau","0","0","0","0","0","0","0","0","0","0"
"FRU - International Protection by Applicant","Granted","31/07/2026","Guyana","0","0","0","0","0","0","0","0","0","0"
"FRU - International Protection by Applicant","Granted","31/07/2026","Haiti","0","0","0","0","0","0","0","0","0","0"
"FRU - International Protection by Applicant","Granted","31/07/2026","Heard Island and McDonald Islands","0","0","0","0","0","0","0","0","0","0"
"FRU - International Protection by Applicant","Granted","31/07/2026","Holy See (the)","0","0","0","0","0","0","0","0","0","0"
"FRU - International Protection by Applicant","Granted","31/07/2026","Honduras","0","0","0","0","0","0","0","0","*","0"
"FRU - International Protection by Applicant","Granted","31/07/2026","India","0","0","*","0","*","*","*","0","*","*"
"FRU - International Protection by Applicant","Granted","31/07/2026","Indonesia","0","0","0","0","0","0","0","0","0","0"
"FRU - International Protection by Applicant","Granted","31/07/2026","Iran (Islamic Republic of)","*","*","7","*","7","*","*","0","*","*"
"FRU - International Protection by Applicant","Granted","31/07/2026","Iraq","0","*","*","6","8","0","*","*","0","*"
"FRU - International Protection by Applicant","Granted","31/07/2026","Isle of Man","0","0","0","0","0","0","0","0","0","0"
"FRU - International Protection by Applicant","Granted","31/07/2026","Israel","0","0","0","0","0","0","0","0","0","0"
"FRU - International Protection by Applicant","Granted","31/07/2026","Jamaica","0","0","0","0","0","0","0","0","0","0"
"FRU - International Protection by Applicant","Granted","31/07/2026","Japan","0","0","0","0","0","0","0","0","0","0"
"FRU - International Protection by Applicant","Granted","31/07/2026","Jersey","0","0","0","0","0","0","0","0","0","0"
"FRU - International Protection by Applicant","Granted","31/07/2026","Jordan","0","0","*","0","0","0","0","*","*","0"
"FRU - International Protection by Applicant","Granted","31/07/2026","Kazakhstan","0","0","0","0","0","0","0","0","0","0"
"FRU - International Protection by Applicant","Granted","31/07/2026","Kenya","0","*","0","0","*","0","*","11","12","0"
"FRU - International Protection by Applicant","Granted","31/07/2026","Kiribati","0","0","0","0","0","0","0","0","0","0"
"FRU - International Protection by Applicant","Granted","31/07/2026","Korea (the Democratic People's Republic of) North Korea","0","0","0","0","0","0","0","0","0","0"
"FRU - International Protection by Applicant","Granted","31/07/2026","Korea (the Republic of) South Korea","0","0","0","0","0","0","0","0","0","0"
"FRU - International Protection by Applicant","Granted","31/07/2026","Kosovo","0","0","0","0","0","0","0","0","0","0"
"FRU - International Protection by Applicant","Granted","31/07/2026","Kuwait","0","*","*","0","0","10","0","0","0","*"
"FRU - International Protection by Applicant","Granted","31/07/2026","Kyrgyzstan","0","0","0","0","0","0","0","0","*","0"
"FRU - International Protection by Applicant","Granted","31/07/2026","Lao People's Democratic Republic (the)","0","0","0","0","0","0","0","0","0","0"
"FRU - International Protection by Applicant","Granted","31/07/2026","Lebanon","0","0","0","0","0","*","*","0","0","0"
"FRU - International Protection by Applicant","Granted","31/07/2026","Lesotho","0","0","0","0","0","*","0","0","*","0"
"FRU - International Protection by Applicant","Granted","31/07/2026","Liberia","0","0","0","0","0","0","0","0","0","0"
"FRU - International Protection by Applicant","Granted","31/07/2026","Libya","*","*","0","*","0","*","0","0","0","0"
"FRU - International Protection by Applicant","Granted","31/07/2026","Macao","0","0","0","0","0","0","0","0","0","0"
"FRU - International Protection by Applicant","Granted","31/07/2026","Madagascar","0","0","0","0","0","0","0","0","0","0"
"FRU - International Protection by Applicant","Granted","31/07/2026","Malawi","*","*","*","0","*","12","*","18","*","*"
"FRU - International Protection by Applicant","Granted","31/07/2026","Malaysia","0","0","0","0","0","0","0","0","0","0"
"FRU - International Protection by Applicant","Granted","31/07/2026","Maldives","0","0","0","0","0","0","0","0","0","0"
"FRU - International Protection by Applicant","Granted","31/07/2026","Mali","0","0","0","0","0","0","0","0","0","0"
"FRU - International Protection by Applicant","Granted","31/07/2026","Marshall Islands (the)","0","0","0","0","0","0","0","0","0","0"
"FRU - International Protection by Applicant","Granted","31/07/2026","Martinique","0","0","0","0","0","0","0","0","0","0"
"FRU - International Protection by Applicant","Granted","31/07/2026","Mauritania","0","0","0","0","0","0","0","0","0","0"
"FRU - International Protection by Applicant","Granted","31/07/2026","Mauritius","*","0","0","0","0","0","0","0","0","0"
"FRU - International Protection by Applicant","Granted","31/07/2026","Mayotte","0","0","0","0","0","0","0","0","0","0"
"FRU - International Protection by Applicant","Granted","31/07/2026","Melilla","0","0","0","0","0","0","0","0","0","0"
"FRU - International Protection by Applicant","Granted","31/07/2026","Mexico","0","0","0","0","0","*","0","0","0","0"
"FRU - International Protection by Applicant","Granted","31/07/2026","Micronesia (Federated States of)","0","0","0","0","0","0","0","0","0","0"
"FRU - International Protection by Applicant","Granted","31/07/2026","Moldova (the Republic of)","0","0","0","0","0","0","0","0","0","0"
"FRU - International Protection by Applicant","Granted","31/07/2026","Monaco","0","0","0","0","0","0","0","0","0","0"
"FRU - International Protection by Applicant","Granted","31/07/2026","Mongolia","0","0","0","0","0","0","0","0","0","0"
"FRU - International Protection by Applicant","Granted","31/07/2026","Montenegro","0","0","0","0","0","0","0","0","0","0"
"FRU - International Protection by Applicant","Granted","31/07/2026","Montserrat","0","0","0","0","0","0","0","0","0","0"
"FRU - International Protection by Applicant","Granted","31/07/2026","Morocco","0","0","0","0","0","*","0","0","0","0"
"FRU - International Protection by Applicant","Granted","31/07/2026","Mozambique","0","0","0","0","0","0","*","0","0","0"
"FRU - International Protection by Applicant","Granted","31/07/2026","Myanmar","0","0","0","0","0","0","0","*","0","*"
"FRU - International Protection by Applicant","Granted","31/07/2026","Namibia","0","0","0","0","0","0","0","0","0","0"
"FRU - International Protection by Applicant","Granted","31/07/2026","Nauru","0","0","0","0","0","0","0","0","0","0"
"FRU - International Protection by Applicant","Granted","31/07/2026","Nepal","0","0","*","0","*","0","*","0","0","0"
"FRU - International Protection by Applicant","Granted","31/07/2026","New Caledonia","0","0","0","0","0","0","0","0","0","0"
"FRU - International Protection by Applicant","Granted","31/07/2026","New Zealand","0","0","0","0","0","0","0","0","0","0"
"FRU - International Protection by Applicant","Granted","31/07/2026","Nicaragua","0","0","0","0","*","*","0","0","0","0"
"FRU - International Protection by Applicant","Granted","31/07/2026","Niger (the)","0","0","0","*","0","0","0","0","0","0"
"FRU - International Protection by Applicant","Granted","31/07/2026","Nigeria","*","8","*","9","13","17","12","54","56","15"
"FRU - International Protection by Applicant","Granted","31/07/2026","Niue","0","0","0","0","0","0","0","0","0","0"
"FRU - International Protection by Applicant","Granted","31/07/2026","Norfolk Island","0","0","0","0","0","0","0","0","0","0"
"FRU - International Protection by Applicant","Granted","31/07/2026","North Macedonia","0","0","0","0","0","0","0","0","0","0"
"FRU - International Protection by Applicant","Granted","31/07/2026","Northern Mariana Islands (the)","0","0","0","0","0","0","0","0","0","0"
"FRU - International Protection by Applicant","Granted","31/07/2026","Oman","0","0","0","0","0","0","0","0","0","0"
"FRU - International Protection by Applicant","Granted","31/07/2026","Pakistan","*","13","10","20","24","19","15","13","9","0"
"FRU - International Protection by Applicant","Granted","31/07/2026","Palau","0","0","0","0","0","0","0","0","0","0"
"FRU - International Protection by Applicant","Granted","31/07/2026","Palestine, State of","*","7","9","9","22","6","*","18","18","*"
"FRU - International Protection by Applicant","Granted","31/07/2026","Panama","0","0","0","0","0","0","0","0","0","0"
"FRU - International Protection by Applicant","Granted","31/07/2026","Papua New Guinea","0","0","0","0","0","0","0","0","0","0"
"FRU - International Protection by Applicant","Granted","31/07/2026","Paraguay","0","0","0","0","0","0","0","0","0","0"
"FRU - International Protection by Applicant","Granted","31/07/2026","Peru","0","0","0","0","0","0","0","0","0","0"
"FRU - International Protection by Applicant","Granted","31/07/2026","Philippines (the)","0","0","0","0","0","0","0","0","0","0"
"FRU - International Protection by Applicant","Granted","31/07/2026","Pitcairn","0","0","0","0","0","0","0","0","0","0"
"FRU - International Protection by Applicant","Granted","31/07/2026","Puerto Rico","0","0","0","0","0","0","0","0","0","0"
"FRU - International Protection by Applicant","Granted","31/07/2026","Qatar","0","0","0","0","0","0","0","0","0","0"
"FRU - International Protection by Applicant","Granted","31/07/2026","Réunion","0","0","0","0","0","0","0","0","0","0"
"FRU - International Protection by Applicant","Granted","31/07/2026","Russian Federation (the)","*","0","0","0","*","0","0","*","*","10"
"FRU - International Protection by Applicant","Granted","31/07/2026","Rwanda","0","0","0","0","0","0","0","*","0","0"
"FRU - International Protection by Applicant","Granted","31/07/2026","Saint Barthélemy","0","0","0","0","0","0","0","0","0","0"
"FRU - International Protection by Applicant","Granted","31/07/2026","Saint Helena, Ascension and Tristan da Cunha","0","0","0","0","0","0","0","0","0","0"
"FRU - International Protection by Applicant","Granted","31/07/2026","Saint Kitts and Nevis","0","0","0","0","0","0","0","0","0","0"
"FRU - International Protection by Applicant","Granted","31/07/2026","Saint Lucia","0","0","0","0","0","0","0","0","0","0"
"FRU - International Protection by Applicant","Granted","31/07/2026","Saint Martin (French part)","0","0","0","0","0","0","0","0","0","0"
"FRU - International Protection by Applicant","Granted","31/07/2026","Saint Pierre and Miquelon","0","0","0","0","0","0","0","0","0","0"
"FRU - International Protection by Applicant","Granted","31/07/2026","Saint Vincent and the Grenadines","0","0","0","0","0","0","0","0","0","0"
"FRU - International Protection by Applicant","Granted","31/07/2026","Samoa","0","0","0","0","0","0","0","0","0","0"
"FRU - International Protection by Applicant","Granted","31/07/2026","San Marino","0","0","0","0","0","0","0","0","0","0"
"FRU - International Protection by Applicant","Granted","31/07/2026","Sao Tome and Principe","0","0","0","0","0","0","0","0","0","0"
"FRU - International Protection by Applicant","Granted","31/07/2026","Saudi Arabia","*","0","0","0","*","*","0","*","0","0"
"FRU - International Protection by Applicant","Granted","31/07/2026","Senegal","0","0","0","0","0","*","0","0","0","0"
"FRU - International Protection by Applicant","Granted","31/07/2026","Serbia","0","0","0","0","0","0","0","0","0","0"
"FRU - International Protection by Applicant","Granted","31/07/2026","Seychelles","0","0","0","0","0","0","0","0","0","0"
"FRU - International Protection by Applicant","Granted","31/07/2026","Sierra Leone","0","0","0","*","8","10","7","14","*","*"
"FRU - International Protection by Applicant","Granted","31/07/2026","Singapore","0","0","0","0","0","0","0","0","0","0"
"FRU - International Protection by Applicant","Granted","31/07/2026","Sint Maarten (Dutch part)","0","0","0","0","0","0","0","0","0","0"
"FRU - International Protection by Applicant","Granted","31/07/2026","Solomon Islands","0","0","0","0","0","0","0","0","0","0"
"FRU - International Protection by Applicant","Granted","31/07/2026","Somalia","0","*","17","18","33","117","138","348","177","109"
"FRU - International Protection by Applicant","Granted","31/07/2026","South Africa","0","*","*","*","6","*","6","11","8","*"
"FRU - International Protection by Applicant","Granted","31/07/2026","South Georgia and the South Sandwich Islands","0","0","0","0","0","0","0","0","0","0"
"FRU - International Protection by Applicant","Granted","31/07/2026","South Sudan","0","0","0","0","0","0","0","*","*","0"
"FRU - International Protection by Applicant","Granted","31/07/2026","Sri Lanka","0","0","*","0","0","*","0","0","0","0"
"FRU - International Protection by Applicant","Granted","31/07/2026","Sudan (the)","*","*","11","9","13","*","20","32","24","13"
"FRU - International Protection by Applicant","Granted","31/07/2026","Suriname","0","0","0","0","0","0","0","0","0","0"
"FRU - International Protection by Applicant","Granted","31/07/2026","Svalbard and Jan Mayen","0","0","0","0","0","0","0","0","0","0"
"FRU - International Protection by Applicant","Granted","31/07/2026","Switzerland","0","0","0","0","0","0","0","0","0","0"
"FRU - International Protection by Applicant","Granted","31/07/2026","Syrian Arab Republic (the)","*","69","90","15","26","23","19","23","10","*"
"FRU - International Protection by Applicant","Granted","31/07/2026","Taiwan (Province of China)","0","0","0","0","0","0","0","0","0","0"
"FRU - International Protection by Applicant","Granted","31/07/2026","Tajikistan","0","0","0","0","0","0","0","*","0","0"
"FRU - International Protection by Applicant","Granted","31/07/2026","Tanzania, the United Republic of","0","0","0","0","0","0","0","0","0","0"
"FRU - International Protection by Applicant","Granted","31/07/2026","Thailand","0","0","0","0","0","0","0","0","0","0"
"FRU - International Protection by Applicant","Granted","31/07/2026","Timor-Leste","0","0","0","0","0","0","0","0","0","0"
"FRU - International Protection by Applicant","Granted","31/07/2026","Togo","0","*","0","0","0","7","*","8","9","*"
"FRU - International Protection by Applicant","Granted","31/07/2026","Tokelau","0","0","0","0","0","0","0","0","0","0"
"FRU - International Protection by Applicant","Granted","31/07/2026","Tonga","0","0","0","0","0","0","0","0","0","0"
"FRU - International Protection by Applicant","Granted","31/07/2026","Trinidad and Tobago","0","0","0","0","0","0","0","0","0","0"
"FRU - International Protection by Applicant","Granted","31/07/2026","Tunisia","0","0","0","0","*","0","0","0","0","0"
"FRU - International Protection by Applicant","Granted","31/07/2026","Turkiye","0","0","0","0","0","0","0","*","*","0"
"FRU - International Protection by Applicant","Granted","31/07/2026","Turkmenistan","0","0","0","0","0","0","0","0","0","0"
"FRU - International Protection by Applicant","Granted","31/07/2026","Turks and Caicos Islands (the)","0","0","0","0","0","0","0","0","0","0"
"FRU - International Protection by Applicant","Granted","31/07/2026","Tuvalu","0","0","0","0","0","0","0","0","0","0"
"FRU - International Protection by Applicant","Granted","31/07/2026","Uganda","*","*","*","0","*","*","0","8","9","7"
"FRU - International Protection by Applicant","Granted","31/07/2026","Ukraine","0","0","0","0","*","0","0","0","*","0"
"FRU - International Protection by Applicant","Granted","31/07/2026","United Arab Emirates (the)","*","0","0","0","0","0","0","0","0","0"
"FRU - International Protection by Applicant","Granted","31/07/2026","United States Minor Outlying Islands (the)","0","0","0","0","0","0","0","0","0","0"
"FRU - International Protection by Applicant","Granted","31/07/2026","United States of America (the)","0","0","0","0","0","*","0","0","0","0"
"FRU - International Protection by Applicant","Granted","31/07/2026","Uruguay","0","0","0","0","0","0","0","0","0","0"
"FRU - International Protection by Applicant","Granted","31/07/2026","Uzbekistan","0","0","0","0","0","0","0","0","0","0"
"FRU - International Protection by Applicant","Granted","31/07/2026","Vanuatu","0","0","0","0","0","0","0","0","0","0"
"FRU - International Protection by Applicant","Granted","31/07/2026","Venezuela (Bolivarian Republic of)","0","*","*","*","*","*","0","*","0","0"
"FRU - International Protection by Applicant","Granted","31/07/2026","Viet Nam","0","0","0","0","0","*","*","*","0","0"
"FRU - International Protection by Applicant","Granted","31/07/2026","Virgin Islands (British)","0","0","0","0","0","0","0","0","0","0"
"FRU - International Protection by Applicant","Granted","31/07/2026","Virgin Islands (U.S.)","0","0","0","0","0","0","0","0","0","0"
"FRU - International Protection by Applicant","Granted","31/07/2026","Wallis and Futuna","0","0","0","0","0","0","0","0","0","0"
"FRU - International Protection by Applicant","Granted","31/07/2026","Western Sahara","0","0","0","0","0","0","0","0","0","0"
"FRU - International Protection by Applicant","Granted","31/07/2026","Yemen","0","0","0","*","*","*","*","6","0","0"
"FRU - International Protection by Applicant","Granted","31/07/2026","Zambia","0","0","0","0","0","0","0","*","0","0"
"FRU - International Protection by Applicant","Granted","31/07/2026","Zimbabwe","*","20","30","6","60","58","32","84","73","27"
"FRU - International Protection by Applicant","Granted","31/07/2026","*Other","0","0","0","0","*","*","*","*","*","0"
"FRU - International Protection by Applicant","Refused","31/07/2026","Afghanistan","*","9","0","0","10","9","0","*","41","48"
"FRU - International Protection by Applicant","Refused","31/07/2026","Åland Islands","0","0","0","0","0","0","0","0","0","0"
"FRU - International Protection by Applicant","Refused","31/07/2026","Albania","0","*","0","0","0","*","0","0","0","0"
"FRU - International Protection by Applicant","Refused","31/07/2026","Algeria","0","0","0","0","0","0","0","0","0","0"
"FRU - International Protection by Applicant","Refused","31/07/2026","American Samoa","0","0","0","0","0","0","0","0","0","0"
"FRU - International Protection by Applicant","Refused","31/07/2026","Andorra","0","0","0","0","0","0","0","0","0","0"
"FRU - International Protection by Applicant","Refused","31/07/2026","Angola","0","0","0","0","0","0","0","0","*","0"
"FRU - International Protection by Applicant","Refused","31/07/2026","Anguilla","0","0","0","0","0","0","0","0","0","0"
"FRU - International Protection by Applicant","Refused","31/07/2026","Antarctica","0","0","0","0","0","0","0","0","0","0"
"FRU - International Protection by Applicant","Refused","31/07/2026","Antigua and Barbuda","0","0","0","0","0","0","0","0","0","0"
"FRU - International Protection by Applicant","Refused","31/07/2026","Argentina","0","0","0","0","0","0","0","0","0","0"
"FRU - International Protection by Applicant","Refused","31/07/2026","Armenia","0","0","0","0","0","0","0","0","0","0"
"FRU - International Protection by Applicant","Refused","31/07/2026","Aruba","0","0","0","0","0","0","0","0","0","0"
"FRU - International Protection by Applicant","Refused","31/07/2026","Australia","0","0","0","0","0","0","0","0","0","0"
"FRU - International Protection by Applicant","Refused","31/07/2026","Azerbaijan","0","0","0","0","0","0","0","0","0","0"
"FRU - International Protection by Applicant","Refused","31/07/2026","Bahamas (the)","0","0","0","0","0","0","0","0","0","0"
"FRU - International Protection by Applicant","Refused","31/07/2026","Bahrain","0","0","0","0","0","0","0","0","0","0"
"FRU - International Protection by Applicant","Refused","31/07/2026","Bangladesh","0","*","0","0","0","0","0","0","0","0"
"FRU - International Protection by Applicant","Refused","31/07/2026","Barbados","0","0","0","0","0","0","0","0","0","0"
"FRU - International Protection by Applicant","Refused","31/07/2026","Belarus","0","0","0","0","0","0","0","0","0","0"
"FRU - International Protection by Applicant","Refused","31/07/2026","Belize","0","0","0","0","0","0","0","0","0","0"
"FRU - International Protection by Applicant","Refused","31/07/2026","Benin","0","0","0","0","0","0","0","0","0","0"
"FRU - International Protection by Applicant","Refused","31/07/2026","Bermuda","0","0","0","0","0","0","0","0","0","0"
"FRU - International Protection by Applicant","Refused","31/07/2026","Bhutan","0","0","0","0","0","0","0","0","0","0"
"FRU - International Protection by Applicant","Refused","31/07/2026","Bolivia (Plurinational State of)","0","0","0","0","0","0","0","0","0","0"
"FRU - International Protection by Applicant","Refused","31/07/2026","Bonaire, Sint Eustatius and Saba","0","0","0","0","0","0","0","0","0","0"
"FRU - International Protection by Applicant","Refused","31/07/2026","Bosnia and Herzegovina","0","0","0","0","0","0","0","0","0","0"
"FRU - International Protection by Applicant","Refused","31/07/2026","Botswana","0","0","0","0","0","0","0","0","0","6"
"FRU - International Protection by Applicant","Refused","31/07/2026","Bouvet Island","0","0","0","0","0","0","0","0","0","0"
"FRU - International Protection by Applicant","Refused","31/07/2026","Brazil","0","0","0","0","0","0","0","*","0","0"
"FRU - International Protection by Applicant","Refused","31/07/2026","Brunei Darussalam","0","0","0","0","0","0","0","0","0","0"
"FRU - International Protection by Applicant","Refused","31/07/2026","Burkina Faso","0","0","0","0","0","0","0","0","0","0"
"FRU - International Protection by Applicant","Refused","31/07/2026","Burundi","0","0","0","0","*","0","0","0","0","0"
"FRU - International Protection by Applicant","Refused","31/07/2026","Cabo Verde","0","0","0","0","0","0","0","0","0","0"
"FRU - International Protection by Applicant","Refused","31/07/2026","Cambodia","0","0","0","0","0","0","0","0","0","0"
"FRU - International Protection by Applicant","Refused","31/07/2026","Cameroon","0","6","0","0","0","16","0","*","*","*"
"FRU - International Protection by Applicant","Refused","31/07/2026","Canada","0","0","0","0","0","0","0","0","0","0"
"FRU - International Protection by Applicant","Refused","31/07/2026","Cayman Islands (the)","0","0","0","0","0","0","0","0","0","0"
"FRU - International Protection by Applicant","Refused","31/07/2026","Central African Republic (the)","0","0","0","0","0","0","0","0","0","0"
"FRU - International Protection by Applicant","Refused","31/07/2026","Ceuta","0","0","0","0","0","0","0","0","0","0"
"FRU - International Protection by Applicant","Refused","31/07/2026","Chad","0","0","0","0","0","0","0","0","0","0"
"FRU - International Protection by Applicant","Refused","31/07/2026","Chile","0","0","0","0","0","0","0","0","0","0"
"FRU - International Protection by Applicant","Refused","31/07/2026","China","0","0","0","0","0","0","0","0","0","0"
"FRU - International Protection by Applicant","Refused","31/07/2026","Christmas Island","0","0","0","0","0","0","0","0","0","0"
"FRU - International Protection by Applicant","Refused","31/07/2026","Cocos (Keeling) Islands (the)","0","0","0","0","0","0","0","0","0","0"
"FRU - International Protection by Applicant","Refused","31/07/2026","Colombia","0","0","0","0","0","0","0","0","0","0"
"FRU - International Protection by Applicant","Refused","31/07/2026","Comoros (the)","0","0","0","0","0","0","0","0","0","0"
"FRU - International Protection by Applicant","Refused","31/07/2026","Congo (the Democratic Republic of the)","0","*","12","0","*","27","*","*","6","*"
"FRU - International Protection by Applicant","Refused","31/07/2026","Congo (the)","0","0","0","0","0","*","0","0","0","0"
"FRU - International Protection by Applicant","Refused","31/07/2026","Cook Islands (the)","0","0","0","0","0","0","0","0","0","0"
"FRU - International Protection by Applicant","Refused","31/07/2026","Costa Rica","0","0","0","0","0","0","0","0","0","0"
"FRU - International Protection by Applicant","Refused","31/07/2026","Côte d'Ivoire","0","0","0","0","0","*","0","0","0","0"
"FRU - International Protection by Applicant","Refused","31/07/2026","Cuba","0","0","0","0","0","0","0","0","0","0"
"FRU - International Protection by Applicant","Refused","31/07/2026","Curaçao","0","0","0","0","0","0","0","0","0","0"
"FRU - International Protection by Applicant","Refused","31/07/2026","Djibouti","0","0","0","0","0","0","0","0","0","0"
"FRU - International Protection by Applicant","Refused","31/07/2026","Dominica","0","0","0","0","0","0","0","0","0","0"
"FRU - International Protection by Applicant","Refused","31/07/2026","Dominican Republic (the)","0","0","0","0","0","0","0","0","0","0"
"FRU - International Protection by Applicant","Refused","31/07/2026","Ecuador","0","0","0","0","0","0","0","0","0","0"
"FRU - International Protection by Applicant","Refused","31/07/2026","Egypt","0","*","0","0","0","0","0","0","*","0"
"FRU - International Protection by Applicant","Refused","31/07/2026","El Salvador","0","0","0","0","0","0","0","0","0","0"
"FRU - International Protection by Applicant","Refused","31/07/2026","Equatorial Guinea","0","0","0","0","0","0","0","0","0","0"
"FRU - International Protection by Applicant","Refused","31/07/2026","Eritrea","0","*","0","*","*","*","*","*","*","*"
"FRU - International Protection by Applicant","Refused","31/07/2026","Eswatini","0","0","0","0","0","0","0","0","0","0"
"FRU - International Protection by Applicant","Refused","31/07/2026","Ethiopia","0","*","0","0","0","0","0","15","*","0"
"FRU - International Protection by Applicant","Refused","31/07/2026","Falkland Islands (the) [Malvinas]","0","0","0","0","0","0","0","0","0","0"
"FRU - International Protection by Applicant","Refused","31/07/2026","Faroe Islands (the)","0","0","0","0","0","0","0","0","0","0"
"FRU - International Protection by Applicant","Refused","31/07/2026","Fiji","0","0","0","0","0","0","0","0","0","0"
"FRU - International Protection by Applicant","Refused","31/07/2026","French Guiana","0","0","0","0","0","0","0","0","0","0"
"FRU - International Protection by Applicant","Refused","31/07/2026","French Polynesia","0","0","0","0","0","0","0","0","0","0"
"FRU - International Protection by Applicant","Refused","31/07/2026","Gabon","0","0","0","0","0","0","0","0","0","0"
"FRU - International Protection by Applicant","Refused","31/07/2026","Gambia (the)","0","0","0","0","0","0","0","0","0","0"
"FRU - International Protection by Applicant","Refused","31/07/2026","Georgia","0","0","0","0","0","0","0","0","*","9"
"FRU - International Protection by Applicant","Refused","31/07/2026","Ghana","0","*","*","*","0","0","*","0","*","0"
"FRU - International Protection by Applicant","Refused","31/07/2026","Gibraltar","0","0","0","0","0","0","0","0","0","0"
"FRU - International Protection by Applicant","Refused","31/07/2026","Greenland","0","0","0","0","0","0","0","0","0","0"
"FRU - International Protection by Applicant","Refused","31/07/2026","Grenada","0","0","0","0","0","0","0","0","0","0"
"FRU - International Protection by Applicant","Refused","31/07/2026","Guadeloupe","0","0","0","0","0","0","0","0","0","0"
"FRU - International Protection by Applicant","Refused","31/07/2026","Guam","0","0","0","0","0","0","0","0","0","0"
"FRU - International Protection by Applicant","Refused","31/07/2026","Guatemala","0","0","0","0","0","0","0","0","0","0"
"FRU - International Protection by Applicant","Refused","31/07/2026","Guernsey","0","0","0","0","0","0","0","0","0","0"
"FRU - International Protection by Applicant","Refused","31/07/2026","Guinea","0","*","0","0","*","*","0","0","0","0"
"FRU - International Protection by Applicant","Refused","31/07/2026","Guinea-Bissau","0","0","0","0","0","0","0","0","0","0"
"FRU - International Protection by Applicant","Refused","31/07/2026","Guyana","0","0","0","0","0","0","0","0","0","0"
"FRU - International Protection by Applicant","Refused","31/07/2026","Haiti","0","0","0","0","0","0","0","0","0","0"
"FRU - International Protection by Applicant","Refused","31/07/2026","Heard Island and McDonald Islands","0","0","0","0","0","0","0","0","0","0"
"FRU - International Protection by Applicant","Refused","31/07/2026","Holy See (the)","0","0","0","0","0","0","0","0","0","0"
"FRU - International Protection by Applicant","Refused","31/07/2026","Honduras","0","0","0","0","0","0","0","0","0","0"
"FRU - International Protection by Applicant","Refused","31/07/2026","India","0","0","0","0","0","0","0","0","0","0"
"FRU - International Protection by Applicant","Refused","31/07/2026","Indonesia","0","0","0","0","0","0","0","0","0","0"
"FRU - International Protection by Applicant","Refused","31/07/2026","Iran (Islamic Republic of)","0","0","0","0","0","0","0","0","*","*"
"FRU - International Protection by Applicant","Refused","31/07/2026","Iraq","0","*","0","0","*","*","*","0","*","0"
"FRU - International Protection by Applicant","Refused","31/07/2026","Isle of Man","0","0","0","0","0","0","0","0","0","0"
"FRU - International Protection by Applicant","Refused","31/07/2026","Israel","0","0","0","0","0","0","0","0","0","0"
"FRU - International Protection by Applicant","Refused","31/07/2026","Jamaica","0","0","0","0","0","0","0","0","0","0"
"FRU - International Protection by Applicant","Refused","31/07/2026","Japan","0","0","0","0","0","0","0","0","0","0"
"FRU - International Protection by Applicant","Refused","31/07/2026","Jersey","0","0","0","0","0","0","0","0","0","0"
"FRU - International Protection by Applicant","Refused","31/07/2026","Jordan","0","0","0","0","0","0","0","0","0","0"
"FRU - International Protection by Applicant","Refused","31/07/2026","Kazakhstan","0","0","0","0","0","0","0","0","0","0"
"FRU - International Protection by Applicant","Refused","31/07/2026","Kenya","0","0","0","0","0","0","0","0","*","0"
"FRU - International Protection by Applicant","Refused","31/07/2026","Kiribati","0","0","0","0","0","0","0","0","0","0"
"FRU - International Protection by Applicant","Refused","31/07/2026","Korea (the Democratic People's Republic of) North Korea","0","0","0","0","0","0","0","0","0","0"
"FRU - International Protection by Applicant","Refused","31/07/2026","Korea (the Republic of) South Korea","0","0","0","0","0","0","0","0","0","0"
"FRU - International Protection by Applicant","Refused","31/07/2026","Kosovo","0","0","0","0","0","0","0","0","0","0"
"FRU - International Protection by Applicant","Refused","31/07/2026","Kuwait","0","*","0","0","0","0","0","0","0","0"
"FRU - International Protection by Applicant","Refused","31/07/2026","Kyrgyzstan","0","0","0","0","0","0","0","0","0","0"
"FRU - International Protection by Applicant","Refused","31/07/2026","Lao People's Democratic Republic (the)","0","0","0","0","0","0","0","0","0","0"
"FRU - International Protection by Applicant","Refused","31/07/2026","Lebanon","0","0","0","0","0","0","0","0","*","0"
"FRU - International Protection by Applicant","Refused","31/07/2026","Lesotho","0","0","0","0","0","0","0","0","*","0"
"FRU - International Protection by Applicant","Refused","31/07/2026","Liberia","0","0","0","0","0","0","0","0","0","0"
"FRU - International Protection by Applicant","Refused","31/07/2026","Libya","*","0","*","0","0","0","0","0","0","0"
"FRU - International Protection by Applicant","Refused","31/07/2026","Macao","0","0","0","0","0","0","0","0","0","0"
"FRU - International Protection by Applicant","Refused","31/07/2026","Madagascar","0","0","0","0","0","0","0","0","0","0"
"FRU - International Protection by Applicant","Refused","31/07/2026","Malawi","0","0","0","0","*","0","*","0","*","*"
"FRU - International Protection by Applicant","Refused","31/07/2026","Malaysia","0","0","0","0","0","0","0","0","*","0"
"FRU - International Protection by Applicant","Refused","31/07/2026","Maldives","0","0","0","0","0","0","0","0","0","0"
"FRU - International Protection by Applicant","Refused","31/07/2026","Mali","0","0","0","0","0","0","0","0","0","0"
"FRU - International Protection by Applicant","Refused","31/07/2026","Marshall Islands (the)","0","0","0","0","0","0","0","0","0","0"
"FRU - International Protection by Applicant","Refused","31/07/2026","Martinique","0","0","0","0","0","0","0","0","0","0"
"FRU - International Protection by Applicant","Refused","31/07/2026","Mauritania","0","0","0","0","0","0","0","0","0","0"
"FRU - International Protection by Applicant","Refused","31/07/2026","Mauritius","0","0","0","0","0","0","0","0","0","0"
"FRU - International Protection by Applicant","Refused","31/07/2026","Mayotte","0","0","0","0","0","0","0","0","0","0"
"FRU - International Protection by Applicant","Refused","31/07/2026","Melilla","0","0","0","0","0","0","0","0","0","0"
"FRU - International Protection by Applicant","Refused","31/07/2026","Mexico","0","0","0","0","0","0","0","0","0","0"
"FRU - International Protection by Applicant","Refused","31/07/2026","Micronesia (Federated States of)","0","0","0","0","0","0","0","0","0","0"
"FRU - International Protection by Applicant","Refused","31/07/2026","Moldova (the Republic of)","0","0","0","0","0","0","0","0","0","0"
"FRU - International Protection by Applicant","Refused","31/07/2026","Monaco","0","0","0","0","0","0","0","0","0","0"
"FRU - International Protection by Applicant","Refused","31/07/2026","Mongolia","0","0","0","0","0","0","0","0","0","0"
"FRU - International Protection by Applicant","Refused","31/07/2026","Montenegro","0","0","0","0","0","0","0","0","0","0"
"FRU - International Protection by Applicant","Refused","31/07/2026","Montserrat","0","0","0","0","0","0","0","0","0","0"
"FRU - International Protection by Applicant","Refused","31/07/2026","Morocco","0","0","0","0","0","0","0","0","0","0"
"FRU - International Protection by Applicant","Refused","31/07/2026","Mozambique","0","0","0","0","0","0","0","0","*","0"
"FRU - International Protection by Applicant","Refused","31/07/2026","Myanmar","0","0","0","0","0","0","0","0","0","0"
"FRU - International Protection by Applicant","Refused","31/07/2026","Namibia","0","0","0","0","0","0","0","0","0","0"
"FRU - International Protection by Applicant","Refused","31/07/2026","Nauru","0","0","0","0","0","0","0","0","0","0"
"FRU - International Protection by Applicant","Refused","31/07/2026","Nepal","0","0","0","0","0","0","0","0","0","0"
"FRU - International Protection by Applicant","Refused","31/07/2026","New Caledonia","0","0","0","0","0","0","0","0","0","0"
"FRU - International Protection by Applicant","Refused","31/07/2026","New Zealand","0","0","0","0","0","0","0","0","0","0"
"FRU - International Protection by Applicant","Refused","31/07/2026","Nicaragua","0","0","0","0","0","0","0","0","0","0"
"FRU - International Protection by Applicant","Refused","31/07/2026","Niger (the)","0","*","0","*","0","0","0","0","0","0"
"FRU - International Protection by Applicant","Refused","31/07/2026","Nigeria","0","*","*","0","0","*","0","6","6","8"
"FRU - International Protection by Applicant","Refused","31/07/2026","Niue","0","0","0","0","0","0","0","0","0","0"
"FRU - International Protection by Applicant","Refused","31/07/2026","Norfolk Island","0","0","0","0","0","0","0","0","0","0"
"FRU - International Protection by Applicant","Refused","31/07/2026","North Macedonia","0","0","0","0","0","0","0","0","0","0"
"FRU - International Protection by Applicant","Refused","31/07/2026","Northern Mariana Islands (the)","0","0","0","0","0","0","0","0","0","0"
"FRU - International Protection by Applicant","Refused","31/07/2026","Oman","0","0","0","0","0","0","0","0","0","0"
"FRU - International Protection by Applicant","Refused","31/07/2026","Pakistan","0","*","0","0","0","0","*","0","0","*"
"FRU - International Protection by Applicant","Refused","31/07/2026","Palau","0","0","0","0","0","0","0","0","0","0"
"FRU - International Protection by Applicant","Refused","31/07/2026","Palestine, State of","0","0","0","0","0","0","0","0","*","0"
"FRU - International Protection by Applicant","Refused","31/07/2026","Panama","0","0","0","0","0","0","0","0","0","0"
"FRU - International Protection by Applicant","Refused","31/07/2026","Papua New Guinea","0","0","0","0","0","0","0","0","0","0"
"FRU - International Protection by Applicant","Refused","31/07/2026","Paraguay","0","0","0","0","0","0","0","0","0","0"
"FRU - International Protection by Applicant","Refused","31/07/2026","Peru","0","0","0","0","0","0","0","0","0","0"
"FRU - International Protection by Applicant","Refused","31/07/2026","Philippines (the)","0","0","0","0","0","0","0","*","0","0"
"FRU - International Protection by Applicant","Refused","31/07/2026","Pitcairn","0","0","0","0","0","0","0","0","0","0"
"FRU - International Protection by Applicant","Refused","31/07/2026","Puerto Rico","0","0","0","0","0","0","0","0","0","0"
"FRU - International Protection by Applicant","Refused","31/07/2026","Qatar","0","0","0","0","0","0","0","0","0","0"
"FRU - International Protection by Applicant","Refused","31/07/2026","Réunion","0","0","0","0","0","0","0","0","0","0"
"FRU - International Protection by Applicant","Refused","31/07/2026","Russian Federation (the)","0","0","0","0","0","0","0","0","0","0"
"FRU - International Protection by Applicant","Refused","31/07/2026","Rwanda","0","0","0","0","0","0","0","0","0","0"
"FRU - International Protection by Applicant","Refused","31/07/2026","Saint Barthélemy","0","0","0","0","0","0","0","0","0","0"
"FRU - International Protection by Applicant","Refused","31/07/2026","Saint Helena, Ascension and Tristan da Cunha","0","0","0","0","0","0","0","0","0","0"
"FRU - International Protection by Applicant","Refused","31/07/2026","Saint Kitts and Nevis","0","0","0","0","0","0","0","0","0","0"
"FRU - International Protection by Applicant","Refused","31/07/2026","Saint Lucia","0","0","0","0","0","0","0","0","0","0"
"FRU - International Protection by Applicant","Refused","31/07/2026","Saint Martin (French part)","0","0","0","0","0","0","0","0","0","0"
"FRU - International Protection by Applicant","Refused","31/07/2026","Saint Pierre and Miquelon","0","0","0","0","0","0","0","0","0","0"
"FRU - International Protection by Applicant","Refused","31/07/2026","Saint Vincent and the Grenadines","0","0","0","0","0","0","0","0","0","0"
"FRU - International Protection by Applicant","Refused","31/07/2026","Samoa","0","0","0","0","0","0","0","0","0","0"
"FRU - International Protection by Applicant","Refused","31/07/2026","San Marino","0","0","0","0","0","0","0","0","0","0"
"FRU - International Protection by Applicant","Refused","31/07/2026","Sao Tome and Principe","0","0","0","0","0","0","0","0","0","0"
"FRU - International Protection by Applicant","Refused","31/07/2026","Saudi Arabia","0","0","0","0","0","0","0","0","*","0"
"FRU - International Protection by Applicant","Refused","31/07/2026","Senegal","0","0","0","0","0","0","0","0","0","6"
"FRU - International Protection by Applicant","Refused","31/07/2026","Serbia","0","0","0","0","0","0","0","0","0","0"
"FRU - International Protection by Applicant","Refused","31/07/2026","Seychelles","0","0","0","0","0","0","0","0","0","0"
"FRU - International Protection by Applicant","Refused","31/07/2026","Sierra Leone","0","0","0","0","0","*","0","*","*","0"
"FRU - International Protection by Applicant","Refused","31/07/2026","Singapore","0","0","0","0","0","0","0","0","0","0"
"FRU - International Protection by Applicant","Refused","31/07/2026","Sint Maarten (Dutch part)","0","0","0","0","0","0","0","0","0","0"
"FRU - International Protection by Applicant","Refused","31/07/2026","Solomon Islands","0","0","0","0","0","0","0","0","0","0"
"FRU - International Protection by Applicant","Refused","31/07/2026","Somalia","0","*","*","*","*","27","12","86","56","54"
"FRU - International Protection by Applicant","Refused","31/07/2026","South Africa","0","0","0","0","*","0","0","0","*","10"
"FRU - International Protection by Applicant","Refused","31/07/2026","South Georgia and the South Sandwich Islands","0","0","0","0","0","0","0","0","0","0"
"FRU - International Protection by Applicant","Refused","31/07/2026","South Sudan","0","0","0","0","0","0","0","*","0","0"
"FRU - International Protection by Applicant","Refused","31/07/2026","Sri Lanka","0","0","0","0","0","0","0","0","0","0"
"FRU - International Protection by Applicant","Refused","31/07/2026","Sudan (the)","0","*","0","0","*","*","0","0","*","*"
"FRU - International Protection by Applicant","Refused","31/07/2026","Suriname","0","0","0","0","0","0","0","0","0","0"
"FRU - International Protection by Applicant","Refused","31/07/2026","Svalbard and Jan Mayen","0","0","0","0","0","0","0","0","0","0"
"FRU - International Protection by Applicant","Refused","31/07/2026","Switzerland","0","0","0","0","0","0","0","0","0","0"
"FRU - International Protection by Applicant","Refused","31/07/2026","Syrian Arab Republic (the)","0","48","*","*","0","*","*","0","*","*"
"FRU - International Protection by Applicant","Refused","31/07/2026","Taiwan (Province of China)","0","0","0","0","0","0","0","0","0","0"
"FRU - International Protection by Applicant","Refused","31/07/2026","Tajikistan","0","0","0","0","0","0","0","0","0","0"
"FRU - International Protection by Applicant","Refused","31/07/2026","Tanzania, the United Republic of","0","0","0","0","0","0","0","0","0","0"
"FRU - International Protection by Applicant","Refused","31/07/2026","Thailand","0","0","0","0","0","0","0","0","0","0"
"FRU - International Protection by Applicant","Refused","31/07/2026","Timor-Leste","0","0","0","0","0","0","0","0","0","0"
"FRU - International Protection by Applicant","Refused","31/07/2026","Togo","0","0","0","0","0","0","0","0","0","0"
"FRU - International Protection by Applicant","Refused","31/07/2026","Tokelau","0","0","0","0","0","0","0","0","0","0"
"FRU - International Protection by Applicant","Refused","31/07/2026","Tonga","0","0","0","0","0","0","0","0","0","0"
"FRU - International Protection by Applicant","Refused","31/07/2026","Trinidad and Tobago","0","0","0","0","0","0","0","0","0","0"
"FRU - International Protection by Applicant","Refused","31/07/2026","Tunisia","0","0","0","0","0","0","0","0","0","0"
"FRU - International Protection by Applicant","Refused","31/07/2026","Turkiye","0","0","0","0","0","0","0","0","0","0"
"FRU - International Protection by Applicant","Refused","31/07/2026","Turkmenistan","0","0","0","0","0","0","0","0","0","0"
"FRU - International Protection by Applicant","Refused","31/07/2026","Turks and Caicos Islands (the)","0","0","0","0","0","0","0","0","0","0"
"FRU - International Protection by Applicant","Refused","31/07/2026","Tuvalu","0","0","0","0","0","0","0","0","0","0"
"FRU - International Protection by Applicant","Refused","31/07/2026","Uganda","0","0","0","0","*","0","0","0","0","*"
"FRU - International Protection by Applicant","Refused","31/07/2026","Ukraine","0","0","0","0","*","0","0","0","0","*"
"FRU - International Protection by Applicant","Refused","31/07/2026","United Arab Emirates (the)","0","0","0","0","0","0","0","0","0","0"
"FRU - International Protection by Applicant","Refused","31/07/2026","United States Minor Outlying Islands (the)","0","0","0","0","0","0","0","0","0","0"
"FRU - International Protection by Applicant","Refused","31/07/2026","United States of America (the)","0","0","0","0","0","0","0","0","0","0"
"FRU - International Protection by Applicant","Refused","31/07/2026","Uruguay","0","0","0","0","0","0","0","0","0","0"
"FRU - International Protection by Applicant","Refused","31/07/2026","Uzbekistan","0","0","0","0","0","0","0","*","0","0"
"FRU - International Protection by Applicant","Refused","31/07/2026","Vanuatu","0","0","0","0","0","0","0","0","0","0"
"FRU - International Protection by Applicant","Refused","31/07/2026","Venezuela (Bolivarian Republic of)","0","0","0","0","0","0","0","0","0","0"
"FRU - International Protection by Applicant","Refused","31/07/2026","Viet Nam","0","0","0","0","0","0","0","0","0","0"
"FRU - International Protection by Applicant","Refused","31/07/2026","Virgin Islands (British)","0","0","0","0","0","0","0","0","0","0"
"FRU - International Protection by Applicant","Refused","31/07/2026","Virgin Islands (U.S.)","0","0","0","0","0","0","0","0","0","0"
"FRU - International Protection by Applicant","Refused","31/07/2026","Wallis and Futuna","0","0","0","0","0","0","0","0","0","0"
"FRU - International Protection by Applicant","Refused","31/07/2026","Western Sahara","0","0","0","0","0","0","0","0","0","0"
"FRU - International Protection by Applicant","Refused","31/07/2026","Yemen","0","0","0","0","0","0","0","0","0","*"
"FRU - International Protection by Applicant","Refused","31/07/2026","Zambia","0","0","0","0","*","0","0","0","0","*"
"FRU - International Protection by Applicant","Refused","31/07/2026","Zimbabwe","0","*","*","*","7","10","*","*","12","6"
"FRU - International Protection by Applicant","Refused","31/07/2026","*Other","0","0","*","0","0","*","*","11","*","0"
